01100100001000000000000000000001
01100100010000000000000000000000
11001000001111010000000000000000
11001000010111011111111111111111
11001011111111011111111111111110
01100111101111011111111111111101
11110011111000000010000100001011
01100111101111010000000000000011
11000011111111011111111111111110
01110100000000000000000000000000
01111100000000000000000000000000
11000000010111011111111111111111
11001000001111011111111111111110
11001100000111011111111111111101
10000000001000100000000000000000
11001011111111011111111111111100
01100111101111011111111111111011
11110011111000000010000100011010
01100111101111010000000000000101
11000011111111011111111111111100
01100100010000000000000000111100
10000000011111100000000000000000
01100111110111100000000000001011
11001000001000110000000000001010
11001000001000110000000000001001
11001000001000110000000000001000
11001000001000110000000000000111
11000000100111011111111111111111
11001000100000110000000000000110
11001000001000110000000000000101
11001000001000110000000000000100
11001000100000110000000000000011
11001000100000110000000000000010
11001000100000110000000000000001
11001000100000110000000000000000
10000000001000110000000000000000
11001000010111011111111111111100
10000011100000100000000000000000
10000000010000010000000000000000
10000000001111000000000000000000
11001011111111011111111111111011
01100111101111011111111111111010
11110011111000000010000100001011
01100111101111010000000000000110
11000011111111011111111111111011
01100100010000000000000000000011
11000100000111011111111111111101
11001000001111011111111111111011
11001000010111011111111111111010
10000000001000100000000000000000
11001011111111011111111111111001
01100111101111011111111111111000
11110011111000000010000100011010
01100111101111010000000000001000
11000011111111011111111111111001
11000100000111011111111111111101
11000000010111011111111111111010
11001000001111011111111111111001
10000000001000100000000000000000
11001011111111011111111111111000
01100111101111011111111111110111
11110011111000000010000100011010
01100111101111010000000000001001
11000011111111011111111111111000
11000100000111011111111111111101
11000000010111011111111111111010
11001000001111011111111111111000
10000000001000100000000000000000
11001011111111011111111111110111
01100111101111011111111111110110
11110011111000000010000100011010
01100111101111010000000000001010
11000011111111011111111111110111
01110100000111110000000000000000
01111100000000000000001000011011
11000000010111010000000000000000
11001000001111011111111111110111
10000000001000100000000000000000
11001011111111011111111111110110
01100111101111011111111111110101
11110011111000000010000100011010
01100111101111010000000000001011
11000011111111011111111111110110
01100100010000000000000000110010
01100100011000001111111111111111
11000000100111010000000000000000
11001000001111011111111111110110
11001000010111011111111111110101
10000000010000110000000000000000
10000000001001000000000000000000
11001011111111011111111111110100
01100111101111011111111111110011
11110011111000000010000100001011
01100111101111010000000000001101
11000011111111011111111111110100
10000000010000010000000000000000
11000000001111011111111111110101
11001011111111011111111111110100
01100111101111011111111111110011
11110011111000000010000100001011
01100111101111010000000000001101
11000011111111011111111111110100
11000000010000010000000000000000
11000000011111010000000000000000
11001000001111011111111111110100
10000000001000110000000000000000
11001011111111011111111111110011
01100111101111011111111111110010
11110011111000000010000100001011
01100111101111010000000000001110
11000011111111011111111111110011
10000000010000010000000000000000
11000000001111010000000000000000
11001011111111011111111111110011
01100111101111011111111111110010
11110011111000000010000100001011
01100111101111010000000000001110
11000011111111011111111111110011
11000100000111011111111111111101
11000000010111010000000000000000
11001000001111011111111111110011
10000000001000100000000000000000
11001011111111011111111111110010
01100111101111011111111111110001
11110011111000000010000100011010
01100111101111010000000000001111
11000011111111011111111111110010
11000000010111010000000000000000
11000000011111011111111111111111
11001000001111011111111111110010
10000000001000100000000000000000
10000000010000110000000000000000
11001011111111011111111111110001
01100111101111011111111111110000
11110011111000000010000100001011
01100111101111010000000000010000
11000011111111011111111111110001
01110100000011100110101100101000
01111100000000000000001001110011
11000000010111010000000000000000
11001000001111011111111111110001
10000000001000100000000000000000
11001011111111011111111111110000
01100111101111011111111111101111
11110011111000000010000100011010
01100111101111010000000000010001
11000011111111011111111111110000
11000100000111011111111111111101
11000000010111011111111111111010
11001000001111011111111111110000
10000000001000100000000000000000
11001011111111011111111111101111
01100111101111011111111111101110
11110011111000000010000100011010
01100111101111010000000000010010
11000011111111011111111111101111
11000000010111010000000000000000
11000000011111011111111111111111
11001000001111011111111111101111
10000000001000100000000000000000
10000000010000110000000000000000
11001011111111011111111111101110
01100111101111011111111111101101
11110011111000000010000100001011
01100111101111010000000000010011
11000011111111011111111111101110
11000100000111011111111111111101
11000000010111011111111111111010
11001000001111011111111111101110
10000000001000100000000000000000
11001011111111011111111111101101
01100111101111011111111111101100
11110011111000000010000100011010
01100111101111010000000000010100
11000011111111011111111111101101
11000100000111011111111111111101
11000000010111011111111111111010
11001000001111011111111111101101
10000000001000100000000000000000
11001011111111011111111111101100
01100111101111011111111111101011
11110011111000000010000100011010
01100111101111010000000000010101
11000011111111011111111111101100
11000100000111011111111111111101
11000000010111011111111111111010
11001000001111011111111111101100
10000000001000100000000000000000
11001011111111011111111111101011
01100111101111011111111111101010
11110011111000000010000100011010
01100111101111010000000000010110
11000011111111011111111111101011
11000100000111011111111111111101
11000000010111011111111111111010
11001000001111011111111111101011
10000000001000100000000000000000
11001011111111011111111111101010
01100111101111011111111111101001
11110011111000000010000100011010
01100111101111010000000000010111
11000011111111011111111111101010
01100100010000000000000000000010
11000000011111011111111111111111
11001000001111011111111111101010
11001000010111011111111111101001
10000000001000100000000000000000
10000000010000110000000000000000
11001011111111011111111111101000
01100111101111011111111111100111
11110011111000000010000100001011
01100111101111010000000000011001
11000011111111011111111111101000
11000000010111011111111111101001
11000000011111011111111111111111
11001000001111011111111111101000
10000000001000100000000000000000
10000000010000110000000000000000
11001011111111011111111111100111
01100111101111011111111111100110
11110011111000000010000100001011
01100111101111010000000000011010
11000011111111011111111111100111
11000100000111011111111111111101
11000000010111010000000000000000
11001000001111011111111111100111
10000000001000100000000000000000
11001011111111011111111111100110
01100111101111011111111111100101
11110011111000000010000100011010
01100111101111010000000000011011
11000011111111011111111111100110
11000100000111011111111111111101
11000000010111011111111111111010
11001000001111011111111111100110
10000000001000100000000000000000
11001011111111011111111111100101
01100111101111011111111111100100
11110011111000000010000100011010
01100111101111010000000000011100
11000011111111011111111111100101
11000100000111011111111111111101
11000000010111011111111111111010
11001000001111011111111111100101
10000000001000100000000000000000
11001011111111011111111111100100
01100111101111011111111111100011
11110011111000000010000100011010
01100111101111010000000000011101
11000011111111011111111111100100
11000100000111011111111111111101
11000000010111011111111111111010
11001000001111011111111111100100
10000000001000100000000000000000
11001011111111011111111111100011
01100111101111011111111111100010
11110011111000000010000100011010
01100111101111010000000000011110
11000011111111011111111111100011
11000100000111011111111111111101
11000000010111011111111111111010
11001000001111011111111111100011
10000000001000100000000000000000
11001011111111011111111111100010
01100111101111011111111111100001
11110011111000000010000100011010
01100111101111010000000000011111
11000011111111011111111111100010
11000100000111011111111111111101
11000000010111011111111111111010
11001000001111011111111111100010
10000000001000100000000000000000
11001011111111011111111111100001
01100111101111011111111111100000
11110011111000000010000100011010
01100111101111010000000000100000
11000011111111011111111111100001
11000100000111011111111111111101
11000000010111011111111111111010
11001000001111011111111111100001
10000000001000100000000000000000
11001011111111011111111111100000
01100111101111011111111111011111
11110011111000000010000100011010
01100111101111010000000000100001
11000011111111011111111111100000
11000100000111011111111111111101
11000000010111011111111111111111
11001000001111011111111111100000
10000000001000100000000000000000
11001011111111011111111111011111
01100111101111011111111111011110
11110011111000000010000100011010
01100111101111010000000000100010
11000011111111011111111111011111
10000000010000010000000000000000
11000000001111011111111111111111
11001000010111011111111111011111
11001011111111011111111111011110
01100111101111011111111111011101
11110011111000000010000100001011
01100111101111010000000000100011
11000011111111011111111111011110
10000000010111100000000000000000
01100111110111100000000000000010
11001000001000100000000000000001
11000000001111011111111111011111
11001000001000100000000000000000
11000000001111011111111111111111
11001011111111011111111111011110
01100111101111011111111111011101
11110011111000000010000100001011
01100111101111010000000000100011
11000011111111011111111111011110
10000000010000010000000000000000
01100100001000000000000000000101
11001011111111011111111111011110
01100111101111011111111111011101
11110011111000000010000100001011
01100111101111010000000000100011
11000011111111011111111111011110
11000100000111011111111111111101
11000000010111011111111111111111
11001000001111011111111111011110
10000000001000100000000000000000
11001011111111011111111111011101
01100111101111011111111111011100
11110011111000000010000100011010
01100111101111010000000000100100
11000011111111011111111111011101
11000100000111011111111111111101
11000000010111011111111111111010
11001000001111011111111111011101
10000000001000100000000000000000
11001011111111011111111111011100
01100111101111011111111111011011
11110011111000000010000100011010
01100111101111010000000000100101
11000011111111011111111111011100
11000000010111011111111111111100
11000000011111011111111111011101
11001000001111011111111111011100
10000000001000100000000000000000
10000000010000110000000000000000
11001011111111011111111111011011
01100111101111011111111111011010
11110011111000000010000100001011
01100111101111010000000000100110
11000011111111011111111111011011
10000000010111100000000000000000
01100111110111100000000000000010
11001000001000100000000000000001
11000000001111011111111111011100
11001000001000100000000000000000
10000000001000100000000000000000
11000100000111011111111111111101
11000000010111011111111111111111
11001000001111011111111111011011
10000000001000100000000000000000
11001011111111011111111111011010
01100111101111011111111111011001
11110011111000000010000100011010
01100111101111010000000000100111
11000011111111011111111111011010
10000000010000010000000000000000
11000000001111011111111111111111
11001000010111011111111111011010
11001011111111011111111111011001
01100111101111011111111111011000
11110011111000000010000100001011
01100111101111010000000000101000
11000011111111011111111111011001
10000000010111100000000000000000
01100111110111100000000000000010
11001000001000100000000000000001
11000000001111011111111111011010
11001000001000100000000000000000
10000000001000100000000000000000
01100100010000000000000010110100
10000000011111100000000000000000
01100111110111100000000000000011
11000100000111011111111111111101
11001100000000110000000000000010
11001000001000110000000000000001
11000000001111011111111111111111
11001000001000110000000000000000
10000000001000100000000000000000
10000000010000110000000000000000
11001011111111011111111111011001
01100111101111011111111111011000
11110011111000000010000100001011
01100111101111010000000000101000
11000011111111011111111111011001
11000000010111010000000000000000
11000000011111011111111111111111
11001000001111011111111111011001
10000000001000100000000000000000
10000000010000110000000000000000
11001011111111011111111111011000
01100111101111011111111111010111
11110011111000000010000100001011
01100111101111010000000000101001
11000011111111011111111111011000
10000000010111100000000000000000
01100111110111100000000000000110
01110000011000000000010110100000
01111000011000000000011111111111
11001000011000100000000000000000
11000000011111011111111111111000
11001000011000100000000000000101
11000000100111011111111111100001
11001000100000100000000000000100
11000000101111011111111111100010
11001000101000100000000000000011
11000000110111011111111111100011
11001000110000100000000000000010
11000000111111011111111111111001
11001000111000100000000000000001
10000000111111100000000000000000
01100111110111100000000000000011
01110001000000000000011000001011
01111001000000000000011111111111
11001001000001110000000000000000
11000001000111011111111111110111
11001001000001110000000000000010
11000001001111011111111111110110
11001001001001110000000000000001
10000001010111100000000000000000
01100111110111100000000000000010
01110001011000000000011011010110
01111001011000000000011111111111
11001001011010100000000000000000
11000001011111011111111111111011
11001001011010100000000000000001
10000001100111100000000000000000
01100111110111100000000000000011
01110001101000000000011111011011
01111001101000000000011111111111
11001001101011000000000000000000
11001001010011000000000000000010
11000001010111011111111111111110
11001001010011000000000000000001
10000001101111100000000000000000
01100111110111100000000000000010
01110001110000000000011111110101
01111001110000000000011111111111
11001001110011010000000000000000
11001001100011010000000000000001
10000001100111100000000000000000
01100111110111100000000000000010
01110001110000000000100000101001
01111001110000000000011111111111
11001001110011000000000000000000
11000001110111011111111111110100
11001001110011000000000000000001
10000001111111100000000000000000
01100111110111100000000000000110
01110010000000000000100000111111
01111010000000000000011111111111
11001010000011110000000000000000
11001000010011110000000000000101
11001000111011110000000000000100
11001001100011110000000000000011
11001001101011110000000000000010
11000000010111011111111111110011
11001000010011110000000000000001
10000000111111100000000000000000
01100111110111100000000000000010
01110001100000000000100001101111
01111001100000000000011111111111
11001001100001110000000000000000
11000001100111011111111111110010
11001001100001110000000000000001
10000001101111100000000000000000
01100111110111100000000000000010
01110010000000000000100011000011
01111010000000000000011111111111
11001010000011010000000000000000
11001000111011010000000000000001
10000000111111100000000000000000
01100111110111100000000000000010
01110010000000000000100100000000
01111010000000000000011111111111
11001010000001110000000000000000
11001001100001110000000000000001
10000010000111100000000000000000
01100111110111100000000000000010
01110010001000000000101000000010
01111010001000000000011111111111
11001010001100000000000000000000
11001001100100000000000000000001
10000010001111100000000000000000
01100111110111100000000000000101
01110010010000000000101001101100
01111010010000000000011111111111
11001010010100010000000000000000
11001000111100010000000000000100
11001010000100010000000000000011
11001001101100010000000000000010
11001001011100010000000000000001
10000000111111100000000000000000
01100111110111100000000000000010
01110001101000000000101011000001
01111001101000000000011111111111
11001001101001110000000000000000
11001001100001110000000000000001
10000001101111100000000000000000
01100111110111100000000000000010
01110010000000000000101101110001
01111010000000000000011111111111
11001010000011010000000000000000
11001001100011010000000000000001
10000010000111100000000000000000
01100111110111100000000000000010
01110010010000000000101110000101
01111010010000000000011111111111
11001010010100000000000000000000
11001001100100000000000000000001
10000010010111100000000000000000
01100111110111100000000000000101
01110010011000000000101111011011
01111010011000000000011111111111
11001010011100100000000000000000
11001001101100100000000000000100
11001010000100100000000000000011
11001000111100100000000000000010
11001001011100100000000000000001
10000001101111100000000000000000
01100111110111100000000000000010
01110010000000000000110001000011
01111010000000000000011111111111
11001010000011010000000000000000
11001001100011010000000000000001
10000010000111100000000000000000
01100111110111100000000000000010
01110010011000000000110001010001
01111010011000000000011111111111
11001010011100000000000000000000
11001001100100000000000000000001
10000010011111100000000000000000
01100111110111100000000000000101
01110010100000000000110010001011
01111010100000000000011111111111
11001010100100110000000000000000
11001001101100110000000000000100
11001010000100110000000000000011
11001000111100110000000000000010
11001001011100110000000000000001
10000000111111100000000000000000
01100111110111100000000000000010
01110001101000000000111010100110
01111001101000000000011111111111
11001001101001110000000000000000
11001001011001110000000000000001
10000001101111100000000000000000
01100111110111100000000000000011
01110010000000000000111011101101
01111010000000000000011111111111
11001010000011010000000000000000
11001001010011010000000000000010
11001000111011010000000000000001
10000000111111100000000000000000
01100111110111100000000000000010
01110010000000000000111011110011
01111010000000000000011111111111
11001010000001110000000000000000
11001001011001110000000000000001
10000010000111100000000000000000
01100111110111100000000000000100
01110010100000000000111101101011
01111010100000000000011111111111
11001010100100000000000000000000
11000010100111011111111111100100
11001010100100000000000000000011
11001000111100000000000000000010
11001001010100000000000000000001
10000000111111100000000000000000
01100111110111100000000000000010
01110010101000000001000001000101
01111010101000000000011111111111
11001010101001110000000000000000
11001001011001110000000000000001
10000010101111100000000000000000
01100111110111100000000000001000
01110010110000000001000001100101
01111010110000000000011111111111
11001010110101010000000000000000
11001010010101010000000000000111
11001001100101010000000000000110
11001001011101010000000000000101
11000010110111011111111111011011
11001010110101010000000000000100
11001001000101010000000000000011
11000010111111011111111111101111
11001010111101010000000000000010
11001000111101010000000000000001
10000011000111100000000000000000
01100111110111100000000000000011
01110011001000000001000011010001
01111011001000000000011111111111
11001011001110000000000000000000
11001010101110000000000000000010
11001001110110000000000000000001
10000010101111100000000000000000
01100111110111100000000000000110
01110011001000000001000011110001
01111011001000000000011111111111
11001011001101010000000000000000
11001010010101010000000000000101
11001001100101010000000000000100
11001011000101010000000000000011
11001010110101010000000000000010
11001010111101010000000000000001
10000010010111100000000000000000
01100111110111100000000000001010
01110011000000000001000101001010
01111011000000000000011111111111
11001011000100100000000000000000
11000011000111011111111111110000
11001011000100100000000000001001
11000011001111011111111111100101
11001011001100100000000000001000
11001001100100100000000000000111
11001010001100100000000000000110
11001001011100100000000000000101
11000011010111011111111111110001
11001011010100100000000000000100
11001010111100100000000000000011
11000011011111011111111111101110
11001011011100100000000000000010
11001000111100100000000000000001
10000011100111100000000000000000
01100111110111100000000000000011
01110010110000000001000111001101
01111010110000000000011111111111
11001010110111000000000000000000
11001010010111000000000000000010
11001001110111000000000000000001
10000010010111100000000000000000
01100111110111100000000000000110
01110010110000000001000111101001
01111010110000000000011111111111
11001010110100100000000000000000
11001011000100100000000000000101
11001011001100100000000000000100
11001001100100100000000000000011
11001010001100100000000000000010
11001011100100100000000000000001
10000010001111100000000000000000
01100111110111100000000000000100
01110010110000000001001000101110
01111010110000000000011111111111
11001010110100010000000000000000
11001010010100010000000000000011
11001011000100010000000000000010
11001000010100010000000000000001
10000010010111100000000000000000
01100111110111100000000000001010
01110010110000000001001001010000
01111010110000000000011111111111
11001010110100100000000000000000
11001011000100100000000000001001
11001010100100100000000000001000
11001010011100100000000000000111
11001001100100100000000000000110
11001001011100100000000000000101
11001011010100100000000000000100
11001010111100100000000000000011
11001011011100100000000000000010
11001000111100100000000000000001
10000000111111100000000000000000
01100111110111100000000000000011
01110010100000000001001011011100
01111010100000000000011111111111
11001010100001110000000000000000
11001010010001110000000000000010
11001001110001110000000000000001
10000001110111100000000000000000
01100111110111100000000000000101
01110010010000000001001011111000
01111010010000000000011111111111
11001010010011100000000000000000
11001011000011100000000000000100
11001010011011100000000000000011
11001001100011100000000000000010
11001000111011100000000000000001
10000000111111100000000000000000
01100111110111100000000000000100
01110001100000000001001100111011
01111001100000000000011111111111
11001001100001110000000000000000
11001001110001110000000000000011
11001011000001110000000000000010
11001000010001110000000000000001
10000001100111100000000000000000
01100111110111100000000000000011
01110001110000000001001101011101
01111001110000000000011111111111
11001001110011000000000000000000
11000001110111011111111111101101
11001001110011000000000000000010
11001011010011000000000000000001
10000010010111100000000000000000
01100111110111100000000000000010
01110010011000000001001101111000
01111010011000000000011111111111
11001010011100100000000000000000
11001001110100100000000000000001
10000010011111100000000000000000
01100111110111100000000000000011
01110010100000000001001110011000
01111010100000000000011111111111
11001010100100110000000000000000
11001001110100110000000000000010
11001010111100110000000000000001
10000010100111100000000000000000
01100111110111100000000000000100
01110010110000000001010001000101
01111010110000000000011111111111
11001010110101000000000000000000
11001010011101000000000000000011
11001001100101000000000000000010
11001010010101000000000000000001
10000001100111100000000000000000
01100111110111100000000000000010
01110010010000000001010001100010
01111010010000000000011111111111
11001010010011000000000000000000
11000010010111011111111111101100
11001010010011000000000000000001
10000010011111100000000000000000
01100111110111100000000000000011
01110010110000000001010111010000
01111010110000000000011111111111
11001010110100110000000000000000
11001010010100110000000000000010
11000010110111011111111111101010
11001010110100110000000000000001
10000011100111100000000000000000
01100111110111100000000000001001
11001001111111011111111111011000
01110001111000000001010111110010
01111001111000000000011111111111
11001001111111000000000000000000
11001010101111000000000000001000
11000001111111011111111111011001
11001001111111000000000000000111
11001000010111000000000000000110
11001001110111000000000000000101
11001000111111000000000000000100
11001011010111000000000000000011
11001011011111000000000000000010
11001010011111000000000000000001
10000001111111100000000000000000
01100111110111100000000000010101
11001001101111011111111111010111
01110001101000000001011001110101
01111001101000000000011111111111
11001001101011110000000000000000
11001001100011110000000000010100
11001011100011110000000000010011
11001011000011110000000000010010
11001010010011110000000000010001
11001011001011110000000000010000
11001010101011110000000000001111
11001010000011110000000000001110
11001010110011110000000000001101
11001000010011110000000000001100
11001001011011110000000000001011
11001001110011110000000000001010
11001000001011110000000000001001
11001001000011110000000000001000
11001010001011110000000000000111
11001011010011110000000000000110
11001010111011110000000000000101
11001011011011110000000000000100
11001010100011110000000000000011
11001001001011110000000000000010
11001010011011110000000000000001
10000001001111100000000000000000
01100111110111100000000000001101
01110001101000000001011111110010
01111001101000000000011111111111
11001001101010010000000000000000
11001001100010010000000000001100
11001010010010010000000000001011
11001010101010010000000000001010
11001000010010010000000000001001
11001001011010010000000000001000
11001001110010010000000000000111
11001001000010010000000000000110
11001000111010010000000000000101
11001010111010010000000000000100
11001011011010010000000000000011
11001010100010010000000000000010
11000000010111011111111111101011
11001000010010010000000000000001
10000000111111100000000000000000
01100111110111100000000000000010
01110001100000000001100001011100
01111001100000000000011111111111
11001001100001110000000000000000
11001001001001110000000000000001
10000001001111100000000000000000
01100111110111100000000000000011
01110001100000000001100010011100
01111001100000000000011111111111
11001001100010010000000000000000
11001010000010010000000000000010
11001000111010010000000000000001
10000000111111100000000000000000
01100111110111100000000000000011
01110001100000000001100010110001
01111001100000000000011111111111
11001001100001110000000000000000
11001001001001110000000000000010
11000001100111011111111111011110
11001001100001110000000000000001
10000001101111100000000000000000
01100111110111100000000000000100
01110001110000000001100100000101
01111001110000000000011111111111
11001001110011010000000000000000
11001000111011010000000000000011
11001010110011010000000000000010
11001000010011010000000000000001
10000000111111100000000000000000
01100111110111100000000000000011
01110001110000000001100101010000
01111001110000000000011111111111
11001001110001110000000000000000
11001010110001110000000000000010
11001000010001110000000000000001
10000001110111100000000000000000
01100111110111100000000000000010
01110010000000000001100111001010
01111010000000000000011111111111
11001010000011100000000000000000
11001001101011100000000000000001
10000001101111100000000000000000
01100111110111100000000000000010
01110010000000000001100111110110
01111010000000000000011111111111
11001010000011010000000000000000
11000010000111011111111111101000
11001010000011010000000000000001
10000010001111100000000000000000
01100111110111100000000000000011
01110010010000000001101001100011
01111010010000000000011111111111
11001010010100010000000000000000
11001001110100010000000000000010
11001000111100010000000000000001
10000000111111100000000000000000
01100111110111100000000000000010
01110010010000000001101010110110
01111010010000000000011111111111
11001010010001110000000000000000
11001010000001110000000000000001
10000010010111100000000000000000
01100111110111100000000000000010
01110010011000000001101011100010
01111010011000000000011111111111
11001010011100100000000000000000
11001010110100100000000000000001
10000010011111100000000000000000
01100111110111100000000000000100
01110010100000000001101100011001
01111010100000000000011111111111
11001010100100110000000000000000
11001001001100110000000000000011
11001001100100110000000000000010
11001000010100110000000000000001
10000000010111100000000000000000
01100111110111100000000000001010
01110001001000000001101101111011
01111001001000000000011111111111
11001001001000100000000000000000
11001000011000100000000000001001
11001001111000100000000000001000
11001011001000100000000000000111
11001000110000100000000000000110
11000000011111011111111111100110
11001000011000100000000000000101
11001010110000100000000000000100
11000000110111011111111111100000
11001000110000100000000000000011
11001010011000100000000000000010
11000000110111011111111111100111
11001000110000100000000000000001
10000001001111100000000000000000
01100111110111100000000000000111
01110001111000000001110000001010
01111001111000000000011111111111
11001001111010010000000000000000
11001000100010010000000000000110
11001000101010010000000000000101
11001000011010010000000000000100
11001000010010010000000000000011
11001010000010010000000000000010
11001000110010010000000000000001
10000000010111100000000000000000
01100111110111100000000000000111
01110000100000000001110000101010
01111000100000000000011111111111
11001000100000100000000000000000
11001010010000100000000000000110
11001010001000100000000000000101
11001010110000100000000000000100
11001001101000100000000000000011
11001010000000100000000000000010
11001001110000100000000000000001
10000000100111100000000000000000
01100111110111100000000000000100
01110000101000000001110010001011
01111000101000000000011111111111
11001000101001000000000000000000
11001000010001000000000000000011
11001001001001000000000000000010
11001010000001000000000000000001
10000000010111100000000000000000
01100111110111100000000000000010
01110000101000000001110101100101
01111000101000000000011111111111
11001000101000100000000000000000
11001010000000100000000000000001
10000000101111100000000000000000
01100111110111100000000000000010
01110001101000000001110110100100
01111001101000000000011111111111
11001001101001010000000000000000
11001001100001010000000000000001
10000001101111100000000000000000
01100111110111100000000000000010
01110001110000000001111001000110
01111001110000000000011111111111
11001001110011010000000000000000
11001000101011010000000000000001
10000000101111100000000000000000
01100111110111100000000000000010
01110001110000000001111010001110
01111001110000000000011111111111
11001001110001010000000000000000
11001001101001010000000000000001
10000001101111100000000000000000
01100111110111100000000000000010
01110001110000000001111010111000
01111001110000000000011111111111
11001001110011010000000000000000
11001001010011010000000000000001
10000001110111100000000000000000
01100111110111100000000000000010
01110001111000000001111011010011
01111001111000000000011111111111
11001001111011100000000000000000
11001001101011100000000000000001
10000001111111100000000000000000
01100111110111100000000000000100
01110010001000000001111011101001
01111010001000000000011111111111
11001010001011110000000000000000
11001001100011110000000000000011
11001001110011110000000000000010
11001001101011110000000000000001
10000001110111100000000000000000
01100111110111100000000000000010
01110010001000000001111100010101
01111010001000000000011111111111
11001010001011100000000000000000
11000010001111011111111111010111
11001010001011100000000000000001
10000010010111100000000000000000
01100111110111100000000000000011
01110010011000000001111100101011
01111010011000000000011111111111
11001010011100100000000000000000
11001001110100100000000000000010
11001001100100100000000000000001
10000001100111100000000000000000
01100111110111100000000000000100
01110001110000000001111101000010
01111001110000000000011111111111
11001001110011000000000000000000
11001010010011000000000000000011
11001001111011000000000000000010
11001000101011000000000000000001
10000000101111100000000000000000
01100111110111100000000000000100
01110001110000000001111101011111
01111001110000000000011111111111
11001001110001010000000000000000
11001010001001010000000000000011
11000001110111011111111111011001
11001001110001010000000000000010
11001001101001010000000000000001
10000001101111100000000000000000
01100111110111100000000000000100
01110001110000000001111110010010
01111001110000000000011111111111
11001001110011010000000000000000
11001000001011010000000000000011
11001001000011010000000000000010
11001000101011010000000000000001
10000001110111100000000000000000
01100111110111100000000000000100
01110001111000000001111111101101
01111001111000000000011111111111
11001001111011100000000000000000
11001000001011100000000000000011
11001001000011100000000000000010
11001000101011100000000000000001
10000000001111100000000000000000
01100111110111100000000000000100
01110000101000000010000001010000
01111000101000000000011111111111
11001000101000010000000000000000
11001001110000010000000000000011
11001001101000010000000000000010
11001001011000010000000000000001
10000011011111100000000000000000
01100111110111100000000000001111
01110000101000000010000010000110
01111000101000000000011111111111
11001000101110110000000000000000
11001000111110110000000000001110
11001000001110110000000000001101
11001010001110110000000000001100
11001000011110110000000000001011
11001000100110110000000000001010
11000000001111011111111111011000
11001000001110110000000000001001
11001001001110110000000000001000
11001001010110110000000000000111
11000000001111011111111111011011
11001000001110110000000000000110
11001001000110110000000000000101
11001001100110110000000000000100
11001010000110110000000000000011
11001000110110110000000000000010
11001000010110110000000000000001
01100100001000000000001000000000
11000000011111011111111111111010
10000000010000010000000000000000
11001011111111011111111111010110
01100111101111011111111111010101
11000011100110110000000000000000
11111011111111000000000000000000
01100111101111010000000000101011
11000011111111011111111111010110
11110000000000000000010000011010
11110000000000000000010000011010
00000100010000000000100000100101
00000100010000100000000000101000
00000100001000100000100000100011
00000100000000000000100000100010
11111000000111110000000000000000
01110100001010010000111111011011
01111100001000000000001000000010
01110100010010010000111111011011
01111100010000000000001000000110
11001100010111010000000000000000
11001100001111011111111111111111
10000000001000100000000000100000
11001011111111011111111111111110
01100111101111011111111111111101
11110011111000000000010000011011
01100111101111010000000000000011
11000011111111011111111111111110
11000100001111011111111111111111
11101100001000000000000000001000
01110100001010010000111111011011
01111100001000000000011000000010
11101100000000010000000000000010
11111000000111110000000000000000
11000100001111010000000000000000
00000100000000000000100000100001
11111000000111110000000000000000
11000100001111010000000000000000
00000100000000000000100000100010
11111000000111110000000000000000
01110100001010010000111111011011
01111100001000000000001000000010
01110100010010010000111111011011
01111100010000000000000111111110
11001100001111010000000000000000
11001100010111011111111111111111
11001011111111011111111111111110
01100111101111011111111111111101
11110011111000000000010000100000
01100111101111010000000000000011
11000011111111011111111111111110
11000100001111011111111111111111
11101100001000000000000000001001
01110100001010010000111111011011
01111100001000000000010111111110
11101100000000010000000000000010
11110000000000000000010001001100
01110100001010010000111111011011
01111100001000000000011000000010
00000100000000010000000000100010
11110000000000000000010001001111
11000100001111010000000000000000
00000100000000010000000000100010
00000100001000000000000000100011
01110100010010101010101010101011
01111100010000000000010111110001
01110100011010001000100010001001
01111100011000000000000111100000
01110100100100000000110100000001
01111100100000000000010111001010
01110100101110001110111100011101
01111100101000000000000110110001
01110100110101110011001000101011
01111100110000000000010110010110
00000100111000000000100000100011
00000100110001100000100000100011
00000100101001100010100000100001
00000100101001010000100000100011
00000100100001010010000000100001
00000100100001000000100000100011
00000100011001000001100000100001
00000100001000110000100000100011
00000100001000010001000000100001
00000100001001110000100000100011
00000100000000010000000000100001
11111000000111110000000000000000
01110100001010010000111111011011
01111100001000000000000111111110
00000100000000010000000000100010
11110000000000000000010000111000
00000100001000000000000000100011
01110100010010101010101010101011
01111100010000000000010111110101
01110100011011001100110011001101
01111100011000000000000111110010
01110100100100100100100100100101
01111100100000000000010111110000
01110100101000111000111000111001
01111100101000000000000111101111
01110100110110100010111010001100
01111100110000000000010111101101
00000100111000000000100000100011
00000100110001100000100000100011
00000100101001100010100000100001
00000100101001010000100000100011
00000100100001010010000000100001
00000100100001000000100000100011
00000100011001000001100000100001
00000100001000110000100000100011
00000100001000010001000000100001
00000100001001110000100000100011
00000100000000010000000000100001
11111000000111110000000000000000
01110100001010010000111111011011
01111100001000000000000111111110
01110100010000000000000000000000
01111100010000000000000111111100
11101100010000000000000000010001
01110100001000000000000000000000
01111100001000000000010111111100
11101100000000010000000000000010
11110000000000000000010001101010
01110100001010010000111111011011
01111100001000000000010111111110
00000100000000100000000000100101
11001100001111010000000000000000
11001011111111011111111111111111
01100111101111011111111111111110
11110011111000000000010001101010
01100111101111010000000000000010
11000011111111011111111111111111
11000100001111010000000000000000
00000100000000010000000000100010
11111000000111110000000000000000
00000100000000100000000000100101
11001100001111011111111111111111
11001011111111011111111111111110
01100111101111011111111111111101
11110011111000000000010001101010
01100111101111010000000000000011
11000011111111011111111111111110
11000100001111011111111111111111
00000100000000010000000000100010
11111000000111110000000000000000
01100100011000000000000000000000
11100000001000110000000000000110
11100000010000110000000000000011
10000000001000110000000000000000
11111000000111110000000000000000
01100100001000000000000000000001
11111000000111110000000000000000
10000000001000100000000000000000
11111000000111110000000000000000
01110100001000000000000000000000
01111100001000000000000000000000
11100100000000010000000000001000
11101100001000000000000000000100
01110100000000000000000000000000
01111100000000000000010111111100
11111000000111110000000000000000
01110100000000000000000000000000
01111100000000000000000111111100
11111000000111110000000000000000
10000000000000010000000000100000
11111000000111110000000000000000
01100100010000000000000000000000
11100000001000100000000000000010
11111000000111110000000000000000
00000100000000000000000000101110
11111000000111110000000000000000
00000100001000010001000000000001
01100100010000000000000000000101
11101000001000100000000000000011
01100100001000011111111111111011
11111000000111110000000000000000
11111000000111110000000000000000
11001100000000010000000000000000
11001100001000010000000000000001
11001100010000010000000000000010
11111000000111110000000000000000
11001100000000010000000000000000
11001100000000010000000000000001
11001100000000010000000000000010
11111000000111110000000000000000
01110100000000000000000000000000
01111100000000000000000000000000
11110000000000000000010011000100
11000100000000100000000000000000
11001100000000010000000000000000
11000100000000100000000000000001
11001100000000010000000000000001
11000100000000100000000000000010
11001100000000010000000000000010
11111000000111110000000000000000
01100100011000000000000000000000
11000100000000010000000000000000
11000100001000010000000000000000
00000100000000000000100000100011
11000100001000010000000000000001
11000100010000010000000000000001
00000100001000010001000000100011
00000100000000000000100000100001
11000100001000010000000000000010
11000100010000010000000000000010
00000100001000010001000000100011
00000100000000000000100000100001
00000100000000000000000000101100
01110100001000000000000000000000
01111100001000000000000000000000
11100100000000010000000000001010
11100000010000110000000000000101
01110100001000000000000000000000
01111100001000000000010111111100
00000100000000010000000000100101
11110000000000000000010011101010
01110100001000000000000000000000
01111100001000000000000111111100
00000100000000010000000000100101
11110000000000000000010011101101
01110100000000000000000000000000
01111100000000000000000111111100
11000100001000010000000000000000
00000100001000010000000000100011
11001100001000010000000000000000
11000100001000010000000000000001
00000100001000010000000000100011
11001100001000010000000000000001
11000100001000010000000000000010
00000100000000010000000000100011
11001100000000010000000000000010
11111000000111110000000000000000
11000100000000010000000000000000
11000100001000100000000000000000
00000100000000000000100000100011
11000100001000010000000000000001
11000100010000100000000000000001
00000100001000010001000000100011
00000100000000000000100000100001
11000100001000010000000000000010
11000100010000100000000000000010
00000100001000010001000000100011
00000100000000000000100000100001
11111000000111110000000000000000
11000100011000010000000000000000
00000100000000110000000000100011
11000100011000010000000000000001
00000100001000110000100000100011
00000100000000000000100000100001
11000100001000010000000000000010
00000100001000010001000000100011
00000100000000000000100000100001
11111000000111110000000000000000
11000100001000010000000000000000
11000100010000100000000000000000
00000100010000100000000000100011
00000100001000010001000000100001
11001100001000010000000000000000
11000100001000010000000000000001
11000100010000100000000000000001
00000100010000100000000000100011
00000100001000010001000000100001
11001100001000010000000000000001
11000100001000010000000000000010
11000100010000100000000000000010
00000100000000100000000000100011
00000100000000010000000000100001
11001100000000010000000000000010
11111000000111110000000000000000
11000100000000010000000000000000
11000100001000100000000000000000
00000100000000000000100000100001
11001100000000010000000000000000
11000100000000010000000000000001
11000100001000100000000000000001
00000100000000000000100000100001
11001100000000010000000000000001
11000100000000010000000000000010
11000100001000100000000000000010
00000100000000000000100000100001
11001100000000010000000000000010
11111000000111110000000000000000
11000100001000010000000000000000
00000100001000010000000000100011
11001100001000010000000000000000
11000100001000010000000000000001
00000100001000010000000000100011
11001100001000010000000000000001
11000100001000010000000000000010
00000100000000010000000000100011
11001100000000010000000000000010
11111000000111110000000000000000
11000100000000010000000000000000
11000100001000100000000000000000
11000100010000110000000000000000
00000100001000010001000000100011
00000100000000000000100000100001
11001100000000010000000000000000
11000100000000010000000000000001
11000100001000100000000000000001
11000100010000110000000000000001
00000100001000010001000000100011
00000100000000000000100000100001
11001100000000010000000000000001
11000100000000010000000000000010
11000100001000100000000000000010
11000100010000110000000000000010
00000100001000010001000000100011
00000100000000000000100000100001
11001100000000010000000000000010
11111000000111110000000000000000
11000000001000010000000000000000
11111000000111110000000000000000
11000000001000010000000000000001
11111000000111110000000000000000
11000000001000010000000000000010
11111000000111110000000000000000
11000000001000010000000000000110
11111000000111110000000000000000
11000000001000010000000000000011
11111000000111110000000000000000
11000000001000010000000000000100
11000100000000010000000000000000
11111000000111110000000000000000
11000000001000010000000000000100
11000100000000010000000000000001
11111000000111110000000000000000
11000000001000010000000000000100
11000100000000010000000000000010
11111000000111110000000000000000
11000000001000010000000000000100
11111000000111110000000000000000
11000000001000010000000000000101
11000100000000010000000000000000
11111000000111110000000000000000
11000000001000010000000000000101
11000100000000010000000000000001
11111000000111110000000000000000
11000000001000010000000000000101
11000100000000010000000000000010
11111000000111110000000000000000
11000000001000010000000000000111
11000100000000010000000000000000
11111000000111110000000000000000
11000000001000010000000000000111
11000100000000010000000000000001
11111000000111110000000000000000
11000000001000010000000000001000
11000100000000010000000000000000
11111000000111110000000000000000
11000000001000010000000000001000
11000100000000010000000000000001
11111000000111110000000000000000
11000000001000010000000000001000
11000100000000010000000000000010
11111000000111110000000000000000
11000000001000010000000000001001
11000100000000010000000000000000
11111000000111110000000000000000
11000000001000010000000000001001
11000100000000010000000000000001
11111000000111110000000000000000
11000000001000010000000000001001
11000100000000010000000000000010
11111000000111110000000000000000
11000000001000010000000000001010
11111000000111110000000000000000
11000000001000010000000000000000
11111000000111110000000000000000
11000000001000010000000000000001
11111000000111110000000000000000
11000000001000010000000000000010
11111000000111110000000000000000
11000000001000010000000000000011
11111000000111110000000000000000
11000000001000010000000000000100
11111000000111110000000000000000
11000000001000010000000000000101
11111000000111110000000000000000
11000000001000010000000000000110
11000000001000010000000000000000
11111000000111110000000000000000
11000000001000010000000000000110
11001000010000010000000000000000
11111000000111110000000000000000
11000000001000010000000000000111
11111000000111110000000000000000
11000000001000010000000000000000
11111000000111110000000000000000
11000000001000010000000000000001
11111000000111110000000000000000
11000000001000010000000000000000
11111000000111110000000000000000
11000000001000010000000000000001
11111000000111110000000000000000
11000100000000010000000000000010
11111000000111110000000000000000
01110100001011101111101000110101
01111100001000000000000111100100
00000100000000010000000000100011
11111000000111110000000000000000
11000000001110110000000000000101
11000000010110110000000000000100
11000000011110110000000000000011
11000000100110110000000000000010
11000000101110110000000000000001
01100100110000001111111111111110
11000100000001100000000000000000
11001100000001010000000000000000
11000100000001100000000000000000
11001100000001010000000000000001
11000100000001100000000000000000
11001100000001010000000000000010
11000100000001100000000000000000
11001000001111010000000000000000
11001000101111011111111111111111
11001000011111011111111111111110
11001000100111011111111111111101
11001000010111011111111111111100
11001000110111011111111111111011
11001011111111011111111111111010
01100111101111011111111111111001
11110011111000000000010110011100
01100111101111010000000000000111
11000011111111011111111111111010
11001100000111011111111111111010
11001011111111011111111111111001
01100111101111011111111111111000
11110011111000000000010001100110
01100111101111010000000000001000
11000011111111011111111111111001
11000100001111011111111111111010
11001100000111011111111111111001
10000000000000010000000000100000
11001011111111011111111111111000
01100111101111011111111111110111
11110011111000000000010000111000
01100111101111010000000000001001
11000011111111011111111111111000
11000100001111011111111111111011
11000100001000010000000000000000
11001100000111011111111111111000
10000000000000010000000000100000
11001011111111011111111111110111
01100111101111011111111111110110
11110011111000000000010110011100
01100111101111010000000000001010
11000011111111011111111111110111
11001100000111011111111111110111
11001011111111011111111111110110
01100111101111011111111111110101
11110011111000000000010001100110
01100111101111010000000000001011
11000011111111011111111111110110
11000100001111011111111111110111
11001100000111011111111111110110
10000000000000010000000000100000
11001011111111011111111111110101
01100111101111011111111111110100
11110011111000000000010000111000
01100111101111010000000000001100
11000011111111011111111111110101
11000100001111011111111111111001
00000100010000010000000000100011
01110100011010000000000000000000
01111100011000000000001000011010
00000100010000100001100000100011
11000000001111011111111111111100
11001100010000010000000000000000
01110100010010000000000000000000
01111100010000000000011000011010
11000100100111011111111111111000
00000100010000100010000000100011
11001100010000010000000000000001
11000100010111011111111111110110
00000100101000010001000000100011
00000100011000110010100000100011
11001100011000010000000000000010
11000000010111011111111111111101
11001100010000100000000000000000
01110100011000000000000000000000
01111100011000000000000000000000
11001100011000100000000000000001
00000100011000000000000000101110
11001100011000100000000000000010
00000100011001000000000000101110
00000100000000110000000000100011
11000000010111011111111111111110
11001100000000100000000000000000
00000100000000010000000000101110
11001100000000100000000000000001
00000100000000110001000000100011
11001100000000100000000000000010
11000100000111011111111111111111
11000100001000000000000000000000
11000100010000010000000000000000
00000100001000010001000000100010
11000000010111010000000000000000
11001100001000100000000000000000
11000100001000000000000000000001
11000100010000010000000000000001
00000100001000010001000000100010
11001100001000100000000000000001
11000100000000000000000000000010
11000100001000010000000000000010
00000100000000000000100000100010
11001100000000100000000000000010
11111000000111110000000000000000
11000000001110110000000000000010
11000000010110110000000000000001
01100100011000001111111111111110
11000100000000110000000000000000
11001000010111010000000000000000
11001000011111011111111111111111
11001000001111011111111111111110
11001011111111011111111111111101
01100111101111011111111111111100
11110011111000000000010110011100
01100111101111010000000000000100
11000011111111011111111111111101
11001100000111011111111111111101
11001011111111011111111111111100
01100111101111011111111111111011
11110011111000000000010000111000
01100111101111010000000000000101
11000011111111011111111111111100
00000100000000000000000000101110
11000000001111011111111111111110
11001100000000010000000000000001
11000100000111011111111111111111
11000100001000000000000000000000
10000000000000010000000000100000
11001011111111011111111111111100
01100111101111011111111111111011
11110011111000000000010110011100
01100111101111010000000000000101
11000011111111011111111111111100
11000100001111011111111111111101
11001100000111011111111111111100
10000000000000010000000000100000
11001011111111011111111111111011
01100111101111011111111111111010
11110011111000000000010001100110
01100111101111010000000000000110
11000011111111011111111111111011
11000100001111011111111111111100
11001100000111011111111111111011
10000000000000010000000000100000
11001011111111011111111111111010
01100111101111011111111111111001
11110011111000000000010000111000
01100111101111010000000000000111
11000011111111011111111111111010
11000100001111011111111111111011
00000100000000010000000000100011
11000000001111011111111111111110
11001100000000010000000000000000
11000100000111011111111111111100
11001011111111011111111111111010
01100111101111011111111111111001
11110011111000000000010001100110
01100111101111010000000000000111
11000011111111011111111111111010
11000100001111011111111111111011
00000100000000010000000000100011
11000000001111011111111111111110
11001100000000010000000000000010
11000100000111011111111111111111
11000100000000000000000000000000
11000000001111010000000000000000
11001100000000010000000000000000
11111000000111110000000000000000
11000100000000100000000000000000
11001000001111010000000000000000
11001000010111011111111111111111
11001011111111011111111111111110
01100111101111011111111111111101
11110011111000000000010001100110
01100111101111010000000000000011
11000011111111011111111111111110
11000100001111011111111111111111
11000100010000010000000000000000
11001100000111011111111111111110
10000000000000100000000000100000
11001011111111011111111111111101
01100111101111011111111111111100
11110011111000000000010000111000
01100111101111010000000000000100
11000011111111011111111111111101
11000100001111011111111111111111
11000100010000010000000000000001
11001100000111011111111111111101
10000000000000100000000000100000
11001011111111011111111111111100
01100111101111011111111111111011
11110011111000000000010001100110
01100111101111010000000000000101
11000011111111011111111111111100
11000100001111011111111111111111
11000100010000010000000000000001
11001100000111011111111111111100
10000000000000100000000000100000
11001011111111011111111111111011
01100111101111011111111111111010
11110011111000000000010000111000
01100111101111010000000000000110
11000011111111011111111111111011
11000100001111011111111111111111
11000100010000010000000000000010
11001100000111011111111111111011
10000000000000100000000000100000
11001011111111011111111111111010
01100111101111011111111111111001
11110011111000000000010001100110
01100111101111010000000000000111
11000011111111011111111111111010
11000100001111011111111111111111
11000100010000010000000000000010
11001100000111011111111111111010
10000000000000100000000000100000
11001011111111011111111111111001
01100111101111011111111111111000
11110011111000000000010000111000
01100111101111010000000000001000
11000011111111011111111111111001
11000100001111011111111111111010
11000100010111011111111111111100
00000100011000100000100000100011
11000100100111011111111111111011
11000100101111011111111111111101
00000100110001010010000000100011
00000100111001100000100000100011
11000101000111011111111111111110
00000101001010000000000000100011
00000100111001110100100000100010
00000101001010000010000000100011
00000101010010010000100000100011
00000101011001010000000000100011
00000101010010100101100000100001
00000101011000100000000000100011
00000100110001100000000000100011
00000101100010000000100000100011
00000100110001100110000000100001
00000100000010010000000000100011
00000100001000010010100000100011
00000100000000000000100000100010
00000100001001000000000000101110
00000100100000100010100000100011
00000100010010000001000000100011
11000100101111010000000000000000
11000101000001010000000000000000
11000101001001010000000000000001
11000101100001010000000000000010
00000101101000110001100000100011
00000101101011010100000000100011
00000101110010110101100000100011
00000101110011100100100000100011
00000101101011010111000000100001
00000101110000010000100000100011
00000101110011100110000000100011
00000101101011010111000000100001
11001101101001010000000000000000
00000101101001110011100000100011
00000101101011010100000000100011
00000101110001100011000000100011
00000101110011100100100000100011
00000101101011010111000000100001
00000101110001000010000000100011
00000101110011100110000000100011
00000101101011010111000000100001
11001101101001010000000000000001
00000101101010100101000000100011
00000101101011010100000000100011
00000101110000000000000000100011
00000101110011100100100000100011
00000101101011010111000000100001
00000101110000100001000000100011
00000101110011100110000000100011
00000101101011010111000000100001
11001101101001010000000000000010
01110100101000000000000000000000
01111100101000000000001000000000
00000101101010000011100000100011
00000101101011010101000000100011
00000101110010010011000000100011
00000101110011100000000000100011
00000101101011010111000000100001
00000101110011000010000000100011
00000101110011100001000000100011
00000101101011010111000000100001
00000101101001010110100000100011
11000000001111011111111111111111
11001101101000010000000000000000
00000100011010000001100000100011
00000101000000110101000000100011
00000101001010010101100000100011
00000100000010010000000000100011
00000100000010000000000000100001
00000100001011000000100000100011
00000100010000010001000000100011
00000100000000000001000000100001
00000100000001010000000000100011
11001100000000010000000000000001
00000100000000110011100000100011
00000100010010010011000000100011
00000100000000000001000000100001
00000100001000010010000000100011
00000100000000000000100000100001
00000100000001010000000000100011
11001100000000010000000000000010
11111000000111110000000000000000
11000000010110110000000000000001
01100100011000001111111111111110
01100100100000000000000000000000
11000000101000110000000000000000
01100100110000001111111111111111
11100000101001100000000011111110
11000000110000110000000000000000
11000000111000110000000000000000
11000000011000110000000000000000
01100101000000000000000000000011
01110100000000000000000000000000
01111100000000000000000000000000
11001000001111010000000000000000
11001000010111011111111111111111
11001000101111011111111111111110
11001000111111011111111111111101
11001000110111011111111111111100
11001000011111011111111111111011
11001000100111011111111111111010
11001100000111011111111111111001
11001001000111011111111111111000
10000000001010000000000000000000
11001011111111011111111111110111
01100111101111011111111111110110
11110011111000000010000100011010
01100111101111010000000000001010
11000011111111011111111111110111
01100100010000001111111111111110
11000100000000100000000000000000
11001100000000010000000000000000
01100100011000000000000000000001
11000100000000100000000000000000
11001100000000010000000000000001
01100100100000000000000000000010
11000100000000100000000000000000
11001100000000010000000000000010
11000100000111011111111111111001
11000000101111011111111111111000
11001000001111011111111111110111
11001000100111011111111111110110
11001000011111011111111111110101
11001000010111011111111111110100
10000000001001010000000000000000
11001011111111011111111111110011
01100111101111011111111111110010
11110011111000000010000100011010
01100111101111010000000000001110
11000011111111011111111111110011
11000100000111011111111111110100
11000100001000000000000000000000
11001100001000010000000000000000
11000100001000000000000000000000
11001100001000010000000000000001
11000100001000000000000000000000
11001100001000010000000000000010
11000100001000000000000000000000
11000100010111011111111111111001
11101100001000100000000000000011
11000000010111011111111111111010
11110000000000000000011100010011
11000000010111011111111111110101
11000000011111011111111111110110
11001000001111011111111111110011
11001000010111011111111111110010
10000000001000110000000000000000
10000000000000100000000000100000
11001011111111011111111111110001
01100111101111011111111111110000
11110011111000000010000100011010
01100111101111010000000000010000
11000011111111011111111111110001
11000100000111011111111111110100
11000100001000000000000000000000
11001100001000010000000000000000
11000100001000000000000000000000
11001100001000010000000000000001
11000100001111011111111111111001
11000000010111011111111111111000
11001000001111011111111111110001
10000000001000100000000000000000
10000000000000010000000000100000
11001011111111011111111111110000
01100111101111011111111111101111
11110011111000000010000100011010
01100111101111010000000000010001
11000011111111011111111111110000
11000100000111011111111111110100
11000100001000000000000000000000
11001100001000010000000000000000
11000100001000000000000000000000
11001100001000010000000000000001
11000100001000000000000000000000
11001100001000010000000000000010
11000100001111011111111111111001
11000000010111011111111111111000
11001000001111011111111111110000
10000000001000100000000000000000
10000000000000010000000000100000
11001011111111011111111111101111
01100111101111011111111111101110
11110011111000000010000100011010
01100111101111010000000000010010
11000011111111011111111111101111
11000000010111011111111111111010
11000000011111011111111111111011
11100000011000100000000000100000
11000100000111011111111111110100
11000100001000000000000000000000
11001000001111011111111111101111
10000000000000010000000000100000
11001011111111011111111111101110
01100111101111011111111111101101
11110011111000000000010110011100
01100111101111010000000000010011
11000011111111011111111111101110
11000000001111011111111111101111
11001100000000010000000000000000
11000100000111011111111111110100
11000100001000000000000000000000
10000000000000010000000000100000
11001011111111011111111111101110
01100111101111011111111111101101
11110011111000000000010110011100
01100111101111010000000000010011
11000011111111011111111111101110
11000000001111011111111111101111
11001100000000010000000000000001
11000100000111011111111111110100
11000100000000000000000000000000
11001011111111011111111111101110
01100111101111011111111111101101
11110011111000000000010110011100
01100111101111010000000000010011
11000011111111011111111111101110
11000000001111011111111111101111
11001100000000010000000000000010
11110000000000000000011101011111
11000000010111011111111111110110
11000000011111011111111111111100
11100000011000100000000000000011
11000000100111011111111111110010
11110000000000000000011101100101
11000000100111011111111111110101
01100100101000000000000000000100
11000100000111011111111111111001
11001000100111011111111111101110
11001000001111011111111111101111
10000000001001010000000000000000
11001011111111011111111111101101
01100111101111011111111111101100
11110011111000000010000100011010
01100111101111010000000000010100
11000011111111011111111111101101
10000000010111100000000000000000
01100111110111100000000000001011
11001000001000100000000000001010
11000000001111011111111111101111
11001000001000100000000000001001
11000000011111011111111111110000
11001000011000100000000000001000
11000000011111011111111111110001
11001000011000100000000000000111
11000000011111011111111111101110
11001000011000100000000000000110
11000000011111011111111111110011
11001000011000100000000000000101
11000000011111011111111111110111
11001000011000100000000000000100
11000000100111011111111111111011
11001000100000100000000000000011
11000000101111011111111111111101
11001000101000100000000000000010
11000000101111011111111111111100
11001000101000100000000000000001
11000000110111011111111111111110
11001000110000100000000000000000
11000000110111010000000000000000
11000000111111011111111111111111
11011000010001110011000000000000
11000000010111011111111111111000
11100000101000100000000000010010
11000000010111011111111111110110
11100000101000100000000000000010
11110000000000000000011110011011
11000000010111011111111111111010
11000000101111011111111111110010
11100000101000100000000000000011
10000000101000100000000000000000
11110000000000000000011110010100
11000000101111011111111111110101
10000000010001010000000000000000
10000000001000110000000000000000
11001011111111011111111111101101
01100111101111011111111111101100
11110011111000000000010011010010
01100111101111010000000000010100
11000011111111011111111111101101
11110000000000000000011111001100
11000100000000110000000000000000
11000100001111011111111111111001
11100100000000010000000000001011
11001100000111011111111111101101
11001011111111011111111111101100
01100111101111011111111111101011
11110011111000000000010010101001
01100111101111010000000000010101
11000011111111011111111111101100
11000100001111011111111111101101
00000100001000010000100000100011
00000100000000000000100000100101
11110000000000000000011110101010
10000000000000010000000000100000
11000000001111011111111111110111
11001100000000010000000000000000
11000100000000010000000000000001
11000100001111011111111111111001
11100100000000010000000000001011
11001100000111011111111111101100
11001011111111011111111111101011
01100111101111011111111111101010
11110011111000000000010010101001
01100111101111010000000000010110
11000011111111011111111111101011
11000100001111011111111111101100
00000100001000010000100000100011
00000100000000000000100000100101
11110000000000000000011110111010
10000000000000010000000000100000
11000000001111011111111111110111
11001100000000010000000000000001
11000100000000010000000000000010
11000100001111011111111111111001
11100100000000010000000000001011
11001100000111011111111111101011
11001011111111011111111111101010
01100111101111011111111111101001
11110011111000000000010010101001
01100111101111010000000000010111
11000011111111011111111111101010
11000100001111011111111111101011
00000100001000010000100000100011
00000100000000000000100000100101
11110000000000000000011111001010
10000000000000010000000000100000
11000000001111011111111111110111
11001100000000010000000000000010
11000000001111011111111111111010
11000000010111011111111111111011
11100000010000010000000000001001
11000000001111011111111111110111
11000000010111011111111111101111
11001011111111011111111111101010
01100111101111011111111111101001
11110011111000000000011001001011
01100111101111010000000000010111
11000011111111011111111111101010
11110000000000000000011111010111
11000000001111011111111111110101
11111000000111110000000000000000
10000000001001000000000000000000
11111000000111110000000000000000
11000000010110110000000000000010
11000000011110110000000000000001
01100100100000000000000000111100
11101000001001000000000000000010
11111000000111110000000000000000
11001011011111010000000000000000
11001000011111011111111111111111
11001000001111011111111111111110
10000011011000100000000000000000
11001011111111011111111111111101
01100111101111011111111111111100
11000011100110110000000000000000
11111011111111000000000000000000
01100111101111010000000000000100
11000011111111011111111111111101
01100100010000000000000000000000
11100000001000100000000000000110
11000000001111011111111111111110
01100100001000010000000000000001
11000011011111010000000000000000
11000011100110110000000000000000
11111000000111000000000000000000
11000000001111011111111111111111
11000000010111011111111111111110
11001000010000010000000000000000
11111000000111110000000000000000
11000011011110110000000000000001
01100100001000000000000000000000
11000011100110110000000000000000
11111000000111000000000000000000
01100100010000001111111111111110
11000000010000100000000000000000
01100100011000001111111111111111
11100000010000110000000000001110
01100100011000010000000000000001
11001000001111010000000000000000
11001000010111011111111111111111
10000000001000110000000000000000
11001011111111011111111111111110
01100111101111011111111111111101
11110011111000000000011111111001
01100111101111010000000000000011
11000011111111011111111111111110
11000000010111010000000000000000
11000000011111011111111111111111
11011000011000010001000000000000
11111000000111110000000000000000
01100100001000010000000000000001
10000000010000110000000000000000
11110000000000000010000100001011
01100100010000000000000000000000
11001000001111010000000000000000
10000000001000100000000000000000
11001011111111011111111111111111
01100111101111011111111111111110
11110011111000000000011111111001
01100111101111010000000000000010
11000011111111011111111111111111
10000000010000010000000000000000
11000000001000100000000000000000
01100100011000001111111111111111
11100000001000110000000000001110
11000000001111010000000000000000
01100100011000010000000000000001
11001000010111011111111111111111
10000000001000110000000000000000
11001011111111011111111111111110
01100111101111011111111111111101
11110011111000000000100000001101
01100111101111010000000000000011
11000011111111011111111111111110
11000000010111010000000000000000
11000000011111011111111111111111
11011000011000010001000000000000
11111000000111110000000000000000
11000000001111010000000000000000
01100100001000010000000000000001
11110000000000000010000100001011
11000000010110110000000000000001
01100100011000000000000000000000
11001011011111010000000000000000
11001000001111011111111111111111
11001000010111011111111111111110
10000000001000110000000000000000
11001011111111011111111111111101
01100111101111011111111111111100
11110011111000000000011111111001
01100111101111010000000000000100
11000011111111011111111111111101
11000000010000010000000000000000
01100100011000001111111111111111
11100000010000110000000000001000
11000000010111011111111111111111
11000000011111011111111111111110
11011000001000110001000000000000
01100100001000100000000000000001
11000011011111010000000000000000
11000011100110110000000000000000
11111000000111000000000000000000
11111000000111110000000000000000
11000000001110110000000000000101
11000000010110110000000000000100
11000000011110110000000000000011
11000000100110110000000000000010
11000000101110110000000000000001
11001000101111010000000000000000
11001000011111011111111111111111
11001000100111011111111111111110
11001000010111011111111111111101
10000011011000010000000000000000
11001011111111011111111111111100
01100111101111011111111111111011
11000011100110110000000000000000
11111011111111000000000000000000
01100111101111010000000000000101
11000011111111011111111111111100
11000011011111011111111111111101
11001011111111011111111111111100
01100111101111011111111111111011
11000011100110110000000000000000
11111011111111000000000000000000
01100111101111010000000000000101
11000011111111011111111111111100
11000011011111011111111111111110
11001011111111011111111111111100
01100111101111011111111111111011
11000011100110110000000000000000
11111011111111000000000000000000
01100111101111010000000000000101
11000011111111011111111111111100
01100100001000000000000000000000
11000011011111011111111111111111
11001000001111011111111111111100
11001011111111011111111111111011
01100111101111011111111111111010
11000011100110110000000000000000
11111011111111000000000000000000
01100111101111010000000000000110
11000011111111011111111111111011
11000000001111011111111111111100
11001011111111011111111111111011
01100111101111011111111111111010
11110011111000000000100000001101
01100111101111010000000000000110
11000011111111011111111111111011
11000000010111010000000000000000
11001000001000100000000000000000
11111000000111110000000000000000
11000000110110110000000000000001
11010100011000100001100000000000
01110100100000000000000000000000
01111100100000000000000000000000
11100100011001000000000001001110
11001000110111010000000000000000
11001100010111011111111111111111
11001000101111011111111111111110
11001100001111011111111111111101
11001000100111011111111111111100
11001100000111011111111111111011
11001100100111011111111111111010
11001000011111011111111111111001
11001000010111011111111111111000
11001000001111011111111111110111
11001011111111011111111111110110
01100111101111011111111111110101
11110011111000000000010101011001
01100111101111010000000000001011
11000011111111011111111111110110
11000000010111011111111111110111
11001000001111011111111111110110
10000000001000100000000000000000
11001011111111011111111111110101
01100111101111011111111111110100
11110011111000000000010101001100
01100111101111010000000000001100
11000011111111011111111111110101
11000000010111011111111111111001
11000100000111011111111111111000
11010100001000000001000000000000
11000100010111011111111111111010
11101100001000100000000000000011
01100100011000000000000000000000
11110000000000000000100010010011
01100100011000000000000000000001
10000000010000110000000000000000
11001011111111011111111111110101
01100111101111011111111111110100
11110011111000000000010010100000
01100111101111010000000000001100
11000011111111011111111111110101
11000000010111011111111111111001
11000100000111011111111111110110
11010100001000000001000000000000
10000000000000010000000000100000
11001011111111011111111111110101
01100111101111011111111111110100
11110011111000000000010010110101
01100111101111010000000000001100
11000011111111011111111111110101
11000100001111011111111111111011
00000100000000000000100000100010
11000000001111011111111111111001
11000100001111011111111111111000
11010100010000010000100000000000
00000100000000000001000000100101
11000000001111011111111111111100
11000100010111011111111111110110
11010100011000100000100000000000
11010100100000010000100000000000
00000100100001000000000000100011
11000100101111011111111111111101
00000100100001000010100000100001
00000100100001000000000000101111
11101100100000110000000000000011
01100100001000000000000000000000
11111000000111110000000000000000
11000000001111011111111111111110
11010100010000100000100000000000
11010100001000010000100000000000
00000100001000010000000000100011
11000100011111011111111111111111
00000100001000010001100000100001
00000100001000010000000000101111
11101100001000100000000000000011
01100100001000000000000000000000
11111000000111110000000000000000
11000000001111010000000000000000
11001100000000010000000000000000
01100100001000000000000000000001
11111000000111110000000000000000
01100100001000000000000000000000
11111000000111110000000000000000
11000011011110110000000000000001
01100100011000000000000000000000
01100100100000000000000000000001
01100100101000000000000000000010
11001100000111010000000000000000
11001100010111011111111111111111
11001100001111011111111111111110
11001000101111011111111111111101
11001000100111011111111111111100
11001000010111011111111111111011
11001000001111011111111111111010
11001011011111011111111111111001
11001000011111011111111111111000
11001011111111011111111111110111
01100111101111011111111111110110
11000011100110110000000000000000
11111011111111000000000000000000
01100111101111010000000000001010
11000011111111011111111111110111
11000000101111011111111111111000
11100000001001010000000000000011
11000000001111011111111111111100
11111000000111110000000000000000
11000100000111011111111111111110
11000100001111011111111111111111
11000100010111010000000000000000
11000000001111011111111111111010
11000000010111011111111111111011
11000000011111011111111111111100
11000000100111011111111111111101
11000011011111011111111111111001
11001011111111011111111111110111
01100111101111011111111111110110
11000011100110110000000000000000
11111011111111000000000000000000
01100111101111010000000000001010
11000011111111011111111111110111
11000000100111011111111111111000
11100000001001000000000000000011
11000000001111011111111111111101
11111000000111110000000000000000
11000100000111011111111111111111
11000100001111010000000000000000
11000100010111011111111111111110
11000000001111011111111111111010
11000000010111011111111111111011
11000000011111011111111111111101
11000000101111011111111111111100
11000011011111011111111111111001
11001011111111011111111111110111
01100111101111011111111111110110
11000011100110110000000000000000
11111011111111000000000000000000
01100111101111010000000000001010
11000011111111011111111111110111
11000000010111011111111111111000
11100000001000100000000000000011
01100100001000000000000000000011
11111000000111110000000000000000
10000000001000100000000000000000
11111000000111110000000000000000
11000000011110110000000000000001
11001000011111010000000000000000
11001100010111011111111111111111
11001100001111011111111111111110
11001100000111011111111111111101
11001000010111011111111111111100
11001011111111011111111111111011
01100111101111011111111111111010
11110011111000000000010101011001
01100111101111010000000000000110
11000011111111011111111111111011
10000000010000010000000000000000
11000000001111011111111111111100
11001000010111011111111111111011
11001011111111011111111111111010
01100111101111011111111111111001
11110011111000000000010011110111
01100111101111010000000000000111
11000011111111011111111111111010
01110100001000000000000000000000
01111100001000000000000000000000
11101100001000000000000000000011
01100100001000000000000000000000
11111000000111110000000000000000
11000100001111011111111111111101
11000100010111011111111111111110
11000100011111011111111111111111
11000000001111011111111111111011
11001100000111011111111111111010
10000000000000010000000000100000
10000000001000100000000000100000
10000000010000110000000000100000
11001011111111011111111111111001
01100111101111011111111111111000
11110011111000000000010100000011
01100111101111010000000000001000
11000011111111011111111111111001
00000100000000000000000000101110
11000100001111011111111111111010
00000100000000000000100000100101
11000000001111010000000000000000
11001100000000010000000000000000
01100100001000000000000000000001
11111000000111110000000000000000
00000100011000000000000000100011
11001100000111010000000000000000
11001100010111011111111111111111
11001000001111011111111111111110
11001100001111011111111111111101
11001100011111011111111111111100
11001011111111011111111111111011
01100111101111011111111111111010
11110011111000000000010101010000
01100111101111010000000000000110
11000011111111011111111111111011
11000100001111011111111111111100
00000100000000010000000000100011
11000100001111011111111111111101
00000100010000010000100000100011
11000000001111011111111111111110
11001100000111011111111111111011
11001100010111011111111111111010
11001011111111011111111111111001
01100111101111011111111111111000
11110011111000000000010101010011
01100111101111010000000000001000
11000011111111011111111111111001
11000100001111011111111111111010
00000100000000010000000000100011
11000100001111011111111111111011
00000100000000010000000000100001
11000100001111011111111111111111
00000100010000010000100000100011
11000000001111011111111111111110
11001100000111011111111111111001
11001100010111011111111111111000
11001011111111011111111111110111
01100111101111011111111111110110
11110011111000000000010101010110
01100111101111010000000000001010
11000011111111011111111111110111
11000100001111011111111111111000
00000100000000010000000000100011
11000100001111011111111111111001
00000100000000010000000000100001
11000000001111011111111111111110
11001100000111011111111111110111
11001011111111011111111111110110
01100111101111011111111111110101
11110011111000000000010101001110
01100111101111010000000000001011
11000011111111011111111111110110
01100100010000000000000000000000
11100000001000100000000000101110
11000100000111011111111111111111
11000100001111011111111111111101
00000100010000010000000000100011
11000000001111011111111111111110
11001100010111011111111111110110
11001011111111011111111111110101
01100111101111011111111111110100
11110011111000000000010101110011
01100111101111010000000000001100
11000011111111011111111111110101
11000100001111011111111111110110
00000100000000010000000000100011
11000100001111011111111111110111
00000100000000000000100000100001
11000100001111011111111111111111
11000100010111010000000000000000
00000100001000100000100000100011
11000000001111011111111111111110
11001100000111011111111111110101
11001100001111011111111111110100
11001011111111011111111111110011
01100111101111011111111111110010
11110011111000000000010101110110
01100111101111010000000000001110
11000011111111011111111111110011
11000100001111011111111111110100
00000100000000010000000000100011
11000100001111011111111111110101
00000100000000010000000000100001
11000100001111011111111111111101
11000100010111010000000000000000
00000100001000100000100000100011
11000000001111011111111111111110
11001100000111011111111111110011
11001100001111011111111111110010
11001011111111011111111111110001
01100111101111011111111111110000
11110011111000000000010101111001
01100111101111010000000000010000
11000011111111011111111111110001
11000100001111011111111111110010
00000100000000010000000000100011
11000100001111011111111111110011
00000100000000010000000000100001
11111000000111110000000000000000
11000100000111011111111111110111
11111000000111110000000000000000
00000100110000000001100000100011
11001100011111010000000000000000
11001100000111011111111111111111
11001100101111011111111111111110
11001100010111011111111111111101
11001000001111011111111111111100
11001100100111011111111111111011
11001100001111011111111111111010
11001100110111011111111111111001
11001011111111011111111111111000
01100111101111011111111111110111
11110011111000000000010101010000
01100111101111010000000000001001
11000011111111011111111111111000
11000100001111011111111111111001
00000100000000010000000000100011
11000100001111011111111111111011
11000100010111011111111111111010
00000100011000100000100000100011
11000000001111011111111111111100
11001100000111011111111111111000
11001100011111011111111111110111
11001011111111011111111111110110
01100111101111011111111111110101
11110011111000000000010101010011
01100111101111010000000000001011
11000011111111011111111111110110
11000100001111011111111111110111
00000100000000010000000000100011
11000100001111011111111111111000
00000100000000010000000000100001
11000100001111011111111111111110
11000100010111011111111111111101
00000100011000100000100000100011
11000000001111011111111111111100
11001100000111011111111111110110
11001100011111011111111111110101
11001011111111011111111111110100
01100111101111011111111111110011
11110011111000000000010101010110
01100111101111010000000000001101
11000011111111011111111111110100
11000100001111011111111111110101
00000100000000010000000000100011
11000100001111011111111111110110
00000100000000010000000000100001
11000000001111011111111111111100
11001100000111011111111111110100
11001011111111011111111111110011
01100111101111011111111111110010
11110011111000000000010101001110
01100111101111010000000000001110
11000011111111011111111111110011
01100100010000000000000000000000
11100000001000100000000000111101
11000100000111011111111111111011
11000100001111011111111111111101
00000100010000010000000000100011
11000100011111011111111111111110
11000100100111011111111111111010
00000100101001000001100000100011
00000100010000100010100000100001
11000000001111011111111111111100
11001100010111011111111111110011
11001011111111011111111111110010
01100111101111011111111111110001
11110011111000000000010101110011
01100111101111010000000000001111
11000011111111011111111111110010
11000100001111011111111111110011
00000100000000010000000000100011
11000100001111011111111111111110
11000100010111011111111111111111
00000100001000100000100000100011
11000100011111010000000000000000
11000100100111011111111111111101
00000100100001000001100000100011
00000100001000010010000000100001
11000000001111011111111111111100
11001100000111011111111111110010
11001100001111011111111111110001
11001011111111011111111111110000
01100111101111011111111111101111
11110011111000000000010101110110
01100111101111010000000000010001
11000011111111011111111111110000
11000100001111011111111111110001
00000100000000010000000000100011
11000100001111011111111111110010
00000100000000010000000000100001
11000100001111011111111111111011
11000100010111011111111111111111
00000100001000100000100000100011
11000100010111010000000000000000
11000100011111011111111111111010
00000100010000110001000000100011
00000100001000010001000000100001
11000000001111011111111111111100
11001100000111011111111111110000
11001100001111011111111111101111
11001011111111011111111111101110
01100111101111011111111111101101
11110011111000000000010101111001
01100111101111010000000000010011
11000011111111011111111111101110
11000100001111011111111111101111
00000100000000010000000000100011
11000100001111011111111111110000
00000100000000010000000000100001
01110100001000000000000000000000
01111100001000000000000111111000
00000100000000000000100000100011
11000100001111011111111111110100
00000100000000000000100000100001
11111000000111110000000000000000
11000100000111011111111111110100
11111000000111110000000000000000
11000000011110110000000000000001
01100100100000000000000000000000
11000100011000100000000000000000
01100100101000000000000000000001
11000100100000100000000000000001
11000100101000100000000000000010
11001000101111010000000000000000
11001000011111011111111111111111
11001100010111011111111111111110
11001100001111011111111111111101
11001100000111011111111111111100
11001000001111011111111111111011
11001000010111011111111111111010
11001000100111011111111111111001
10000000010001010000000000100000
10000000001001000000000000100000
10000000000000110000000000100000
11001011111111011111111111111000
01100111101111011111111111110111
11110011111000000000100100101100
01100111101111010000000000001001
11000011111111011111111111111000
01110100001000000000000000000000
01111100001000000000000000000000
11100100000000010000000001010000
11000100010111011111111111111010
11000100011000100000000000000000
11000100100000100000000000000001
11000100010000100000000000000010
11000100101111011111111111111100
11000100110111011111111111111101
11000100111111011111111111111110
11000000001111011111111111111011
11001100001111011111111111111000
11001100000111011111111111110111
10000000001001000000000000100000
10000000000000110000000000100000
10000000100001100000000000100000
10000000011001010000000000100000
10000000101001110000000000100000
11001011111111011111111111110110
01100111101111011111111111110101
11110011111000000000100110001101
01100111101111010000000000001011
11000011111111011111111111110110
11000100001111011111111111111100
11000100010111011111111111111101
11000100011111011111111111111110
11000000001111011111111111111011
11001100000111011111111111110110
10000000000000010000000000100000
10000000001000100000000000100000
10000000010000110000000000100000
11001011111111011111111111110101
01100111101111011111111111110100
11110011111000000000100100101100
01100111101111010000000000001100
11000011111111011111111111110101
11000000001111011111111111111011
11001100000111011111111111110101
11001011111111011111111111110100
01100111101111011111111111110011
11110011111000000000010101001000
01100111101111010000000000001101
11000011111111011111111111110100
01100100010000000000000000000011
11100000001000100000000000000011
11000100000111011111111111110101
11110000000000000000101001001011
01110100000000000000000000000000
01111100000000000000000111111100
11000100001111011111111111110101
00000100000000010000000000100010
11000100001111011111111111110110
00000100010000010000100000100011
11000100011111011111111111110111
00000100000000110000000000100011
00000100000000100000000000100010
11000100010111011111111111111000
11101100010000000000000000000011
11000000001111011111111111111001
11111000000111110000000000000000
00000100000000000000000000101100
11000000001111011111111111111011
11001100000111011111111111110100
11001011111111011111111111110011
01100111101111011111111111110010
11110011111000000000010101001100
01100111101111010000000000001110
11000011111111011111111111110011
11000000010111011111111111111001
11100000001000100000000000000011
11000100000111011111111111110100
11110000000000000000101001100010
11000100000111011111111111110100
00000100000000000000000000101110
11000100001111011111111111110110
00000100000000000000100000100010
11000100001111011111111111110111
00000100000000000000100000100101
11000000001111011111111111111111
11001100000000010000000000000000
11000000001111010000000000000000
11111000000111110000000000000000
11000000001111011111111111111001
11111000000111110000000000000000
11000000100110110000000000000100
11000000101110110000000000000011
11000000110110110000000000000010
11000000111110110000000000000001
11010000001001110000100000000000
11000100000000110000000000000000
11001000101111010000000000000000
11001000100111011111111111111111
11001000010111011111111111111110
11001000110111011111111111111101
11001000001111011111111111111100
11001000011111011111111111111011
11001100000111011111111111111010
11001011111111011111111111111001
01100111101111011111111111111000
11110011111000000000010101011011
01100111101111010000000000001000
11000011111111011111111111111001
11000100001111011111111111111010
00000100000000010000000000100010
01100100001000000000000000000001
11000100001111011111111111111011
11000100010000010000000000000001
11000000010111011111111111111100
11001100000111011111111111111001
11001000001111011111111111111000
11001100010111011111111111110111
10000000001000100000000000000000
11001011111111011111111111110110
01100111101111011111111111110101
11110011111000000000010101011110
01100111101111010000000000001011
11000011111111011111111111110110
11000100001111011111111111110111
00000100000000010000000000100010
01100100001000000000000000000010
11000100001111011111111111111011
11000100001000010000000000000010
11000000010111011111111111111100
11001000001111011111111111110110
11001100000111011111111111110101
11001100001111011111111111110100
10000000001000100000000000000000
11001011111111011111111111110011
01100111101111011111111111110010
11110011111000000000010101100001
01100111101111010000000000001110
11000011111111011111111111110011
11000100001111011111111111110100
00000100000000010000000000100010
11000000001111011111111111111100
11001100000111011111111111110011
11001011111111011111111111110010
01100111101111011111111111110001
11110011111000000000010101001000
01100111101111010000000000001111
11000011111111011111111111110010
11000000010111011111111111111000
11100000001000100000000000010011
11000000010111011111111111110110
11100000001000100000000000001001
11000100000111011111111111111001
11000100001111011111111111110101
11000100010111011111111111110011
11000000001111011111111111111100
11000000010111011111111111111110
11000011011111010000000000000000
11000011100110110000000000000000
11111000000111000000000000000000
11000100000111011111111111111001
11000100001111011111111111110101
11000100010111011111111111110011
11000000001111011111111111111100
11000000010111011111111111111110
11000011011111011111111111111111
11000011100110110000000000000000
11111000000111000000000000000000
11000100000111011111111111111001
11000100001111011111111111110101
11000100010111011111111111110011
11000000001111011111111111111100
11000000010111011111111111111110
11000011011111011111111111111101
11000011100110110000000000000000
11111000000111000000000000000000
11000000100110110000000000000001
01100100101000000000000000000000
11000100011000110000000000000000
00000100011000110000000000100010
01100100110000000000000000000001
11000100100000110000000000000001
00000100011000110010000000100011
11001000100111010000000000000000
11001100000111011111111111111111
11001000110111011111111111111110
11001000011111011111111111111101
11001100010111011111111111111100
11001000001111011111111111111011
11001000101111011111111111111010
11001100001111011111111111111001
11001100011111011111111111111000
11001000010111011111111111110111
11001011111111011111111111110110
01100111101111011111111111110101
11110011111000000000010101010011
01100111101111010000000000001011
11000011111111011111111111110110
11000100001111011111111111110111
11000100010000010000000000000001
11000100011111011111111111111000
00000100010000100001100000100011
11000100100111011111111111111001
00000100010000100010000000100001
00000100010000100000000000101111
11101100010000000000000000000011
11000000001111011111111111111010
11110000000000000000101011111001
11000000001111011111111111111011
11001011111111011111111111110110
01100111101111011111111111110101
11110011111000000000010101010110
01100111101111010000000000001011
11000011111111011111111111110110
11000100001111011111111111110111
11000100010000010000000000000010
11000100011111011111111111111000
00000100010000100001100000100011
11000100100111011111111111111100
00000100010000100010000000100001
00000100010000100000000000101111
11101100010000000000000000000011
11000000001111011111111111111010
11110000000000000000101011111001
11000100000111011111111111111101
11000100010000000000000000000001
01110100101000000000000000000000
01111100101000000000000000000000
11100100010001010000000000000011
11000000001111011111111111111110
11110000000000000000101011111001
11000000001111011111111111111010
11000000010111011111111111111010
11100000001000100000000000000101
11000000001111010000000000000000
11001100011000010000000000000000
11000000001111011111111111111110
11111000000111110000000000000000
01100100001000000000000000000010
11000100000111011111111111111101
11000100010000000000000000000010
11000100011111011111111111111001
00000100010000100001100000100010
01100100011000000000000000000011
11000100100000000000000000000011
00000100010000100010000000100011
11000000100111011111111111111011
11001000001111011111111111110110
11001000011111011111111111110101
11001100010111011111111111110100
10000000001001000000000000000000
11001011111111011111111111110011
01100111101111011111111111110010
11110011111000000000010101010000
01100111101111010000000000001110
11000011111111011111111111110011
11000100001111011111111111110111
11000100010000010000000000000000
11000100011111011111111111110100
00000100010000100001100000100011
11000100100111011111111111111111
00000100010000100010000000100001
00000100010000100000000000101111
11101100010000000000000000000011
11000000001111011111111111111010
11110000000000000000101100110011
11000000001111011111111111111011
11001011111111011111111111110011
01100111101111011111111111110010
11110011111000000000010101010110
01100111101111010000000000001110
11000011111111011111111111110011
11000100001111011111111111110111
11000100010000010000000000000010
11000100011111011111111111110100
00000100010000100001100000100011
11000100100111011111111111111100
00000100010000100010000000100001
00000100010000100000000000101111
11101100010000000000000000000011
11000000001111011111111111111010
11110000000000000000101100110011
11000100000111011111111111111101
11000100010000000000000000000011
01110100101000000000000000000000
01111100101000000000000000000000
11100100010001010000000000000011
11000000001111011111111111111110
11110000000000000000101100110011
11000000001111011111111111111010
11000000010111011111111111111010
11100000001000100000000000000101
11000000001111010000000000000000
11001100011000010000000000000000
11000000001111011111111111110110
11111000000111110000000000000000
11000100000111011111111111111101
11000100010000000000000000000100
11000100011111011111111111111100
00000100010000100001100000100010
11000100011000000000000000000101
00000100010000100001100000100011
11000000001111011111111111111011
11001100010111011111111111110011
11001011111111011111111111110010
01100111101111011111111111110001
11110011111000000000010101010000
01100111101111010000000000001111
11000011111111011111111111110010
11000100001111011111111111110111
11000100010000010000000000000000
11000100011111011111111111110011
00000100010000100001100000100011
11000100100111011111111111111111
00000100010000100010000000100001
00000100010000100000000000101111
11101100010000000000000000000011
11000000001111011111111111111010
11110000000000000000101101101000
11000000001111011111111111111011
11001011111111011111111111110010
01100111101111011111111111110001
11110011111000000000010101010011
01100111101111010000000000001111
11000011111111011111111111110010
11000100001111011111111111110111
11000100001000010000000000000001
11000100010111011111111111110011
00000100001000010001000000100011
11000100011111011111111111111001
00000100001000010001100000100001
00000100001000010000000000101111
11101100001000000000000000000011
11000000001111011111111111111010
11110000000000000000101101101000
11000100000111011111111111111101
11000100000000000000000000000101
01110100001000000000000000000000
01111100001000000000000000000000
11100100000000010000000000000011
11000000001111011111111111111110
11110000000000000000101101101000
11000000001111011111111111111010
11000000010111011111111111111010
11100000001000100000000000000110
11000000001111010000000000000000
11000100000111011111111111110011
11001100000000010000000000000000
11000000001111011111111111110101
11111000000111110000000000000000
10000000001000100000000000000000
11111000000111110000000000000000
11000000001110110000000000000001
01110100011000000000000000000000
01111100011000000000000000000000
01100100011000000000000000000000
11000100100000100000000000000000
11101100100000110000000000000011
10000000001000110000000000000000
11111000000111110000000000000000
01100100011000000000000000000001
11000100011000100000000000000001
00000100000000110000000000100011
11000100011000100000000000000010
00000100001000110000100000100011
00000100000000000000100000100001
11000100001000100000000000000011
00000100001000010001000000100011
00000100000000000000100000100001
11001100000000010000000000000000
10000000001000110000000000000000
11111000000111110000000000000000
11000000011110110000000000000001
01100100100000000000000000000000
11000100011000100000000000000000
01110100100000000000000000000000
01111100100000000000000000000000
11100100011001000000000001001111
01100100101000000000000000000001
11000100101000100000000000000001
00000100101001010000000000100011
11000100110000100000000000000010
00000100110001100000100000100011
00000100101001010011000000100001
01100100110000000000000000000011
11000100110000100000000000000011
00000100110001100001000000100011
00000100101001010011000000100001
11001000101111010000000000000000
11001000011111011111111111111111
11001000010111011111111111111110
11001000100111011111111111111101
11001100100111011111111111111100
11001100011111011111111111111011
11001100101111011111111111111010
11001000110111011111111111111001
11001000001111011111111111111000
11001011111111011111111111110111
01100111101111011111111111110110
11110011111000000000100100101100
01100111101111010000000000001010
11000011111111011111111111110111
11000000001111011111111111111000
11001100000111011111111111110111
11001011111111011111111111110110
01100111101111011111111111110101
11110011111000000000010101001000
01100111101111010000000000001011
11000011111111011111111111110110
11000000010111011111111111111001
11100000001000100000000000000011
11000100000111011111111111110111
11110000000000000000101110110010
01110100000000000000000000000000
01111100000000000000000111111100
11000100001111011111111111110111
00000100000000010000000000100010
11000100001111011111111111111010
00000100010000010000100000100011
11000100011111011111111111111011
00000100000000110000000000100011
00000100000000100000000000100010
11000100010111011111111111111100
11101100010000000000000000000011
11000000001111011111111111111101
11111000000111110000000000000000
11000000001111011111111111111000
11001100000111011111111111110110
11001011111111011111111111110101
01100111101111011111111111110100
11110011111000000000010101001100
01100111101111010000000000001100
11000011111111011111111111110101
11000000010111011111111111111101
11100000001000100000000000001011
11000100000111011111111111110110
00000100000000000000000000101100
11000100001111011111111111111010
00000100000000000000100000100001
11000100001111011111111111111110
11000100001000010000000000000100
00000100000000000000100000100011
11000000001111011111111111111111
11001100000000010000000000000000
11110000000000000000101111010111
11000100000111011111111111110110
00000100000000000000000000101100
11000100001111011111111111111010
00000100000000010000000000100010
11000100001111011111111111111110
11000100001000010000000000000100
00000100000000000000100000100011
11000000001111011111111111111111
11001100000000010000000000000000
11000000001111010000000000000000
11111000000111110000000000000000
10000000001001000000000000000000
11111000000111110000000000000000
11000000100110110000000000000100
11000000101110110000000000000011
11000000110110110000000000000010
11000000111110110000000000000001
11010000111001110000100000000000
11000100000000110000000000000000
11001000101111010000000000000000
11001000100111011111111111111111
11001000110111011111111111111110
11001000001111011111111111111101
11001000010111011111111111111100
11001000111111011111111111111011
11001000011111011111111111111010
11001100000111011111111111111001
10000000001001110000000000000000
11001011111111011111111111111000
01100111101111011111111111110111
11110011111000000000010101011011
01100111101111010000000000001001
11000011111111011111111111111000
11000100001111011111111111111001
00000100000000010000000000100010
01100100001000000000000000000001
11000100001111011111111111111010
11000100010000010000000000000001
11000000010111011111111111111011
11001100000111011111111111111000
11001000001111011111111111110111
11001100010111011111111111110110
10000000001000100000000000000000
11001011111111011111111111110101
01100111101111011111111111110100
11110011111000000000010101011110
01100111101111010000000000001100
11000011111111011111111111110101
11000100001111011111111111110110
00000100000000010000000000100010
01100100001000000000000000000010
11000100001111011111111111111010
11000100001000010000000000000010
11000000010111011111111111111011
11001000001111011111111111110101
11001100000111011111111111110100
11001100001111011111111111110011
10000000001000100000000000000000
11001011111111011111111111110010
01100111101111011111111111110001
11110011111000000000010101100001
01100111101111010000000000001111
11000011111111011111111111110010
11000100001111011111111111110011
00000100000000010000000000100010
11000000001111011111111111111100
11001100000111011111111111110010
11001011111111011111111111110001
01100111101111011111111111110000
11110011111000000000010110010100
01100111101111010000000000010000
11000011111111011111111111110001
11000000010111011111111111111101
11010000001000010001000000000000
11000000010111011111111111111011
11001000001111011111111111110001
10000000001000100000000000000000
11001011111111011111111111110000
01100111101111011111111111101111
11110011111000000000010101001000
01100111101111010000000000010001
11000011111111011111111111110000
11000000010111011111111111110111
11100000001000100000000000010011
11000000010111011111111111110101
11100000001000100000000000001001
11000100000111011111111111111000
11000100001111011111111111110100
11000100010111011111111111110010
11000000001111011111111111111011
11000000010111011111111111110001
11000011011111010000000000000000
11000011100110110000000000000000
11111000000111000000000000000000
11000100000111011111111111111000
11000100001111011111111111110100
11000100010111011111111111110010
11000000001111011111111111111011
11000000010111011111111111110001
11000011011111011111111111111111
11000011100110110000000000000000
11111000000111000000000000000000
11000000001111011111111111111100
11001011111111011111111111110000
01100111101111011111111111101111
11110011111000000000010110010010
01100111101111010000000000010001
11000011111111011111111111110000
10000000010000010000000000000000
11000100000111011111111111111000
11000100001111011111111111110100
11000100010111011111111111110010
11000000001111011111111111111011
11000000011111011111111111110001
11000011011111011111111111111110
11000011100110110000000000000000
11111000000111000000000000000000
11000000001110110000000000000001
01110100000000000000000000000000
01111100000000000000000000000000
01100100100000000000000000000000
11000100001000100000000000000000
11101100001000000000000000000011
10000000001001000000000000000000
11111000000111110000000000000000
11000100000000100000000000000000
11000100001000110000000000000011
00000100000000000000100000100011
11001100000000010000000000000000
01100100001000000000000000000001
11111000000111110000000000000000
11000000100110110000000000000001
01100100101000000000000000000000
11000100011000100000000000000000
01110100100000000000000000000000
01111100100000000000000000000000
11100100011001000000000000110011
01100100110000000000000000000001
11000100101000100000000000000001
00000100000001010000000000100011
11000100101000100000000000000010
00000100001001010000100000100011
00000100000000000000100000100001
11000100001000100000000000000011
00000100001000010001000000100011
00000100000000000000100000100001
11000100001000110000000000000011
00000100010000000000000000100011
00000100001000110000100000100011
00000100001000100000100000100010
11101100100000010000000000000011
10000000001001010000000000000000
11111000000111110000000000000000
11001000110111010000000000000000
11001000100111011111111111111111
11001000010111011111111111111110
11001100000111011111111111111101
11001100001111011111111111111100
11001000101111011111111111111011
11001011111111011111111111111010
01100111101111011111111111111001
11110011111000000000010101001100
01100111101111010000000000000111
11000011111111011111111111111010
11000000010111011111111111111011
11100000001000100000000000001011
11000100000111011111111111111100
00000100000000000000000000101100
11000100001111011111111111111101
00000100000000000000100000100001
11000100001111011111111111111110
11000100001000010000000000000100
00000100000000000000100000100011
11000000001111011111111111111111
11001100000000010000000000000000
11110000000000000000110010000111
11000100000111011111111111111100
00000100000000000000000000101100
11000100001111011111111111111101
00000100000000010000000000100010
11000100001111011111111111111110
11000100001000010000000000000100
00000100000000000000100000100011
11000000001111011111111111111111
11001100000000010000000000000000
11000000001111010000000000000000
11111000000111110000000000000000
10000000001001010000000000000000
11111000000111110000000000000000
11000000011110110000000000000100
11000000100110110000000000000011
11000000101110110000000000000010
11000000110110110000000000000001
11010000110001100000100000000000
11001000100111010000000000000000
11001000011111011111111111111111
11001000101111011111111111111110
11001000110111011111111111111101
11001000001111011111111111111100
11001000010111011111111111111011
10000000001001100000000000000000
11001011111111011111111111111010
01100111101111011111111111111001
11110011111000000000010101111100
01100111101111010000000000000111
11000011111111011111111111111010
11000100000000010000000000000000
01100100010000000000000000000001
11000100001000010000000000000001
01100100011000000000000000000010
11000100010000010000000000000010
11000000100111011111111111111011
11001000001111011111111111111010
11001000011111011111111111111001
11001100010111011111111111111000
11001100001111011111111111110111
11001100000111011111111111110110
11001000010111011111111111110101
10000000001001000000000000000000
11001011111111011111111111110100
01100111101111011111111111110011
11110011111000000000010110010100
01100111101111010000000000001101
11000011111111011111111111110100
11000000010111011111111111111100
11010000001000010001000000000000
11000000010111011111111111111101
11001000001111011111111111110100
10000000001000100000000000000000
11001011111111011111111111110011
01100111101111011111111111110010
11110011111000000000010101001000
01100111101111010000000000001110
11000011111111011111111111110011
11000000010111011111111111110101
11100000001000100000000000010101
11000000010111011111111111111001
11100000001000100000000000001010
11000100000111011111111111110110
11000100001111011111111111110111
11000100010111011111111111111000
11000000001111011111111111111101
11000000010111011111111111110100
11000000011111011111111111111010
11000011011111010000000000000000
11000011100110110000000000000000
11111000000111000000000000000000
11000100000111011111111111110110
11000100001111011111111111110111
11000100010111011111111111111000
11000000001111011111111111111101
11000000010111011111111111110100
11000000011111011111111111111010
11000011011111011111111111111111
11000011100110110000000000000000
11111000000111000000000000000000
11000000001111011111111111111011
11001011111111011111111111110011
01100111101111011111111111110010
11110011111000000000010110010010
01100111101111010000000000001110
11000011111111011111111111110011
10000000010000010000000000000000
11000100000111011111111111110110
11000100001111011111111111110111
11000100010111011111111111111000
11000000001111011111111111111101
11000000011111011111111111110100
11000011011111011111111111111110
11000011100110110000000000000000
11111000000111000000000000000000
01100100011000000000000000000110
01110100000000000000000000000000
01111100000000000000000000000000
11001000010111010000000000000000
11001100000111011111111111111111
11001000001111011111111111111110
10000000001000110000000000000000
11001011111111011111111111111101
01100111101111011111111111111100
11110011111000000010000100011010
01100111101111010000000000000100
11000011111111011111111111111101
01100100010000000000000000000000
11000100000111011111111111111110
11000100001000000000000000000000
11000100010111011111111111111111
11001000010111011111111111111101
11100100001000100000000000101100
11000000011111010000000000000000
11001000001111011111111111111100
10000000001000110000000000000000
11001011111111011111111111111011
01100111101111011111111111111010
11110011111000000000010101001100
01100111101111010000000000000110
11000011111111011111111111111011
11000100000111011111111111111110
11000100001000000000000000000000
11000100010111011111111111111111
11101100001000100000000000000011
11000000010111011111111111111101
11110000000000000000110011111110
01100100010000000000000000000001
11001011111111011111111111111011
01100111101111011111111111111010
11110011111000000000010010100000
01100111101111010000000000000110
11000011111111011111111111111011
11000000010111010000000000000000
11001000001111011111111111111011
10000000001000100000000000000000
11001011111111011111111111111010
01100111101111011111111111111001
11110011111000000000010101010000
01100111101111010000000000000111
11000011111111011111111111111010
11000000001111011111111111111011
11001011111111011111111111111010
01100111101111011111111111111001
11110011111000000000010010110101
01100111101111010000000000000111
11000011111111011111111111111010
11000000001111011111111111111100
11001100000000010000000000000000
01110100000000000000000000000000
01111100000000000000000111111100
11000100001111011111111111111110
11000100010000010000000000000000
00000100000000000001000000100101
11001100000000010000000000000001
11110000000000000000110100011011
11001100010000010000000000000001
01100100010000000000000000000001
11000100000111011111111111111110
11000100001000000000000000000001
11000100010111011111111111111111
11001000010111011111111111111010
11100100001000100000000000101100
11000000011111010000000000000000
11001000001111011111111111111100
10000000001000110000000000000000
11001011111111011111111111111001
01100111101111011111111111111000
11110011111000000000010101001100
01100111101111010000000000001000
11000011111111011111111111111001
11000100000111011111111111111110
11000100001000000000000000000001
11000100010111011111111111111111
11101100001000100000000000000011
11000000010111011111111111111101
11110000000000000000110100110000
11000000010111011111111111111010
11001011111111011111111111111001
01100111101111011111111111111000
11110011111000000000010010100000
01100111101111010000000000001000
11000011111111011111111111111001
11000000010111010000000000000000
11001000001111011111111111111001
10000000001000100000000000000000
11001011111111011111111111111000
01100111101111011111111111110111
11110011111000000000010101010011
01100111101111010000000000001001
11000011111111011111111111111000
11000000001111011111111111111001
11001011111111011111111111111000
01100111101111011111111111110111
11110011111000000000010010110101
01100111101111010000000000001001
11000011111111011111111111111000
11000000001111011111111111111100
11001100000000010000000000000010
01110100000000000000000000000000
01111100000000000000000111111100
11000100001111011111111111111110
11000100010000010000000000000001
00000100000000000001000000100101
11001100000000010000000000000011
11110000000000000000110101001101
11001100010000010000000000000011
11000100000111011111111111111110
11000100001000000000000000000010
11000100010111011111111111111111
11100100001000100000000000101100
11000000010111010000000000000000
11001000001111011111111111111100
10000000001000100000000000000000
11001011111111011111111111111000
01100111101111011111111111110111
11110011111000000000010101001100
01100111101111010000000000001001
11000011111111011111111111111000
11000100000111011111111111111110
11000100001000000000000000000010
11000100010111011111111111111111
11101100001000100000000000000011
11000000010111011111111111111101
11110000000000000000110101100000
11000000010111011111111111111010
11001011111111011111111111111000
01100111101111011111111111110111
11110011111000000000010010100000
01100111101111010000000000001001
11000011111111011111111111111000
11000000010111010000000000000000
11001000001111011111111111111000
10000000001000100000000000000000
11001011111111011111111111110111
01100111101111011111111111110110
11110011111000000000010101010110
01100111101111010000000000001010
11000011111111011111111111110111
11000000001111011111111111111000
11001011111111011111111111110111
01100111101111011111111111110110
11110011111000000000010010110101
01100111101111010000000000001010
11000011111111011111111111110111
11000000001111011111111111111100
11001100000000010000000000000100
01110100000000000000000000000000
01111100000000000000000111111100
11000100001111011111111111111110
11000100001000010000000000000010
00000100000000000000100000100101
11001100000000010000000000000101
11110000000000000000110101111101
11001100010000010000000000000101
11111000000111110000000000000000
01100100011000000000000000000100
01110100000000000000000000000000
01111100000000000000000000000000
11001100000111010000000000000000
11001000010111011111111111111111
11001000001111011111111111111110
10000000001000110000000000000000
11001011111111011111111111111101
01100111101111011111111111111100
11110011111000000010000100011010
01100111101111010000000000000100
11000011111111011111111111111101
11000100000111011111111111111110
11000100001000000000000000000000
11000000010111011111111111111111
11001000001111011111111111111101
11001100001111011111111111111100
10000000001000100000000000000000
11001011111111011111111111111011
01100111101111011111111111111010
11110011111000000000010101010000
01100111101111010000000000000110
11000011111111011111111111111011
11000100001111011111111111111100
00000100000000010000000000100011
11000100001111011111111111111110
11000100010000010000000000000001
11000000001111011111111111111111
11001100000111011111111111111011
11001100010111011111111111111010
11001011111111011111111111111001
01100111101111011111111111111000
11110011111000000000010101010011
01100111101111010000000000001000
11000011111111011111111111111001
11000100001111011111111111111010
00000100000000010000000000100011
11000100001111011111111111111011
00000100000000010000000000100001
11000100001111011111111111111110
11000100001000010000000000000010
11000000001111011111111111111111
11001100000111011111111111111001
11001100001111011111111111111000
11001011111111011111111111110111
01100111101111011111111111110110
11110011111000000000010101010110
01100111101111010000000000001010
11000011111111011111111111110111
11000100001111011111111111111000
00000100000000010000000000100011
11000100001111011111111111111001
00000100000000010000000000100001
11000100001111010000000000000000
11101100001000000000000000000100
11000000001111011111111111111101
11001100001000010000000000000000
11110000000000000000110111100010
01110100001000000000000000000000
01111100001000000000010111111100
00000100001000010000000000100101
11000000001111011111111111111101
11001100001000010000000000000000
11000000010111011111111111111111
11001100000111011111111111110111
10000000001000100000000000000000
11001011111111011111111111110110
01100111101111011111111111110101
11110011111000000000010101010000
01100111101111010000000000001011
11000011111111011111111111110110
11000100001111011111111111110111
00000100000000000000100000100101
00000100000000000000000000101110
11000000001111011111111111111101
11001100000000010000000000000001
11000000010111011111111111111111
10000000001000100000000000000000
11001011111111011111111111110110
01100111101111011111111111110101
11110011111000000000010101010011
01100111101111010000000000001011
11000011111111011111111111110110
11000100001111011111111111110111
00000100000000000000100000100101
00000100000000000000000000101110
11000000001111011111111111111101
11001100000000010000000000000010
11000000010111011111111111111111
10000000001000100000000000000000
11001011111111011111111111110110
01100111101111011111111111110101
11110011111000000000010101010110
01100111101111010000000000001011
11000011111111011111111111110110
11000100001111011111111111110111
00000100000000000000100000100101
00000100000000000000000000101110
11000000001111011111111111111101
11001100000000010000000000000011
11111000000111110000000000000000
01100100011000000000000000000101
01110100000000000000000000000000
01111100000000000000000000000000
11001100000111010000000000000000
11001000010111011111111111111111
11001000001111011111111111111110
10000000001000110000000000000000
11001011111111011111111111111101
01100111101111011111111111111100
11110011111000000010000100011010
01100111101111010000000000000100
11000011111111011111111111111101
01100100010000000000000000000000
11000100000111011111111111111110
11000100001000000000000000000000
11000100010000000000000000000001
11000100011000000000000000000010
11000000011111011111111111111111
11001000010111011111111111111101
11001000001111011111111111111100
10000000001000110000000000000000
10000000000000010000000000100000
10000000001000100000000000100000
10000000010000110000000000100000
11001011111111011111111111111011
01100111101111011111111111111010
11110011111000000000100100101100
01100111101111010000000000000110
11000011111111011111111111111011
11000100001111011111111111111110
11000100010000010000000000000000
11000000001111011111111111111111
11001100000111011111111111111011
11001100010111011111111111111010
11001011111111011111111111111001
01100111101111011111111111111000
11110011111000000000010101010000
01100111101111010000000000001000
11000011111111011111111111111001
11000100001111011111111111111010
00000100000000010000000000100011
00000100000000000000000000101110
11000100001111011111111111111110
11000100010000010000000000000001
11000000001111011111111111111111
11001100000111011111111111111001
11001100010111011111111111111000
11001011111111011111111111110111
01100111101111011111111111110110
11110011111000000000010101010011
01100111101111010000000000001010
11000011111111011111111111110111
11000100001111011111111111111000
00000100000000010000000000100011
00000100000000000000000000101110
11000100001111011111111111111110
11000100010000010000000000000010
11000000001111011111111111111111
11001100000111011111111111110111
11001100010111011111111111110110
11001011111111011111111111110101
01100111101111011111111111110100
11110011111000000000010101010110
01100111101111010000000000001100
11000011111111011111111111110101
11000100001111011111111111110110
00000100000000010000000000100011
00000100000000000000000000101110
11000000001111011111111111111100
11000100001111011111111111111011
11001100001000010000000000000000
11000000010111011111111111111111
11001100000111011111111111110101
10000000001000100000000000000000
11001011111111011111111111110100
01100111101111011111111111110011
11110011111000000000010101001110
01100111101111010000000000001101
11000011111111011111111111110100
11000000010111011111111111111101
11100000001000100000000001100011
11000100000111011111111111111110
11000100001000000000000000000010
11000000001111011111111111111111
11001100001111011111111111110100
11001011111111011111111111110011
01100111101111011111111111110010
11110011111000000000010101110110
01100111101111010000000000001110
11000011111111011111111111110011
11000100001111011111111111110100
00000100000000010000000000100011
11000100001111011111111111111110
11000100010000010000000000000001
11000000001111011111111111111111
11001100000111011111111111110011
11001100010111011111111111110010
11001011111111011111111111110001
01100111101111011111111111110000
11110011111000000000010101111001
01100111101111010000000000010000
11000011111111011111111111110001
11000100001111011111111111110010
00000100000000010000000000100011
11000100001111011111111111110011
00000100000000010000000000100001
01110100001000000000000000000000
01111100001000000000000111111000
00000100000000000000100000100011
11000100010111011111111111111001
00000100000000100000000000100010
11000000001111011111111111111100
11001100000000010000000000000001
11000100000111011111111111111110
11000100010000000000000000000010
11000000010111011111111111111111
11001100001111011111111111110001
11001100010111011111111111110000
10000000001000100000000000000000
11001011111111011111111111101111
01100111101111011111111111101110
11110011111000000000010101110011
01100111101111010000000000010010
11000011111111011111111111101111
11000100001111011111111111110000
00000100000000010000000000100011
11000100001111011111111111111110
11000100010000010000000000000000
11000000001111011111111111111111
11001100000111011111111111101111
11001100010111011111111111101110
11001011111111011111111111101101
01100111101111011111111111101100
11110011111000000000010101111001
01100111101111010000000000010100
11000011111111011111111111101101
11000100001111011111111111101110
00000100000000010000000000100011
11000100001111011111111111101111
00000100000000010000000000100001
11000100001111011111111111110001
00000100000000010000000000100011
11000100010111011111111111110111
00000100000000100000000000100010
11000000001111011111111111111100
11001100000000010000000000000010
11000100000111011111111111111110
11000100010000000000000000000001
11000000010111011111111111111111
11001100010111011111111111101101
10000000001000100000000000000000
11001011111111011111111111101100
01100111101111011111111111101011
11110011111000000000010101110011
01100111101111010000000000010101
11000011111111011111111111101100
11000100001111011111111111101101
00000100000000010000000000100011
11000100001111011111111111111110
11000100001000010000000000000000
11000000001111011111111111111111
11001100000111011111111111101100
11001100001111011111111111101011
11001011111111011111111111101010
01100111101111011111111111101001
11110011111000000000010101110110
01100111101111010000000000010111
11000011111111011111111111101010
11000100001111011111111111101011
00000100000000010000000000100011
11000100001111011111111111101100
00000100000000010000000000100001
11000100001111011111111111110001
00000100000000010000000000100011
11000100001111011111111111110101
00000100000000010000000000100010
11000000001111011111111111111100
11001100000000010000000000000011
11110000000000000000111010011101
11000000001111011111111111111100
11000100000111011111111111111001
11001100000000010000000000000001
11000100000111011111111111110111
11001100000000010000000000000010
11000100000111011111111111110101
11001100000000010000000000000011
11000100000111010000000000000000
11000100001111011111111111111011
11100100001000000000000000000110
01110100000000000000000000000000
01111100000000000000000111111100
00000100000000000000100000100101
11001100000000010000000000000100
11110000000000000000111010100101
11111000000111110000000000000000
11000000011110110000000000000001
01100100100000000000000000000000
11101000010001000000000001000100
11010000011000110001000000000000
11001011011111010000000000000000
11001000010111011111111111111111
11001000011111011111111111111110
11001000001111011111111111111101
11001011111111011111111111111100
01100111101111011111111111111011
11110011111000000000010110010100
01100111101111010000000000000101
11000011111111011111111111111100
11000000010111011111111111111101
11001000001111011111111111111100
10000000001000100000000000000000
11001011111111011111111111111011
01100111101111011111111111111010
11110011111000000000010110010010
01100111101111010000000000000110
11000011111111011111111111111011
11000000010111011111111111111110
11001000001111011111111111111011
10000000001000100000000000000000
11001011111111011111111111111010
01100111101111011111111111111001
11110011111000000000010101001000
01100111101111010000000000000111
11000011111111011111111111111010
01100100010000000000000000000001
11100000001000100000000000011001
01100100010000000000000000000010
11100000001000100000000000001100
11000000001111011111111111111011
11000000010111011111111111111110
11001011111111011111111111111010
01100111101111011111111111111001
11110011111000000000110111100011
01100111101111010000000000000111
11000011111111011111111111111010
11000000010111011111111111111111
11000000011111011111111111111100
11011000001000110001000000000000
11110000000000000000111011011100
11000000001111011111111111111011
11000000010111011111111111111110
11001011111111011111111111111010
01100111101111011111111111111001
11110011111000000000110101111110
01100111101111010000000000000111
11000011111111011111111111111010
11000000010111011111111111111111
11000000011111011111111111111100
11011000001000110001000000000000
11110000000000000000111011100111
11000000001111011111111111111011
11000000010111011111111111111110
11001011111111011111111111111010
01100111101111011111111111111001
11110011111000000000110011011101
01100111101111010000000000000111
11000011111111011111111111111010
11000000010111011111111111111111
11000000011111011111111111111100
11011000001000110001000000000000
01100100010000101111111111111111
11000000001111011111111111111101
11000011011111010000000000000000
11000011100110110000000000000000
11111000000111000000000000000000
11111000000111110000000000000000
11000000010110110000000000000010
11000011011110110000000000000001
11000000010000100000000000000000
01100100010000101111111111111111
11000011100110110000000000000000
11111000000111000000000000000000
11000000011110110000000000000001
01100100100000000000000000000000
11101000010001000000000001110101
11010000011000110001000000000000
11001011011111010000000000000000
11001000010111011111111111111111
11001000001111011111111111111110
11001000011111011111111111111101
10000000001000110000000000000000
11001011111111011111111111111100
01100111101111011111111111111011
11110011111000000000010101111100
01100111101111010000000000000101
11000011111111011111111111111100
11000000010111011111111111111101
11001000001111011111111111111100
10000000001000100000000000000000
11001011111111011111111111111011
01100111101111011111111111111010
11110011111000000000010101001000
01100111101111010000000000000110
11000011111111011111111111111011
11000100000111011111111111111110
11000100001000000000000000000000
11000000010111011111111111111101
11001000001111011111111111111011
11001100001111011111111111111010
10000000001000100000000000000000
11001011111111011111111111111001
01100111101111011111111111111000
11110011111000000000010101011011
01100111101111010000000000001000
11000011111111011111111111111001
11000100001111011111111111111010
00000100000000010000000000100010
11000000001111011111111111111100
11001100000000010000000000000000
11000100000111011111111111111110
11000100001000000000000000000001
11000000010111011111111111111101
11001100001111011111111111111001
10000000001000100000000000000000
11001011111111011111111111111000
01100111101111011111111111110111
11110011111000000000010101011110
01100111101111010000000000001001
11000011111111011111111111111000
11000100001111011111111111111001
00000100000000010000000000100010
11000000001111011111111111111100
11001100000000010000000000000001
01100100010000000000000000000010
11000100000111011111111111111110
11000100001000000000000000000010
11000000011111011111111111111101
11001000010111011111111111111000
11001100001111011111111111110111
10000000001000110000000000000000
11001011111111011111111111110110
01100111101111011111111111110101
11110011111000000000010101100001
01100111101111010000000000001011
11000011111111011111111111110110
11000100001111011111111111110111
00000100000000010000000000100010
11000000001111011111111111111100
11001100000000010000000000000010
11000000010111011111111111111000
11000000011111011111111111111011
11100000011000100000000000010111
11101000010000110000000000000010
11110000000000000000111101001110
11000100000000010000000000000000
11000100001000010000000000000001
11000100010000010000000000000010
11000000010111011111111111111101
10000000001000100000000000000000
11001011111111011111111111110110
01100111101111011111111111110101
11110011111000000000100100101100
01100111101111010000000000001011
11000011111111011111111111110110
01100100001000000000000000000011
11000000010111011111111111111011
11100000010000010000000000000010
11110000000000000000111101001100
01110100001000000000000000000000
01111100001000000000000111111100
00000100000000000000100000100010
11000000001111011111111111111100
11001100000000010000000000000011
11110000000000000000111101100100
11000000010111011111111111111101
10000000001000100000000000000000
11001011111111011111111111110110
01100111101111011111111111110101
11110011111000000000010101011001
01100111101111010000000000001011
11000011111111011111111111110110
11000100000111011111111111111100
11000100001000000000000000000000
11000100010000000000000000000001
11000100011000000000000000000010
10000000000000010000000000100000
10000000001000100000000000100000
10000000010000110000000000100000
11001011111111011111111111110110
01100111101111011111111111110101
11110011111000000000010100000011
01100111101111010000000000001011
11000011111111011111111111110110
11000000001111011111111111111100
11001100000000010000000000000011
11000000001111011111111111111111
01100100010000011111111111111111
11000000001111011111111111111110
11000011011111010000000000000000
11000011100110110000000000000000
11111000000111000000000000000000
11111000000111110000000000000000
11000000010110110000000000000011
11000000011110110000000000000010
11000000100110110000000000000001
11001000001111010000000000000000
11001000011111011111111111111111
11001000100111011111111111111110
10000011100000100000000000000000
10000000010000010000000000000000
10000000001111000000000000000000
11001011111111011111111111111101
01100111101111011111111111111100
11110011111000000000010011001011
01100111101111010000000000000100
11000011111111011111111111111101
11000000001111011111111111111110
11000000001000010000000000000000
01100100010000011111111111111111
11000000001111010000000000000000
11000011011111011111111111111111
11000011100110110000000000000000
11111000000111000000000000000000
11001100010111010000000000000000
11001100001111011111111111111111
11001000001111011111111111111110
11001100000111011111111111111101
11001011111111011111111111111100
01100111101111011111111111111011
11110011111000000000010101010000
01100111101111010000000000000101
11000011111111011111111111111100
11000100001111011111111111111101
00000100001000010000000000101111
11101100001000000000000000000011
01100100001000000000000000000000
11110000000000000000111110100101
11000000001111011111111111111110
11001011111111011111111111111100
01100111101111011111111111111011
11110011111000000000010101010011
01100111101111010000000000000101
11000011111111011111111111111100
11000100001111011111111111111111
00000100001000010000000000101111
11101100001000000000000000000011
01100100001000000000000000000000
11110000000000000000111110100101
11000000001111011111111111111110
11001011111111011111111111111100
01100111101111011111111111111011
11110011111000000000010101010110
01100111101111010000000000000101
11000011111111011111111111111100
11000100001111010000000000000000
00000100001000010000000000101111
11101100001000000000000000000011
01100100001000000000000000000000
11110000000000000000111110100101
01100100001000000000000000000001
01100100010000000000000000000000
11100000001000100000000000000011
11000000001111011111111111111110
11110000000000000000010101001100
11000000001111011111111111111110
11001000010111011111111111111100
11001011111111011111111111111011
01100111101111011111111111111010
11110011111000000000010101001100
01100111101111010000000000000110
11000011111111011111111111111011
11000000010111011111111111111100
11100000001000100000000000000011
10000000001000100000000000000000
11111000000111110000000000000000
01100100001000000000000000000001
11111000000111110000000000000000
11001000001111010000000000000000
11001100010111011111111111111111
11001100001111011111111111111110
11001100000111011111111111111101
11001011111111011111111111111100
01100111101111011111111111111011
11110011111000000000010101011001
01100111101111010000000000000101
11000011111111011111111111111100
11000100000111011111111111111101
11000100001111011111111111111110
11000100010111011111111111111111
11001011111111011111111111111100
01100111101111011111111111111011
11110011111000000000010100000011
01100111101111010000000000000101
11000011111111011111111111111100
11000000001111010000000000000000
11001100000111011111111111111100
11001011111111011111111111111011
01100111101111011111111111111010
11110011111000000000010101001100
01100111101111010000000000000110
11000011111111011111111111111011
01110100000000000000000000000000
01111100000000000000000000000000
11000100001111011111111111111100
11101100001000000000000000000011
01100100010000000000000000000000
11110000000000000000111111010101
01100100010000000000000000000001
11001011111111011111111111111011
01100111101111011111111111111010
11110011111000000000010010100000
01100111101111010000000000000110
11000011111111011111111111111011
01100100010000000000000000000000
11100000001000100000000000000011
10000000001000100000000000000000
11111000000111110000000000000000
01100100001000000000000000000001
11111000000111110000000000000000
11001000001111010000000000000000
11001011111111011111111111111111
01100111101111011111111111111110
11110011111000000000100100101100
01100111101111010000000000000010
11000011111111011111111111111111
11000000001111010000000000000000
11001100000111011111111111111111
11001011111111011111111111111110
01100111101111011111111111111101
11110011111000000000010101001000
01100111101111010000000000000011
11000011111111011111111111111110
01100100010000000000000000000011
11100000001000100000000000000011
11000100000111011111111111111111
11110000000000000000111111110101
01110100000000000000000000000000
01111100000000000000000111111100
11000100001111011111111111111111
00000100000000010000000000100010
11000000001111010000000000000000
11001100000111011111111111111110
11001011111111011111111111111101
01100111101111011111111111111100
11110011111000000000010101001100
01100111101111010000000000000100
11000011111111011111111111111101
01110100000000000000000000000000
01111100000000000000000000000000
11000100001111011111111111111110
11101100001000000000000000000011
01100100010000000000000000000000
11110000000000000001000000000011
01100100010000000000000000000001
11001011111111011111111111111101
01100111101111011111111111111100
11110011111000000000010010100000
01100111101111010000000000000100
11000011111111011111111111111101
01100100010000000000000000000000
11100000001000100000000000000011
10000000001000100000000000000000
11111000000111110000000000000000
01100100001000000000000000000001
11111000000111110000000000000000
11001100010111010000000000000000
11001100001111011111111111111111
11001000001111011111111111111110
11001100000111011111111111111101
11001011111111011111111111111100
01100111101111011111111111111011
11110011111000000000010101011011
01100111101111010000000000000101
11000011111111011111111111111100
11000100001111011111111111111101
00000100000000010000000000100010
11000000001111011111111111111110
11001100000111011111111111111100
11001011111111011111111111111011
01100111101111011111111111111010
11110011111000000000010101011110
01100111101111010000000000000110
11000011111111011111111111111011
11000100001111011111111111111111
00000100000000010000000000100010
11000000001111011111111111111110
11001100000111011111111111111011
11001011111111011111111111111010
01100111101111011111111111111001
11110011111000000000010101100001
01100111101111010000000000000111
11000011111111011111111111111010
11000100001111010000000000000000
00000100000000010000000000100010
11000000001111011111111111111110
11001100000111011111111111111010
11001011111111011111111111111001
01100111101111011111111111111000
11110011111000000000010101001000
01100111101111010000000000001000
11000011111111011111111111111001
01100100010000000000000000000001
11100000001000100000000000001101
01100100010000000000000000000010
11100000001000100000000000000110
11000100000111011111111111111100
11000100001111011111111111111011
11000100010111011111111111111010
11000000001111011111111111111110
11110000000000000000111111100000
11000100000111011111111111111100
11000100001111011111111111111011
11000100010111011111111111111010
11000000001111011111111111111110
11110000000000000000111110110110
11000100000111011111111111111100
11000100001111011111111111111011
11000100010111011111111111111010
11000000001111011111111111111110
11110000000000000000111110000000
11000000011110110000000000000001
11010000100000100000100000000000
01100100101000001111111111111111
11100000100001010000000000011011
11010000011000110010000000000000
11001100010111010000000000000000
11001100001111011111111111111111
11001100000111011111111111111110
11001000010111011111111111111101
11001011011111011111111111111100
11001000001111011111111111111011
10000000001000110000000000000000
11001011111111011111111111111010
01100111101111011111111111111001
11110011111000000001000000001110
01100111101111010000000000000111
11000011111111011111111111111010
01100100010000000000000000000000
11100000001000100000000000000011
10000000001000100000000000000000
11111000000111110000000000000000
11000000001111011111111111111011
01100100001000010000000000000001
11000100000111011111111111111110
11000100001111011111111111111111
11000100010111010000000000000000
11000000010111011111111111111101
11000011011111011111111111111100
11000011100110110000000000000000
11111000000111000000000000000000
01100100001000000000000000000001
11111000000111110000000000000000
11000000011110110000000000000111
11000000100110110000000000000110
11000000101110110000000000000101
11000000110110110000000000000100
11000000111110110000000000000011
11000001000110110000000000000010
11000001001110110000000000000001
11010001010000100000100000000000
01100101011000001111111111111111
11100001010010110000000001100001
11010001010000100000100000000000
11001001001111010000000000000000
11001001000111011111111111111111
11001000111111011111111111111110
11001000010111011111111111111101
11001011011111011111111111111100
11001000001111011111111111111011
11001001010111011111111111111010
11001000101111011111111111111001
11001000100111011111111111111000
10000000010001100000000000000000
10000000001010100000000000000000
10000011011000110000000000000000
10000000011010000000000000000000
11001011111111011111111111110111
01100111101111011111111111110110
11000011100110110000000000000000
11111011111111000000000000000000
01100111101111010000000000001010
11000011111111011111111111110111
01100100010000000000000000000000
11000100000111011111111111111000
11000100000000000000000000000000
11100000001000100000000000001000
01110100001011001100110011001101
01111100001000000000010111110010
11101100000000010000000000000011
10000000001000100000000000000000
11110000000000000001000010001101
01100100001000000000000000000001
11110000000000000001000010001111
10000000001000100000000000000000
11100000001000100000000000101101
01110100001000111101011100001010
01111100001000000000000111100001
00000100000000010000000000100001
11000100001111011111111111111110
11000100010000010000000000000000
00000100010000100000000000100011
11000100011111011111111111111111
11000100100000110000000000000000
00000100010000100010000000100001
01100100001000000000000000000001
11000100100000010000000000000001
00000100100001000000000000100011
11000100101000110000000000000001
00000100100001000010100000100001
11000100001000010000000000000010
00000100000000010000000000100011
11000100001000110000000000000010
00000100000000000000100000100001
11000000011111011111111111111101
11000011011111010000000000000000
11001000001111011111111111110111
11001000010111011111111111110110
10000000001000100000000000000000
10000000010000110000000000000000
10000000001001000000000000100000
10000011111000100000000000100000
10000000010000000000000000100000
10000000000111110000000000100000
11001011111111011111111111110101
01100111101111011111111111110100
11000011100110110000000000000000
11111011111111000000000000000000
01100111101111010000000000001100
11000011111111011111111111110101
11000000010111011111111111110110
11100000001000100000000000000011
11000000001111011111111111110111
11111000000111110000000000000000
11000000001111011111111111111011
01100100001000010000000000000001
11000000010111011111111111111101
11000011011111011111111111111100
11000011100110110000000000000000
11111000000111000000000000000000
11000000001111011111111111111010
11000000011111011111111111111001
11010000001000110000100000000000
11001000010111011111111111110110
11001011111111011111111111110101
01100111101111011111111111110100
11110011111000000000010101001100
01100111101111010000000000001100
11000011111111011111111111110101
11000000010111011111111111110110
11100000001000100000000000000111
11000000001111011111111111111011
01100100001000010000000000000001
11000000010111011111111111111101
11000011011111011111111111111100
11000011100110110000000000000000
11111000000111000000000000000000
10000000001000100000000000000000
11111000000111110000000000000000
01100100001000000000000000000000
11111000000111110000000000000000
11000000011110110000000000000010
11000000100110110000000000000001
11010000101000100000100000000000
01100100110000001111111111111111
11100000101001100000000000011010
11010000100001000010100000000000
01100100101000000000000000000000
11001000010111010000000000000000
11001011011111011111111111111111
11001000001111011111111111111110
11001000101111011111111111111101
10000000010001000000000000000000
10000000001001010000000000000000
10000011011000110000000000000000
11001011111111011111111111111100
01100111101111011111111111111011
11000011100110110000000000000000
11111011111111000000000000000000
01100111101111010000000000000101
11000011111111011111111111111100
11000000010111011111111111111101
11100000001000100000000000000011
01100100001000000000000000000001
11111000000111110000000000000000
11000000001111011111111111111110
01100100001000010000000000000001
11000000010111010000000000000000
11000011011111011111111111111111
11000011100110110000000000000000
11111000000111000000000000000000
01100100001000000000000000000000
11111000000111110000000000000000
11000000011110110000000000000101
11000000100110110000000000000100
11000000101110110000000000000011
11000000110110110000000000000010
11000000111110110000000000000001
11010001000000100000100000000000
01100101001000000000000000000000
11000001010010000000000000000000
01100101011000001111111111111111
11100001010010110000000001001110
01100101011000000000000001100011
11001001000111010000000000000000
11001000101111011111111111111111
11001000010111011111111111111110
11001011011111011111111111111101
11001000001111011111111111111100
11001001001111011111111111111011
11100001010010110000000000101000
11001000100111011111111111111010
10000000010001100000000000000000
10000000001010100000000000000000
10000011011000110000000000000000
10000000011001110000000000000000
11001011111111011111111111111001
01100111101111011111111111111000
11000011100110110000000000000000
11111011111111000000000000000000
01100111101111010000000000001000
11000011111111011111111111111001
11000000010111011111111111111011
11100000001000100000000000011001
01110100000011001100110011001101
01111100000000000000010111101110
11000100001111011111111111111010
11000100001000010000000000000000
11101100001000000000000000000011
10000000001000100000000000000000
11110000000000000001000100100111
01100100001000000000000000000001
11000000011111010000000000000000
11000011011111011111111111111111
11001000001111011111111111111001
10000000010000110000000000000000
11001011111111011111111111111000
01100111101111011111111111110111
11000011100110110000000000000000
11111011111111000000000000000000
01100111101111010000000000001001
11000011111111011111111111111000
11000000010111011111111111111011
11100000001000100000000000000011
11000000001111011111111111111001
11110000000000000001000100100111
10000000001000100000000000000000
11110000000000000001000100101001
10000000001000100000000000000000
11110000000000000001000100101011
01100100001000000000000000000001
11000000010111011111111111111011
11100000001000100000000000010110
01100100001000000000000000000001
11000000011111010000000000000000
11000011011111011111111111111111
11001000001111011111111111111000
10000000010000110000000000000000
11001011111111011111111111110111
01100111101111011111111111110110
11000011100110110000000000000000
11111011111111000000000000000000
01100111101111010000000000001010
11000011111111011111111111110111
11000000010111011111111111111011
11100000001000100000000000000011
11000000001111011111111111111000
11111000000111110000000000000000
11000000001111011111111111111100
01100100001000010000000000000001
11000000010111011111111111111110
11000011011111011111111111111101
11000011100110110000000000000000
11111000000111000000000000000000
11000000001111011111111111111100
01100100001000010000000000000001
11000000010111011111111111111110
11000011011111011111111111111101
11000011100110110000000000000000
11111000000111000000000000000000
10000000001010010000000000000000
11111000000111110000000000000000
11000000100110110000000000001001
11000000101110110000000000001000
11000000110110110000000000000111
11000000111110110000000000000110
11000001000110110000000000000101
11000001001110110000000000000100
11000001010110110000000000000011
11000001011110110000000000000010
11000001100110110000000000000001
11010001101000100000100000000000
01100101110000001111111111111111
11100001101011100000000001110111
11001001001111010000000000000000
11001001011111011111111111111111
11001001010111011111111111111110
11001001100111011111111111111101
11001000101111011111111111111100
11001000100111011111111111111011
11001000110111011111111111111010
11001000011111011111111111111001
11001000010111011111111111111000
11001011011111011111111111110111
11001000001111011111111111110110
11001001101111011111111111110101
11001001000111011111111111110100
10000000010000110000000000000000
10000000001011010000000000000000
10000011011001110000000000000000
10000000011001010000000000000000
11001011111111011111111111110011
01100111101111011111111111110010
11000011100110110000000000000000
11111011111111000000000000000000
01100111101111010000000000001110
11000011111111011111111111110011
01100100010000000000000000000000
11100000001000100000000001001011
11000100000111011111111111111010
11000100000000000000000000000000
01110100001000000000000000000000
01111100001000000000000000000000
11101100001000000000000000000010
11110000000000000001000110110010
11000100001111011111111111111011
11000100010000010000000000000000
11101100000000100000000000000010
11110000000000000001000110110010
01110100010000111101011100001010
01111100010000000000000111100001
00000100000000100000000000100001
11000100010111011111111111111001
11000100011000100000000000000000
00000100011000110000000000100011
11000100100111011111111111111100
11000100101001000000000000000000
00000100011000110010100000100001
11000100101000100000000000000001
00000100101001010000000000100011
11000100110001000000000000000001
00000100101001010011000000100001
11000100110000100000000000000010
00000100110001100000000000100011
11000100100001000000000000000010
00000100100001100010000000100001
11000000011111011111111111111000
11000011011111011111111111111101
11001000001111011111111111110011
11001100100111011111111111110010
11001100101111011111111111110001
11001100011111011111111111110000
11001100000111011111111111101111
11001000010111011111111111101110
10000000001000100000000000000000
10000000010000110000000000000000
10000000010001000000000000100000
10000000001001010000000000100000
10000000000000110000000000100000
11001011111111011111111111101101
01100111101111011111111111101100
11000011100110110000000000000000
11111011111111000000000000000000
01100111101111010000000000010100
11000011111111011111111111101101
11000000010111011111111111101110
11100000001000100000000000010100
11000000001111011111111111111011
11000100000111011111111111101111
11001100000000010000000000000000
11000100000111011111111111110000
11000100001111011111111111110001
11000100010111011111111111110010
11000000001111011111111111111110
11001011111111011111111111101101
01100111101111011111111111101100
11110011111000000000010011000000
01100111101111010000000000010100
11000011111111011111111111101101
11000000001111011111111111111111
11000000010111011111111111110101
11001000010000010000000000000000
11000000001111010000000000000000
11000000010111011111111111110011
11001000010000010000000000000000
11110000000000000001000110110010
11000000001111011111111111110110
01100100001000010000000000000001
11000000010111011111111111111000
11000000011111011111111111111001
11000011011111011111111111110111
11000011100110110000000000000000
11111000000111000000000000000000
11000000001111011111111111110101
11000000011111011111111111110100
11010000001000110000100000000000
11001000010111011111111111101110
11001011111111011111111111101101
01100111101111011111111111101100
11110011111000000000010101001100
01100111101111010000000000010100
11000011111111011111111111101101
11000000010111011111111111101110
11100000001000100000000000001000
11000000001111011111111111110110
01100100001000010000000000000001
11000000010111011111111111111000
11000000011111011111111111111001
11000011011111011111111111110111
11000011100110110000000000000000
11111000000111000000000000000000
11111000000111110000000000000000
11111000000111110000000000000000
11000000100110110000000000000010
11000000101110110000000000000001
11010000110000100000100000000000
01100100111000001111111111111111
11100000110001110000000000010111
11010000101001010011000000000000
01100100110000000000000000000000
11001000011111010000000000000000
11001000010111011111111111111111
11001011011111011111111111111110
11001000001111011111111111111101
10000000010001010000000000000000
10000000001001100000000000000000
10000011011001000000000000000000
11001011111111011111111111111100
01100111101111011111111111111011
11000011100110110000000000000000
11111011111111000000000000000000
01100111101111010000000000000101
11000011111111011111111111111100
11000000001111011111111111111101
01100100001000010000000000000001
11000000010111011111111111111111
11000000011111010000000000000000
11000011011111011111111111111110
11000011100110110000000000000000
11111000000111000000000000000000
11111000000111110000000000000000
11000000100110110000000000000101
11000000101110110000000000000100
11000000110110110000000000000011
11000000111110110000000000000010
11000001000110110000000000000001
11010001001000100000100000000000
01100101010000000000000000000000
11000001011010010000000000000000
01100101100000001111111111111111
11100001011011000000000000111011
01100101100000000000000001100011
11001000011111010000000000000000
11001000010111011111111111111111
11001011011111011111111111111110
11001000001111011111111111111101
11100001011011000000000000100100
11001001001111011111111111111100
11001001000111011111111111111011
11001000100111011111111111111010
11001000110111011111111111111001
11001001010111011111111111111000
10000000010000110000000000000000
10000000001010110000000000000000
10000011011001110000000000000000
10000000011001010000000000000000
11001011111111011111111111110111
01100111101111011111111111110110
11000011100110110000000000000000
11111011111111000000000000000000
01100111101111010000000000001010
11000011111111011111111111110111
11000000010111011111111111111000
11100000001000100000000000010010
11000100000111011111111111111001
11000100000000000000000000000000
11000100001111011111111111111010
11000100001000010000000000000000
11101100000000010000000000000010
11110000000000000001001000011010
01100100001000000000000000000001
11000000010111011111111111111100
11000000011111010000000000000000
11000011011111011111111111111011
11001011111111011111111111110111
01100111101111011111111111110110
11000011100110110000000000000000
11111011111111000000000000000000
01100111101111010000000000001010
11000011111111011111111111110111
11110000000000000001001000011011
11110000000000000001001000100110
01100100100000000000000000000001
10000000010010010000000000000000
10000000001001000000000000000000
10000011011010000000000000000000
11001011111111011111111111110111
01100111101111011111111111110110
11000011100110110000000000000000
11111011111111000000000000000000
01100111101111010000000000001010
11000011111111011111111111110111
11000000001111011111111111111101
01100100001000010000000000000001
11000000010111011111111111111111
11000000011111010000000000000000
11000011011111011111111111111110
11000011100110110000000000000000
11111000000111000000000000000000
11111000000111110000000000000000
11000000010110110000000000000011
11000000011110110000000000000010
11000000100110110000000000000001
01100100101000000000000000000000
01110100000011100110101100101000
01111100000000000000001001110011
11001100000000110000000000000000
11000000100001000000000000000000
11001000101111010000000000000000
11001000011111011111111111111111
10000000011000010000000000000000
10000011011000100000000000000000
10000000010001000000000000000000
10000000001001010000000000000000
11001011111111011111111111111110
01100111101111011111111111111101
11000011100110110000000000000000
11111011111111000000000000000000
01100111101111010000000000000011
11000011111111011111111111111110
11000100000111011111111111111111
11000100000000000000000000000000
01110100001011001100110011001101
01111100001000000000010111101110
11101100001000000000000000000011
11000000001111010000000000000000
11111000000111110000000000000000
01110100001111101011110000100000
01111100001000000000001001100101
11101100000000010000000000000011
11000000001111010000000000000000
11111000000111110000000000000000
01100100001000000000000000000001
11111000000111110000000000000000
11000000100110110000000000001001
11000000101110110000000000001000
11000000110110110000000000000111
11000000111110110000000000000110
11000001000110110000000000000101
11000001001110110000000000000100
11000001010110110000000000000011
11000001011110110000000000000010
11000001100110110000000000000001
11001001001111010000000000000000
11001001011111011111111111111111
11001001010111011111111111111110
11001001100111011111111111111101
11001000101111011111111111111100
11001000100111011111111111111011
11001000111111011111111111111010
11001011011111011111111111111001
11001001000111011111111111111000
11001000011111011111111111110111
11001000110111011111111111110110
11001000001111011111111111110101
11001000010111011111111111110100
10000000001000110000000000000000
11001011111111011111111111110011
01100111101111011111111111110010
11110011111000000000010110010010
01100111101111010000000000001110
11000011111111011111111111110011
11000000010111011111111111110101
11000000011111011111111111110100
11010000100000110001000000000000
01100100101000001111111111111111
11100000100001010000000001101011
11000000101111011111111111110111
11000011011111011111111111110110
11001000001111011111111111110011
11001000100111011111111111110010
10000000010001010000000000000000
10000000001001000000000000000000
11001011111111011111111111110001
01100111101111011111111111110000
11000011100110110000000000000000
11111011111111000000000000000000
01100111101111010000000000010000
11000011111111011111111111110001
01100100010000000000000000000000
11100000001000100000000001001010
11000100000111011111111111111010
11000100000000000000000000000000
01110100001000000000000000000000
01111100001000000000000000000000
11101100001000000000000000000010
11110000000000000001001011000001
11000100001111011111111111111011
11000100010000010000000000000000
11101100000000100000000000000010
11110000000000000001001011000001
01110100010000111101011100001010
01111100010000000000000111100001
00000100000000100000000000100001
11000100010111011111111111110011
11000100011000100000000000000000
00000100011000110000000000100011
11000100100111011111111111111100
11000100101001000000000000000000
00000100011000110010100000100001
11000100101000100000000000000001
00000100101001010000000000100011
11000100110001000000000000000001
00000100101001010011000000100001
11000100010000100000000000000010
00000100010000100000000000100011
11000100100001000000000000000010
00000100010000100010000000100001
11000000011111011111111111110100
11000011011111011111111111111101
11001000001111011111111111110001
11001100010111011111111111110000
11001100101111011111111111101111
11001100011111011111111111101110
11001100000111011111111111101101
11001000010111011111111111101100
10000000001000100000000000000000
10000000010000110000000000000000
10000000001001010000000000100000
10000000000000110000000000100000
11001011111111011111111111101011
01100111101111011111111111101010
11000011100110110000000000000000
11111011111111000000000000000000
01100111101111010000000000010110
11000011111111011111111111101011
11000000010111011111111111101100
11100000001000100000000000010100
11000000001111011111111111111011
11000100000111011111111111101101
11001100000000010000000000000000
11000100000111011111111111101110
11000100001111011111111111101111
11000100010111011111111111110000
11000000001111011111111111111110
11001011111111011111111111101011
01100111101111011111111111101010
11110011111000000000010011000000
01100111101111010000000000010110
11000011111111011111111111101011
11000000001111011111111111111111
11000000010111011111111111110010
11001000010000010000000000000000
11000000001111010000000000000000
11000000010111011111111111110001
11001000010000010000000000000000
11110000000000000001001011000001
11000000001111011111111111110101
01100100001000010000000000000001
11000000010111011111111111110100
11000000011111011111111111110111
11000011011111011111111111111001
11000011100110110000000000000000
11111000000111000000000000000000
11000000001111011111111111110010
11000000011111011111111111111000
11010000001000110000100000000000
11001000010111011111111111101100
11001011111111011111111111101011
01100111101111011111111111101010
11110011111000000000010101001100
01100111101111010000000000010110
11000011111111011111111111101011
11000000010111011111111111101100
11100000001000100000000000001000
11000000001111011111111111110101
01100100001000010000000000000001
11000000010111011111111111110100
11000000011111011111111111110111
11000011011111011111111111111001
11000011100110110000000000000000
11111000000111000000000000000000
11111000000111110000000000000000
11111000000111110000000000000000
11000000100110110000000000000010
11000000101110110000000000000001
11010000110000100000100000000000
01100100111000001111111111111111
11100000110001110000000000010111
11010000101001010011000000000000
01100100110000000000000000000000
11001000011111010000000000000000
11001000010111011111111111111111
11001011011111011111111111111110
11001000001111011111111111111101
10000000010001010000000000000000
10000000001001100000000000000000
10000011011001000000000000000000
11001011111111011111111111111100
01100111101111011111111111111011
11000011100110110000000000000000
11111011111111000000000000000000
01100111101111010000000000000101
11000011111111011111111111111100
11000000001111011111111111111101
01100100001000010000000000000001
11000000010111011111111111111111
11000000011111010000000000000000
11000011011111011111111111111110
11000011100110110000000000000000
11111000000111000000000000000000
11111000000111110000000000000000
11000000100110110000000000000100
11000000101110110000000000000011
11000000110110110000000000000010
11000000111110110000000000000001
11010001000000100000100000000000
01100101001000000000000000000000
11000001010010000000000000000000
01100101011000001111111111111111
11100001010010110000000000111010
01100101011000000000000001100011
11001000011111010000000000000000
11001000010111011111111111111111
11001011011111011111111111111110
11001000001111011111111111111101
11100001010010110000000000100011
11001001000111011111111111111100
11001000111111011111111111111011
11001000100111011111111111111010
11001000110111011111111111111001
11001001001111011111111111111000
10000000010000110000000000000000
10000000001010100000000000000000
10000011011001010000000000000000
11001011111111011111111111110111
01100111101111011111111111110110
11000011100110110000000000000000
11111011111111000000000000000000
01100111101111010000000000001010
11000011111111011111111111110111
11000000010111011111111111111000
11100000001000100000000000010010
11000100000111011111111111111001
11000100000000000000000000000000
11000100001111011111111111111010
11000100001000010000000000000000
11101100000000010000000000000010
11110000000000000001001100100111
01100100001000000000000000000001
11000000010111011111111111111100
11000000011111010000000000000000
11000011011111011111111111111011
11001011111111011111111111110111
01100111101111011111111111110110
11000011100110110000000000000000
11111011111111000000000000000000
01100111101111010000000000001010
11000011111111011111111111110111
11110000000000000001001100101000
11110000000000000001001100110011
01100100100000000000000000000001
10000000010010000000000000000000
10000000001001000000000000000000
10000011011001110000000000000000
11001011111111011111111111110111
01100111101111011111111111110110
11000011100110110000000000000000
11111011111111000000000000000000
01100111101111010000000000001010
11000011111111011111111111110111
11000000001111011111111111111101
01100100001000010000000000000001
11000000010111011111111111111111
11000000011111010000000000000000
11000011011111011111111111111110
11000011100110110000000000000000
11111000000111000000000000000000
11111000000111110000000000000000
11000000010110110000000000000011
11000000011110110000000000000010
11000000100110110000000000000001
01100100101000000000000000000000
01110100000011100110101100101000
01111100000000000000001001110011
11001100000000110000000000000000
11000000100001000000000000000000
11001000101111010000000000000000
11001000011111011111111111111111
10000000011000010000000000000000
10000011011000100000000000000000
10000000010001000000000000000000
10000000001001010000000000000000
11001011111111011111111111111110
01100111101111011111111111111101
11000011100110110000000000000000
11111011111111000000000000000000
01100111101111010000000000000011
11000011111111011111111111111110
11000100000111011111111111111111
11000100000000000000000000000000
01110100001011001100110011001101
01111100001000000000010111101110
11101100001000000000000000000011
11000000001111010000000000000000
11111000000111110000000000000000
01110100001111101011110000100000
01111100001000000000001001100101
11101100000000010000000000000011
11000000001111010000000000000000
11111000000111110000000000000000
01100100001000000000000000000001
11111000000111110000000000000000
11000000010110110000000000000010
11000000011110110000000000000001
11000000011000110000000000000000
11001000010111010000000000000000
11001000001111011111111111111111
11001000011111011111111111111110
10000000001000100000000000000000
11001011111111011111111111111101
01100111101111011111111111111100
11110011111000000000010011001000
01100111101111010000000000000100
11000011111111011111111111111101
11000000001111011111111111111110
01100100001000011111111111111111
11000100000111011111111111111111
11010100000000000000100000000000
11001000001111011111111111111101
11001011111111011111111111111100
01100111101111011111111111111011
11110011111000000000010010101001
01100111101111010000000000000101
11000011111111011111111111111100
00000100000000000000000000101110
11000000001111011111111111111101
11000000010111010000000000000000
11011100000000100000100000000000
11111000000111110000000000000000
11000000010110110000000000000001
11001000001111010000000000000000
11001000010111011111111111111111
11001011111111011111111111111110
01100111101111011111111111111101
11110011111000000000010101010000
01100111101111010000000000000011
11000011111111011111111111111110
00000100000000000000000000101110
11000000001111011111111111111111
11001100000000010000000000000000
11000000010111010000000000000000
10000000001000100000000000000000
11001011111111011111111111111110
01100111101111011111111111111101
11110011111000000000010101010011
01100111101111010000000000000011
11000011111111011111111111111110
00000100000000000000000000101110
11000000001111011111111111111111
11001100000000010000000000000001
11000000010111010000000000000000
10000000001000100000000000000000
11001011111111011111111111111110
01100111101111011111111111111101
11110011111000000000010101010110
01100111101111010000000000000011
11000011111111011111111111111110
00000100000000000000000000101110
11000000001111011111111111111111
11001100000000010000000000000010
11111000000111110000000000000000
11000000010110110000000000000010
11000000011110110000000000000001
01100100100000000000000000000000
11000100000000110000000000000000
11001000010111010000000000000000
11001000100111011111111111111111
11001000001111011111111111111110
11001000011111011111111111111101
11001100000111011111111111111100
11001011111111011111111111111011
01100111101111011111111111111010
11110011111000000000010101011011
01100111101111010000000000000110
11000011111111011111111111111011
11000100001111011111111111111100
00000100000000010000000000100010
11000100001111011111111111111101
11000100010000010000000000000001
11000000001111011111111111111110
11001100000111011111111111111011
11001100010111011111111111111010
11001011111111011111111111111001
01100111101111011111111111111000
11110011111000000000010101011110
01100111101111010000000000001000
11000011111111011111111111111001
11000100001111011111111111111010
00000100000000010000000000100010
11000100001111011111111111111101
11000100001000010000000000000010
11000000001111011111111111111110
11001100000111011111111111111001
11001100001111011111111111111000
11001011111111011111111111110111
01100111101111011111111111110110
11110011111000000000010101100001
01100111101111010000000000001010
11000011111111011111111111110111
11000100001111011111111111111000
00000100000000010000000000100010
11000000001111011111111111111110
11001100000111011111111111110111
11001011111111011111111111110110
01100111101111011111111111110101
11110011111000000000010101010000
01100111101111010000000000001011
11000011111111011111111111110110
11000100001111011111111111111011
00000100000000000000100000100011
11000000001111011111111111111110
11001100000111011111111111110110
11001011111111011111111111110101
01100111101111011111111111110100
11110011111000000000010101010011
01100111101111010000000000001100
11000011111111011111111111110101
11000100001111011111111111111001
00000100000000000000100000100011
11000000001111011111111111111110
11001100000111011111111111110101
11001011111111011111111111110100
01100111101111011111111111110011
11110011111000000000010101010110
01100111101111010000000000001101
11000011111111011111111111110100
11000100001111011111111111110111
00000100000000000000100000100011
11000000001111011111111111111110
11001100000111011111111111110100
11001011111111011111111111110011
01100111101111011111111111110010
11110011111000000000010101001110
01100111101111010000000000001110
11000011111111011111111111110011
11000000010111011111111111111111
11100000001000100000000001010001
11000000001111011111111111111110
11001011111111011111111111110011
01100111101111011111111111110010
11110011111000000000010101111001
01100111101111010000000000001110
11000011111111011111111111110011
11000100001111011111111111111001
00000100000000000000100000100011
11000000001111011111111111111110
11001100000111011111111111110011
11001011111111011111111111110010
01100111101111011111111111110001
11110011111000000000010101110110
01100111101111010000000000001111
11000011111111011111111111110010
11000100001111011111111111110111
00000100000000000000100000100011
11000100010111011111111111110011
00000100000000100000000000100001
01110100010000000000000000000000
01111100010000000000000111111000
00000100000000000001000000100011
11000100011111011111111111110110
00000100000000000001100000100001
11000000001111010000000000000000
11001100000000010000000000000000
11000000010111011111111111111110
11001100010111011111111111110010
10000000001000100000000000000000
11001011111111011111111111110001
01100111101111011111111111110000
11110011111000000000010101111001
01100111101111010000000000010000
11000011111111011111111111110001
11000100001111011111111111111011
00000100000000000000100000100011
11000000001111011111111111111110
11001100000111011111111111110001
11001011111111011111111111110000
01100111101111011111111111101111
11110011111000000000010101110011
01100111101111010000000000010001
11000011111111011111111111110000
11000100001111011111111111110111
00000100000000000000100000100011
11000100001111011111111111110001
00000100000000010000000000100001
11000100001111011111111111110010
00000100000000010000000000100011
11000100010111011111111111110101
00000100000000000001000000100001
11000000001111010000000000000000
11001100000000010000000000000001
11000000010111011111111111111110
10000000001000100000000000000000
11001011111111011111111111110000
01100111101111011111111111101111
11110011111000000000010101110110
01100111101111010000000000010001
11000011111111011111111111110000
11000100001111011111111111111011
00000100000000000000100000100011
11000000001111011111111111111110
11001100000111011111111111110000
11001011111111011111111111101111
01100111101111011111111111101110
11110011111000000000010101110011
01100111101111010000000000010010
11000011111111011111111111101111
11000100001111011111111111111001
00000100000000000000100000100011
11000100001111011111111111110000
00000100000000010000000000100001
11000100001111011111111111110010
00000100000000010000000000100011
11000100001111011111111111110100
00000100000000000000100000100001
11000000001111010000000000000000
11001100000000010000000000000010
11110000000000000001010000111011
11000000001111010000000000000000
11000100000111011111111111110110
11001100000000010000000000000000
11000100000111011111111111110101
11001100000000010000000000000001
11000100000111011111111111110100
11001100000000010000000000000010
11000000010111011111111111111110
10000000001000100000000000000000
11001011111111011111111111101111
01100111101111011111111111101110
11110011111000000000010101001100
01100111101111010000000000010010
11000011111111011111111111101111
10000000010000010000000000000000
11000000001111010000000000000000
11110000000000000000010011010010
11000000011110110000000000000011
11000000100110110000000000000010
11000000101110110000000000000001
11001000011111010000000000000000
11001000001111011111111111111111
11001000101111011111111111111110
11001000010111011111111111111101
11001000100111011111111111111100
11001011111111011111111111111011
01100111101111011111111111111010
11110011111000000000010101001000
01100111101111010000000000000110
11000011111111011111111111111011
01100100010000000000000000000001
11100000001000100000000000001011
01100100010000000000000000000010
11100000001000100000000000000101
11000000001111011111111111111111
11000011011111010000000000000000
11000011100110110000000000000000
11111000000111000000000000000000
11000000001111011111111111111111
11000011011111011111111111111110
11000011100110110000000000000000
11111000000111000000000000000000
11000000001111011111111111111101
11000011011111011111111111111100
11000011100110110000000000000000
11111000000111000000000000000000
11000000011110110000000000000001
11001000010111010000000000000000
11001000011111011111111111111111
11001000001111011111111111111110
11001011111111011111111111111101
01100111101111011111111111111100
11110011111000000000010101000110
01100111101111010000000000000100
11000011111111011111111111111101
01100100010000000000000000000000
11000000011111011111111111111110
11001000010111011111111111111101
11001000001111011111111111111100
10000000001000110000000000000000
11001011111111011111111111111011
01100111101111011111111111111010
11110011111000000000010101101010
01100111101111010000000000000110
11000011111111011111111111111011
11000000001111011111111111111111
11001100000000010000000000000000
01100100010000000000000000000001
11000000011111011111111111111110
11001000010111011111111111111011
10000000001000110000000000000000
11001011111111011111111111111010
01100111101111011111111111111001
11110011111000000000010101101101
01100111101111010000000000000111
11000011111111011111111111111010
11000000001111011111111111111111
11001100000000010000000000000001
01100100010000000000000000000010
11000000011111011111111111111110
11001000010111011111111111111010
10000000001000110000000000000000
11001011111111011111111111111001
01100111101111011111111111111000
11110011111000000000010101110000
01100111101111010000000000001000
11000011111111011111111111111001
11000000001111011111111111111111
11001100000000010000000000000010
11000000010111011111111111111011
11000000011111011111111111111100
11100000011000100000000011111001
11000000010111011111111111111010
11100000011000100000000011010011
01100100010000000000000000000011
11100000011000100000000010010001
01100100010000000000000000000100
11100000011000100000000000000010
11111000000111110000000000000000
11000100000111010000000000000000
11000100001000000000000000000000
11000000010111011111111111111110
11001100001111011111111111111001
10000000001000100000000000000000
11001011111111011111111111111000
01100111101111011111111111110111
11110011111000000000010101011011
01100111101111010000000000001001
11000011111111011111111111111000
11000100001111011111111111111001
00000100000000010000000000100010
11000000001111011111111111111110
11001100000111011111111111111000
11001011111111011111111111110111
01100111101111011111111111110110
11110011111000000000010101010000
01100111101111010000000000001010
11000011111111011111111111110111
00000100000000000000000000101100
11000100001111011111111111111000
00000100000000010000000000100011
11000100001111010000000000000000
11000100010000010000000000000010
11000000001111011111111111111110
11001100000111011111111111110111
11001100010111011111111111110110
11001011111111011111111111110101
01100111101111011111111111110100
11110011111000000000010101100001
01100111101111010000000000001100
11000011111111011111111111110101
11000100001111011111111111110110
00000100000000010000000000100010
11000000001111011111111111111110
11001100000111011111111111110101
11001011111111011111111111110100
01100111101111011111111111110011
11110011111000000000010101010110
01100111101111010000000000001101
11000011111111011111111111110100
00000100000000000000000000101100
11000100001111011111111111110101
00000100000000010000000000100011
11000100001111011111111111110111
00000100010000010000100000100011
00000100011000000000000000100011
00000100010000100001100000100001
01110100011100011011011100010111
01111100011000000000000111000110
00000100100000010000000000101111
11001100011111011111111111110100
11001100010111011111111111110011
11101100100000110000000000001111
00000100000000000000100000100101
00000100000000000000000000101111
11001011111111011111111111110010
01100111101111011111111111110001
11110011111000000000010010000001
01100111101111010000000000001111
11000011111111011111111111110010
01110100001100000000000000000000
01111100001000000000001000001111
00000100000000000000100000100011
01110100001010010000111111011011
01111100001000000000001000000010
00000100000000000000100000100101
11110000000000000001010011011101
01110100000100000000000000000000
01111100000000000000001000001011
00000100001000000000000000101000
00000100000000000000100000100010
11000100001111010000000000000000
11000100001000010000000000000001
11000000001111011111111111111110
11001100000111011111111111110010
11001100001111011111111111110001
11001011111111011111111111110000
01100111101111011111111111101111
11110011111000000000010101011110
01100111101111010000000000010001
11000011111111011111111111110000
11000100001111011111111111110001
00000100000000010000000000100010
11000000001111011111111111111110
11001100000111011111111111110000
11001011111111011111111111101111
01100111101111011111111111101110
11110011111000000000010101010011
01100111101111010000000000010010
11000011111111011111111111101111
00000100000000000000000000101100
11000100001111011111111111110000
00000100000000010000000000100011
11000100001111011111111111110011
00000100010000010000000000101111
11000100011111011111111111110100
11101100010000110000000000001111
00000100000000000000100000100101
00000100000000000000000000101111
11001011111111011111111111101111
01100111101111011111111111101110
11110011111000000000010010000001
01100111101111010000000000010010
11000011111111011111111111101111
01110100001100000000000000000000
01111100001000000000001000001111
00000100000000000000100000100011
01110100001010010000111111011011
01111100001000000000001000000010
00000100000000000000100000100101
11110000000000000001010100001001
01110100000100000000000000000000
01111100000000000000001000001011
00000100001000000000000000101000
00000100000000000000100000100010
01110100001110011001100110011010
01111100001000000000000111110000
01110100010000000000000000000000
01111100010000000000000111111000
11000100011111011111111111110010
00000100011000100001100000100010
00000100011000110001100000100011
00000100001000010001100000100010
00000100000000100000000000100010
00000100000000000000000000100011
00000100000000010000000000100010
01110100001000000000000000000000
01111100001000000000000000000000
11101100000000010000000000000010
11110000000000000001010100011011
10000000000000010000000000100000
01110100001111110000000000000000
01111100001000000000001000011011
00000100000000010000000000100011
01110100001110011001100110011010
01111100001000000000000111110100
00000100000000000000100000100101
11000000001111011111111111111111
11001100000000010000000000000010
11111000000111110000000000000000
11000100000111010000000000000000
11000100001000000000000000000000
11000000010111011111111111111110
11001100001111011111111111101111
10000000001000100000000000000000
11001011111111011111111111101110
01100111101111011111111111101101
11110011111000000000010101011011
01100111101111010000000000010011
11000011111111011111111111101110
11000100001111011111111111101111
00000100000000010000000000100010
11000100001111010000000000000000
11000100001000010000000000000010
11000000001111011111111111111110
11001100000111011111111111101110
11001100001111011111111111101101
11001011111111011111111111101100
01100111101111011111111111101011
11110011111000000000010101100001
01100111101111010000000000010101
11000011111111011111111111101100
11000100001111011111111111101101
00000100000000010000000000100010
11000100001111011111111111101110
00000100001000010000100000100011
00000100000000000000000000100011
00000100000000010000000000100001
00000100000000000000000000101100
01110100001000000000000000000000
01111100001000000000001000001001
00000100000000000000100000100101
00000100001000000000000000101000
00000100000000000000100000100010
01110100001010010000111111011011
01111100001000000000001000000010
00000100000000000000100000100011
11001100000111011111111111101100
11001011111111011111111111101011
01100111101111011111111111101010
11110011111000000000010001100110
01100111101111010000000000010110
11000011111111011111111111101011
11000100001111011111111111101100
11001100000111011111111111101011
10000000000000010000000000100000
11001011111111011111111111101010
01100111101111011111111111101001
11110011111000000000010001100110
01100111101111010000000000010111
11000011111111011111111111101010
11000100001111011111111111101011
00000100000000010000000000100011
01110100001111110000000000000000
01111100001000000000001000011011
00000100010000010000000000100011
11000000001111011111111111111111
11001100010000010000000000000001
01110100010000000000000000000000
01111100010000000000000111111100
00000100000000100000000000100010
00000100000000010000000000100011
11001100000000010000000000000010
11111000000111110000000000000000
11000100000111010000000000000000
11000100001000000000000000000001
01110100010000000000000000000000
01111100010000000000000111110100
00000100001000010001000000100011
11001100010111011111111111101010
10000000000000010000000000100000
11001011111111011111111111101001
01100111101111011111111111101000
11110011111000000000010000111000
01100111101111010000000000011000
11000011111111011111111111101001
11000100001111010000000000000000
11000100001000010000000000000001
11000100010111011111111111101010
00000100001000100000100000100011
11001100000111011111111111101001
10000000000000010000000000100000
11001011111111011111111111101000
01100111101111011111111111100111
11110011111000000000010000111000
01100111101111010000000000011001
11000011111111011111111111101000
11000100001111011111111111101001
00000100000000010000000000100011
01110100001111110000000000000000
01111100001000000000001000011011
00000100010000010000000000100011
11000000001111011111111111111111
11001100010000010000000000000000
01110100010000000000000000000000
01111100010000000000000111111100
00000100000000100000000000100010
00000100000000010000000000100011
11001100000000010000000000000001
11111000000111110000000000000000
11000100000111010000000000000000
11000100001000000000000000000000
11000000011111011111111111111110
11001100001111011111111111101000
10000000001000110000000000000000
11001011111111011111111111100111
01100111101111011111111111100110
11110011111000000000010101011011
01100111101111010000000000011010
11000011111111011111111111100111
11000100001111011111111111101000
00000100000000010000000000100010
01110100001011001100110011001101
01111100001000000000000111101010
00000100010000010000000000100011
00000100010000100000000000101000
01110100011000000000000000000000
01111100011000000000001000001101
00000100010000100001100000100011
01110100100000000000000000000000
01111100100000000000001000001001
00000100000000000001000000100010
11101100000001000000000000000011
11000000001111011111111111111101
11110000000000000001010110100010
11000000001111011111111111111011
11000100000111010000000000000000
11000100000000000000000000000010
11000000010111011111111111111110
11001000001111011111111111100111
11001100100111011111111111100110
11001100011111011111111111100101
11001100001111011111111111100100
11001100000111011111111111100011
10000000001000100000000000000000
11001011111111011111111111100010
01100111101111011111111111100001
11110011111000000000010101100001
01100111101111010000000000011111
11000011111111011111111111100010
11000100001111011111111111100011
00000100000000010000000000100010
11000100001111011111111111100100
00000100001000010000000000100011
00000100001000010000000000101000
11000100010111011111111111100101
00000100001000100000100000100011
00000100000000000000100000100010
11000100001111011111111111100110
11101100000000010000000000000011
11000000001111011111111111111101
11110000000000000001010110111101
11000000001111011111111111111011
11000000010111011111111111111101
11000000011111011111111111100111
11100000011000100000000000001000
11100000001000100000000000000100
01110100000111110000000000000000
01111100000000000000001000011011
11110000000000000001010111000110
01110100000000000000000000000000
01111100000000000000000000000000
11110000000000000001010111001101
11100000001000100000000000000100
01110100000000000000000000000000
01111100000000000000000000000000
11110000000000000001010111001101
01110100000111110000000000000000
01111100000000000000001000011011
11000000001111011111111111111111
11001100000000010000000000000001
11111000000111110000000000000000
11000000010110110000000000000010
11000000001110110000000000000001
01110100011000000000000000000000
01111100011000000000000000000000
11001000001111010000000000000000
11001100010111011111111111111111
11001100011111011111111111111110
11001100001111011111111111111101
11101100011000000000000000000010
11110000000000000001010111011111
11001011111111011111111111111100
01100111101111011111111111111011
11110011111000000000010100001100
01100111101111010000000000000101
11000011111111011111111111111100
11000100000111011111111111111110
11000100001111011111111111111101
11101100000000010000000000000010
11111000000111110000000000000000
00000100000000010000100000100011
00000100000000000000000000100011
11000100001111011111111111111111
00000100000000000000100000100011
11000100001111010000000000000000
11000100010000010000000000000000
00000100010000100000000000100001
11001100010000010000000000000000
11000100010000010000000000000001
00000100010000100000000000100001
11001100010000010000000000000001
11000100010000010000000000000010
00000100000000100000000000100001
11001100000000010000000000000010
11111000000111110000000000000000
11000000011110110000000000001000
11000000100110110000000000000111
11000000101110110000000000000110
11000000110110110000000000000101
11000000111110110000000000000100
11000001000110110000000000000011
11000001001110110000000000000010
11000001010110110000000000000001
01100101011000000000000000000000
11101000001010110000000001111001
11010000100001000000100000000000
11001011011111010000000000000000
11001000001111011111111111111111
11001100001111011111111111111110
11001001010111011111111111111101
11001000010111011111111111111100
11001100000111011111111111111011
11001000110111011111111111111010
11001000011111011111111111111001
11001000101111011111111111111000
11001000100111011111111111110111
11001001000111011111111111110110
11001001001111011111111111110101
11001001011111011111111111110100
11001000111111011111111111110011
10000000001001000000000000000000
11001011111111011111111111110010
01100111101111011111111111110001
11110011111000000000010110011000
01100111101111010000000000001111
11000011111111011111111111110010
11000011011111011111111111110011
11001000001111011111111111110010
11001011111111011111111111110001
01100111101111011111111111110000
11000011100110110000000000000000
11111011111111000000000000000000
01100111101111010000000000010000
11000011111111011111111111110001
11000000010111011111111111110100
11100000001000100000000001010010
11000000001111011111111111110101
11000000001000010000000000000000
01010000001000010000000000000010
11000000011111011111111111110110
11000000011000110000000000000000
00000100001000010001100000000001
11000000011111011111111111110111
11001000001111011111111111110001
10000000001000110000000000000000
11001011111111011111111111110000
01100111101111011111111111101111
11110011111000000000010110010110
01100111101111010000000000010001
11000011111111011111111111110000
11000000010111011111111111110001
11100000010000010000000000000010
11110000000000000001011001101011
11000000001111011111111111111000
11000000010000010000000000000000
11000000001111011111111111110100
11000011011111011111111111111001
11001011111111011111111111110000
01100111101111011111111111101111
11000011100110110000000000000000
11111011111111000000000000000000
01100111101111010000000000010001
11000011111111011111111111110000
11000000010111011111111111110100
11100000001000100000000000000010
11110000000000000001011001101011
11000000001111011111111111110010
11001011111111011111111111110000
01100111101111011111111111101111
11110011111000000000010110010010
01100111101111010000000000010001
11000011111111011111111111110000
10000000010000010000000000000000
11000000001111011111111111111010
11001011111111011111111111110000
01100111101111011111111111101111
11110011111000000000010011110111
01100111101111010000000000010001
11000011111111011111111111110000
11000000001111011111111111110111
11001100000111011111111111110000
11001011111111011111111111101111
01100111101111011111111111101110
11110011111000000000010110011010
01100111101111010000000000010010
11000011111111011111111111101111
11000100001111011111111111111011
00000100010000010000000000100011
11000100011111011111111111110000
00000100010000100001100000100011
11000000001111011111111111110010
11001100010111011111111111101111
11001100000111011111111111101110
11001011111111011111111111101101
01100111101111011111111111101100
11110011111000000000010110010010
01100111101111010000000000010100
11000011111111011111111111101101
10000000010000010000000000000000
11000000001111011111111111111100
11001011111111011111111111101101
01100111101111011111111111101100
11110011111000000000010011110111
01100111101111010000000000010100
11000011111111011111111111101101
11000100001111011111111111101110
00000100001000000000100000100011
11000100000111011111111111101111
11000100010111011111111111111110
11000011011111011111111111111101
11001011111111011111111111101101
01100111101111011111111111101100
11000011100110110000000000000000
11111011111111000000000000000000
01100111101111010000000000010100
11000011111111011111111111101101
11110000000000000001011001101100
11000000001111011111111111111111
01100100001000011111111111111111
11000100000111011111111111111011
11000100001111011111111111111110
11000000010111011111111111111100
11000011011111010000000000000000
11000011100110110000000000000000
11111000000111000000000000000000
11111000000111110000000000000000
11000000100110110000000000010100
11000000101110110000000000010011
11000000110110110000000000010010
11000000111110110000000000010001
11000001000110110000000000010000
11000001001110110000000000001111
11000001010110110000000000001110
11000001011110110000000000001101
11000001100110110000000000001100
11000001101110110000000000001011
11000001110110110000000000001010
11000001111110110000000000001001
11000010000110110000000000001000
11000010001110110000000000000111
11000010010110110000000000000110
11000010011110110000000000000101
11000010100110110000000000000100
11000010101110110000000000000011
11000010110110110000000000000010
11000010111110110000000000000001
01100111000000000000000000000100
11101011000000010000000101100111
11001011011111010000000000000000
11001100001111011111111111111111
11001000110111011111111111111110
11001011000111011111111111111101
11001000101111011111111111111100
11001001111111011111111111111011
11001001010111011111111111111010
11001010111111011111111111111001
11001001001111011111111111111000
11001001100111011111111111110111
11001001110111011111111111110110
11001000111111011111111111110101
11001000011111011111111111110100
11001010010111011111111111110011
11001000100111011111111111110010
11001010011111011111111111110001
11001001000111011111111111110000
11001010101111011111111111101111
11001001101111011111111111101110
11001010100111011111111111101101
11001001011111011111111111101100
11001010110111011111111111101011
11001100000111011111111111101010
11001010000111011111111111101001
11001000001111011111111111101000
11001000010111011111111111100111
11001010001111011111111111100110
10000000001000110000000000000000
11001011111111011111111111100101
01100111101111011111111111100100
11110011111000000000010110000010
01100111101111010000000000011100
11000011111111011111111111100101
11000000010111011111111111100111
11000011011111011111111111100110
11001000001111011111111111100101
10000000001000100000000000000000
11001011111111011111111111100100
01100111101111011111111111100011
11000011100110110000000000000000
11111011111111000000000000000000
01100111101111010000000000011101
11000011111111011111111111100100
01100100010000000000000000000000
11100000001000100000000100010110
11000000001111011111111111101101
11000000001000010000000000000000
11000000011111011111111111101110
11010000011000110000100000000000
11001000010111011111111111100100
11001000001111011111111111100011
11001000011111011111111111100010
10000000001000110000000000000000
11001011111111011111111111100001
01100111101111011111111111100000
11110011111000000000010101001010
01100111101111010000000000100000
11000011111111011111111111100001
11000000010111011111111111100010
11001000001111011111111111100001
10000000001000100000000000000000
11001011111111011111111111100000
01100111101111011111111111011111
11110011111000000000010101100100
01100111101111010000000000100001
11000011111111011111111111100000
11000100001111011111111111101010
00000100000000000000100000100011
11000000001111011111111111100010
11000000010111011111111111100111
11000011011111011111111111101111
11001100000111011111111111100000
11001011111111011111111111011111
01100111101111011111111111011110
11000011100110110000000000000000
11111011111111000000000000000000
01100111101111010000000000100010
11000011111111011111111111011111
11000000001111011111111111110000
11000000010111011111111111110001
11001011111111011111111111011111
01100111101111011111111111011110
11110011111000000000010011001011
01100111101111010000000000100010
11000011111111011111111111011111
11000000001111011111111111100010
11000000010111011111111111110001
11000011011111011111111111110010
11001011111111011111111111011111
01100111101111011111111111011110
11000011100110110000000000000000
11111011111111000000000000000000
01100111101111010000000000100010
11000011111111011111111111011111
11000000001111011111111111100011
01010000001000010000000000000010
11000000010111011111111111110011
11000000010000100000000000000000
00000100001000010001000000000001
11000000010111011111111111101000
11000000011111011111111111100101
11011000001000110001000000000000
11000000001111011111111111110100
11001011111111011111111111011111
01100111101111011111111111011110
11110011111000000000010110000000
01100111101111010000000000100010
11000011111111011111111111011111
11000000010111011111111111101000
11010000001000010001000000000000
11000000011111011111111111110001
10000000010000110000000000000000
11001011111111011111111111011111
01100111101111011111111111011110
11110011111000000000010011001011
01100111101111010000000000100010
11000011111111011111111111011111
11000000001111011111111111110100
11001011111111011111111111011111
01100111101111011111111111011110
11110011111000000000010110000100
01100111101111010000000000100010
11000011111111011111111111011111
01110100000000000000000000000000
01111100000000000000000111111000
11000000010111011111111111100010
11001000001111011111111111011111
11001100000111011111111111011110
10000000001000100000000000000000
11001011111111011111111111011101
01100111101111011111111111011100
11110011111000000000010101100100
01100111101111010000000000100100
11000011111111011111111111011101
11000100001111011111111111011110
11101100000000010000000000110011
01100100001000000000000000000001
11000000010111011111111111101000
11000000011111011111111111011111
11011000001000110001000000000000
11000000001111011111111111110100
11001011111111011111111111011101
01100111101111011111111111011100
11110011111000000000010110000110
01100111101111010000000000100100
11000011111111011111111111011101
11000000010111011111111111101000
11010000011000010001000000000000
11000000100111011111111111110101
11001000001111011111111111011101
10000000010001000000000000000000
10000000001000110000000000000000
11001011111111011111111111011100
01100111101111011111111111011011
11110011111000000000010011001011
01100111101111010000000000100101
11000011111111011111111111011100
11000000001111011111111111101000
11000000010111011111111111011101
11010000010000100000100000000000
01110100000000000000000000000000
01111100000000000000000111011100
11000100001111011111111111100000
00000100000000000000100000100011
10000000001000100000000000000000
11001011111111011111111111011100
01100111101111011111111111011011
11110011111000000000010100101001
01100111101111010000000000100101
11000011111111011111111111011100
11000000001111011111111111110100
11001011111111011111111111011100
01100111101111011111111111011011
11110011111000000000010110010000
01100111101111010000000000100101
11000011111111011111111111011100
11000000010111011111111111101000
11010000001000010001000000000000
11000000011111011111111111110110
10000000010000110000000000000000
11001011111111011111111111011100
01100111101111011111111111011011
11110011111000000000010011001011
01100111101111010000000000100101
11000011111111011111111111011100
11110000000000000001011101001001
11000000001111011111111111101000
11000000010111011111111111011111
11000000011111011111111111100100
11011000011000100000100000000000
01110100000000000000000000000000
01111100000000000000011000000000
11000000001111011111111111100111
11000000010111011111111111110110
11001100000111011111111111011100
11001011111111011111111111011011
01100111101111011111111111011010
11110011111000000000010011110111
01100111101111010000000000100110
11000011111111011111111111011011
11000100001111011111111111011100
00000100000000010000000000100011
11000000001111011111111111100111
11000000010111011111111111110110
11001011111111011111111111011011
01100111101111011111111111011010
11110011111000000000010100001100
01100111101111010000000000100110
11000011111111011111111111011011
11000000001111011111111111100010
11001011111111011111111111011011
01100111101111011111111111011010
11110011111000000000010101100111
01100111101111010000000000100110
11000011111111011111111111011011
11000100001111011111111111101010
00000100000000000000100000100011
11000000001111011111111111110111
11000000010000010000000000000000
11000000001111011111111111100100
11000011011111011111111111111000
11001100000111011111111111011011
11001011111111011111111111011010
01100111101111011111111111011001
11000011100110110000000000000000
11111011111111000000000000000000
01100111101111010000000000100111
11000011111111011111111111011010
11000000010111011111111111100100
11100000001000100000000000000010
11110000000000000001011110001110
11000000001111011111111111110110
11000000010111011111111111101001
11001011111111011111111111011010
01100111101111011111111111011001
11110011111000000000010011110111
01100111101111010000000000100111
11000011111111011111111111011010
00000100000000000000000000101110
11000100001111011111111111100000
00000100000000000000100000100011
11000000001111011111111111100111
11000000010111011111111111101001
11001100000111011111111111011010
11001011111111011111111111011001
01100111101111011111111111011000
11110011111000000000010011110111
01100111101111010000000000101000
11000011111111011111111111011001
00000100001000000000000000101110
11000100000111011111111111011010
11000100010111011111111111011011
11000011011111011111111111111001
11001011111111011111111111011001
01100111101111011111111111011000
11000011100110110000000000000000
11111011111111000000000000000000
01100111101111010000000000101000
11000011111111011111111111011001
11000000001111011111111111110001
11000011011111011111111111111010
11001011111111011111111111011001
01100111101111011111111111011000
11000011100110110000000000000000
11111011111111000000000000000000
01100111101111010000000000101000
11000011111111011111111111011001
11000000001111011111111111111011
11000000001000010000000000000000
01100100001000011111111111111111
11000100000111011111111111100000
11000100001111011111111111011011
11000000010111011111111111100111
11000011011111011111111111111100
11001011111111011111111111011001
01100111101111011111111111011000
11000011100110110000000000000000
11111011111111000000000000000000
01100111101111010000000000101000
11000011111111011111111111011001
01110100000011001100110011001101
01111100000000000000000111101110
11000100001111011111111111101010
11101100000000010000000000000010
11111000000111110000000000000000
11000000001111011111111111101000
11000000010111011111111111111101
11101000001000100000000000000010
11110000000000000001011110110000
01100100010000010000000000000001
01100100011000001111111111111111
11000000100111011111111111100101
11011000011001000001000000000000
01100100010000000000000000000010
11000000011111011111111111100001
11100000011000100000000000000010
11111000000111110000000000000000
01110100000000000000000000000000
01111100000000000000000111111100
11000000010111011111111111100010
11001100000111011111111111011001
10000000001000100000000000000000
11001011111111011111111111011000
01100111101111011111111111010111
11110011111000000000010101100100
01100111101111010000000000101001
11000011111111011111111111011000
11000100001111011111111111011001
00000100000000010000000000100010
11000100001111011111111111101010
00000100000000000000100000100011
11000000001111011111111111101000
01100100001000010000000000000001
11000100001111011111111111111110
11000100001000010000000000000000
11000100010111011111111111111111
00000100001000010001000000100001
11000000010111011111111111100111
11000000011111011111111111110100
11000011011111010000000000000000
11000011100110110000000000000000
11111000000111000000000000000000
01100100001000001111111111111111
11000000011111011111111111101000
11000000100111011111111111100101
11011000001001000001100000000000
11100000011000100000000000011111
11000000001111011111111111100111
11000000010111011111111111101001
11001011111111011111111111011000
01100111101111011111111111010111
11110011111000000000010011110111
01100111101111010000000000101001
11000011111111011111111111011000
00000100000000000000000000101110
01110100001000000000000000000000
01111100001000000000000000000000
11101100001000000000000000000010
11111000000111110000000000000000
00000100001000000000000000100011
00000100000000010000000000100011
11000100001111011111111111101010
00000100000000000000100000100011
11000100001111011111111111101011
11000100001000010000000000000000
00000100000000000000100000100011
11000100001111011111111111101100
11000100010000010000000000000000
00000100010000100000000000100001
11001100010000010000000000000000
11000100010000010000000000000001
00000100010000100000000000100001
11001100010000010000000000000001
11000100010000010000000000000010
00000100000000100000000000100001
11001100000000010000000000000010
11111000000111110000000000000000
11111000000111110000000000000000
11111000000111110000000000000000
11000000010110110000000000001100
11000000011110110000000000001011
11000000100110110000000000001010
11000000101110110000000000001001
11000000110110110000000000001000
11000000111110110000000000000111
11000001000110110000000000000110
11000001001110110000000000000101
11000001010110110000000000000100
11000001011110110000000000000011
11000001100110110000000000000010
11000001101110110000000000000001
11001000011111010000000000000000
11001001101111011111111111111111
11001100000111011111111111111110
11001001000111011111111111111101
11001000111111011111111111111100
11001000100111011111111111111011
11001000101111011111111111111010
11001001010111011111111111111001
11001000010111011111111111111000
11001001100111011111111111110111
11001000001111011111111111110110
11001000110111011111111111110101
11001001011111011111111111110100
10000011011010010000000000000000
11001011111111011111111111110011
01100111101111011111111111110010
11000011100110110000000000000000
11111011111111000000000000000000
01100111101111010000000000001110
11000011111111011111111111110011
01100100010000000000000000000000
11100000001000100000000001001000
11000000001111011111111111110100
11000000001000010000000000000000
11000000011111011111111111110101
11010000001000110000100000000000
11000000011111011111111111110110
11001000010111011111111111110011
11001000001111011111111111110010
10000000001000110000000000000000
11001011111111011111111111110001
01100111101111011111111111110000
11110011111000000000010110010010
01100111101111010000000000010000
11000011111111011111111111110001
10000000010000010000000000000000
11000000001111011111111111110010
11000011011111011111111111110111
11001011111111011111111111110001
01100111101111011111111111110000
11000011100110110000000000000000
11111011111111000000000000000000
01100111101111010000000000010000
11000011111111011111111111110001
11000000001111011111111111110010
11000000010111011111111111111001
11000011011111011111111111111000
11001011111111011111111111110001
01100111101111011111111111110000
11000011100110110000000000000000
11111011111111000000000000000000
01100111101111010000000000010000
11000011111111011111111111110001
11000000001111011111111111111010
11000000010000010000000000000000
11000000001111011111111111110011
11000011011111011111111111111011
11001011111111011111111111110001
01100111101111011111111111110000
11000011100110110000000000000000
11111011111111000000000000000000
01100111101111010000000000010000
11000011111111011111111111110001
11000000010111011111111111110011
11100000001000100000000000000010
11111000000111110000000000000000
11000000001111011111111111111100
11000000010111011111111111111101
11001011111111011111111111110001
01100111101111011111111111110000
11110011111000000000010011110111
01100111101111010000000000010000
11000011111111011111111111110001
00000100000000000000000000101110
01110100001000000000000000000000
01111100001000000000000000000000
11101100001000000000000000000011
10000000000000010000000000100000
11110000000000000001100001001101
11000100001111011111111111111110
00000100000000000000100000100011
11000000001111011111111111110010
11001100000111011111111111110001
11001011111111011111111111110000
01100111101111011111111111101111
11110011111000000000010101100100
01100111101111010000000000010001
11000011111111011111111111110000
11000100001111011111111111110001
00000100000000010000000000100011
11000000001111011111111111111111
11000000010111010000000000000000
11110000000000000000010100001100
11111000000111110000000000000000
11000000101110110000000000000001
01100100110000000000000000000000
11101000100001100000000000111101
11010000110000010010000000000000
11001000011111010000000000000000
11001011011111011111111111111111
11001000101111011111111111111110
11001000100111011111111111111101
11001000001111011111111111111100
11001000010111011111111111111011
10000000001001100000000000000000
11001011111111011111111111111010
01100111101111011111111111111001
11110011111000000000010110010010
01100111101111010000000000000111
11000011111111011111111111111010
11000000010111011111111111111011
11001011111111011111111111111010
01100111101111011111111111111001
11110011111000000000010011110111
01100111101111010000000000000111
11000011111111011111111111111010
01110100001000000000000000000000
01111100001000000000000000000000
11101100000000010000000000010000
11000000001111011111111111111101
11000000010111011111111111111100
11010000011000100000100000000000
01110100001101100000000000000000
01111100001000000000001000011000
00000100000000000000100000100101
11000011011111011111111111111110
10000000001000110000000000000000
11001011111111011111111111111010
01100111101111011111111111111001
11000011100110110000000000000000
11111011111111000000000000000000
01100111101111010000000000000111
11000011111111011111111111111010
11110000000000000001100010010011
11000000001111011111111111111101
01100100010000010000000000000001
11000000011111011111111111111100
11010000010000110001000000000000
01110100001101100000000000000000
01111100001000000000011000011000
00000100000000000000100000100101
11000011011111011111111111111110
10000000001000100000000000000000
11001011111111011111111111111010
01100111101111011111111111111001
11000011100110110000000000000000
11111011111111000000000000000000
01100111101111010000000000000111
11000011111111011111111111111010
11000000001111011111111111111101
01100100100000011111111111111110
11000000001111011111111111111100
11000000010111011111111111111011
11000000011111010000000000000000
11000011011111011111111111111111
11000011100110110000000000000000
11111000000111000000000000000000
11111000000111110000000000000000
11000000100110110000000000000010
11000000101110110000000000000001
11001000011111010000000000000000
11001000010111011111111111111111
11001000001111011111111111111110
11001000101111011111111111111101
10000000001000110000000000000000
10000011011001000000000000000000
11001011111111011111111111111100
01100111101111011111111111111011
11000011100110110000000000000000
11111011111111000000000000000000
01100111101111010000000000000101
11000011111111011111111111111100
01100100100000000000000001110110
11000000001111011111111111111110
11000000010111011111111111111111
11000000011111010000000000000000
11000011011111011111111111111101
11000011100110110000000000000000
11111000000111000000000000000000
11000000100110110000000000000010
11000000101110110000000000000001
01100100110000000000000000000000
11001000011111010000000000000000
11001000010111011111111111111111
11001000100111011111111111111110
11001000101111011111111111111101
11001000001111011111111111111100
11100000001001100000000000001011
11000000110001010000000000000000
10000000001001100000000000000000
10000011011001000000000000000000
11001011111111011111111111111011
01100111101111011111111111111010
11000011100110110000000000000000
11111011111111000000000000000000
01100111101111010000000000000110
11000011111111011111111111111011
11110000000000000001100011000100
01100100001000000000000000000001
11000000010111011111111111111100
11100000010000010000000000010000
11000000001111011111111111111101
11000000011000010000000000000001
11000000100111011111111111111111
11000000101111010000000000000000
11000011011111011111111111111110
10000000010001000000000000000000
10000000001000110000000000000000
10000000011001010000000000000000
11001011111111011111111111111011
01100111101111011111111111111010
11000011100110110000000000000000
11111011111111000000000000000000
01100111101111010000000000000110
11000011111111011111111111111011
11110000000000000001100011010110
01100100001000000000000000000010
11000000010111011111111111111100
11100000010000010000000000010000
11000000001111011111111111111101
11000000011000010000000000000010
11000000100111011111111111111111
11000000101111010000000000000000
11000011011111011111111111111110
10000000010001000000000000000000
10000000001000110000000000000000
10000000011001010000000000000000
11001011111111011111111111111011
01100111101111011111111111111010
11000011100110110000000000000000
11111011111111000000000000000000
01100111101111010000000000000110
11000011111111011111111111111011
11110000000000000001100011101000
01100100001000000000000000000011
11000000010111011111111111111100
11100000010000010000000000010000
11000000001111011111111111111101
11000000011000010000000000000011
11000000100111011111111111111111
11000000101111010000000000000000
11000011011111011111111111111110
10000000010001000000000000000000
10000000001000110000000000000000
10000000011001010000000000000000
11001011111111011111111111111011
01100111101111011111111111111010
11000011100110110000000000000000
11111011111111000000000000000000
01100111101111010000000000000110
11000011111111011111111111111011
11110000000000000001100011111010
01100100001000000000000000000100
11000000010111011111111111111100
11100000010000010000000000001000
11000000001111011111111111111101
11000000001000010000000000000100
11000000010111011111111111111111
11000000011111010000000000000000
11000011011111011111111111111110
11000011100110110000000000000000
11111000000111000000000000000000
11111000000111110000000000000000
11000000011110110000000000000011
11000000100110110000000000000010
11000000101110110000000000000001
11001000100111010000000000000000
11001000011111011111111111111111
11001000101111011111111111111110
11001000010111011111111111111101
11001000001111011111111111111100
11001011111111011111111111111011
01100111101111011111111111111010
11110011111000000000010110001000
01100111101111010000000000000110
11000011111111011111111111111011
11000000010111011111111111111100
11001000001111011111111111111011
10000000001000100000000000000000
11001011111111011111111111111010
01100111101111011111111111111001
11110011111000000000010110010000
01100111101111010000000000000111
11000011111111011111111111111010
11000000010111011111111111111100
11001000001111011111111111111010
10000000001000100000000000000000
11001011111111011111111111111001
01100111101111011111111111111000
11110011111000000000010110000000
01100111101111010000000000001000
11000011111111011111111111111001
11000000010111011111111111111100
11001000001111011111111111111001
10000000001000100000000000000000
11001011111111011111111111111000
01100111101111011111111111110111
11110011111000000000010110000110
01100111101111010000000000001001
11000011111111011111111111111000
11000000010111011111111111111101
11000000011111011111111111111011
11010000011000110001000000000000
11000000100111011111111111111110
11001000001111011111111111111000
10000000010000110000000000000000
10000000001001000000000000000000
11001011111111011111111111110111
01100111101111011111111111110110
11110011111000000000010011001011
01100111101111010000000000001010
11000011111111011111111111110111
11000000001111011111111111111100
11001011111111011111111111110111
01100111101111011111111111110110
11110011111000000000010110001010
01100111101111010000000000001010
11000011111111011111111111110111
11000000010111011111111111111101
11000000011111011111111111111010
11010000011000110001000000000000
11000000100111011111111111111001
11010000100001000001000000000000
11000011011111011111111111111111
10000000010000110000000000000000
10000000011001000000000000000000
11001011111111011111111111110111
01100111101111011111111111110110
11000011100110110000000000000000
11111011111111000000000000000000
01100111101111010000000000001010
11000011111111011111111111110111
11000000001111011111111111111101
11000000010111011111111111111000
11010000010000100000100000000000
11000000001111010000000000000000
11000000011111011111111111111110
11110000000000000000010100110011
11000000110110110000000000000010
11000000111110110000000000000001
11010000010000100000100000000000
11001000110111010000000000000000
11001000111111011111111111111111
11001000101111011111111111111110
11001000100111011111111111111101
11001000011111011111111111111100
11001000001111011111111111111011
10000000001000100000000000000000
11001011111111011111111111111010
01100111101111011111111111111001
11110011111000000000010110001000
01100111101111010000000000000111
11000011111111011111111111111010
11000000010111011111111111111011
01100100011000101111111111111111
11000000100111011111111111111100
11010000011001000001100000000000
11001000001111011111111111111010
10000000001000110000000000000000
11001011111111011111111111111001
01100111101111011111111111111000
11110011111000000000010110001000
01100111101111010000000000001000
11000011111111011111111111111001
11000000010111011111111111111011
11000000011111011111111111111100
11010000100000110001000000000000
11001000001111011111111111111001
10000000001001000000000000000000
11001011111111011111111111111000
01100111101111011111111111110111
11110011111000000000010110001000
01100111101111010000000000001001
11000011111111011111111111111000
11000000010111011111111111111011
01100100011000100000000000000001
11000000100111011111111111111100
11010000011001000001100000000000
11001000001111011111111111111000
10000000001000110000000000000000
11001011111111011111111111110111
01100111101111011111111111110110
11110011111000000000010110001000
01100111101111010000000000001010
11000011111111011111111111110111
11000000010111011111111111111011
11000000011111011111111111111101
11010000011000110001000000000000
11001000001111011111111111110111
10000000001000110000000000000000
11001011111111011111111111110110
01100111101111011111111111110101
11110011111000000000010110001000
01100111101111010000000000001011
11000011111111011111111111110110
11000000010111011111111111111110
11000000011111011111111111111010
11010000011000110001000000000000
11000000100111011111111111111111
11001000001111011111111111110110
10000000010000110000000000000000
10000000001001000000000000000000
11001011111111011111111111110101
01100111101111011111111111110100
11110011111000000000010011001011
01100111101111010000000000001100
11000011111111011111111111110101
11000000001111011111111111111110
11000000010111011111111111111001
11010000010000100000100000000000
11000000011111011111111111111111
10000000001000110000000000000000
11001011111111011111111111110101
01100111101111011111111111110100
11110011111000000000010100011100
01100111101111010000000000001100
11000011111111011111111111110101
11000000001111011111111111111110
11000000010111011111111111111000
11010000010000100000100000000000
11000000011111011111111111111111
10000000001000110000000000000000
11001011111111011111111111110101
01100111101111011111111111110100
11110011111000000000010100011100
01100111101111010000000000001100
11000011111111011111111111110101
11000000001111011111111111111110
11000000010111011111111111110111
11010000010000100000100000000000
11000000011111011111111111111111
10000000001000110000000000000000
11001011111111011111111111110101
01100111101111011111111111110100
11110011111000000000010100011100
01100111101111010000000000001100
11000011111111011111111111110101
11000000001111011111111111111110
11000000010111011111111111110110
11010000010000100000100000000000
11000000011111011111111111111111
10000000001000110000000000000000
11001011111111011111111111110101
01100111101111011111111111110100
11110011111000000000010100011100
01100111101111010000000000001100
11000011111111011111111111110101
11000000001111011111111111111011
11000000010111011111111111111100
11010000001000100000100000000000
11001011111111011111111111110101
01100111101111011111111111110100
11110011111000000000010110000110
01100111101111010000000000001100
11000011111111011111111111110101
11000000010111011111111111111110
11010000010000010001000000000000
11000000001111010000000000000000
11000000011111011111111111111111
11110000000000000000010100110011
11000000011110110000000000000001
01100100100000000000000000000100
11101000100000100000000000101001
11001011011111010000000000000000
11001000011111011111111111111111
11001000001111011111111111111110
11001000010111011111111111111101
11001011111111011111111111111100
01100111101111011111111111111011
11110011111000000000010110000010
01100111101111010000000000000101
11000011111111011111111111111100
01100100010000000000000000000000
11000000011111011111111111111101
11010000001000010001100000000000
11101000001000100000000000011011
11000000001111011111111111111110
11001000010111011111111111111100
11001011111111011111111111111011
01100111101111011111111111111010
11110011111000000000010110000100
01100111101111010000000000000110
11000011111111011111111111111011
11000000010111011111111111111101
11010000001000010001000000000000
11000000011111011111111111111100
11100000001000110000000000001010
11000000001111011111111111111110
11000011011111011111111111111111
11001011111111011111111111111011
01100111101111011111111111111010
11000011100110110000000000000000
11111011111111000000000000000000
01100111101111010000000000000110
11000011111111011111111111111011
11110000000000000001100111101110
11000000001111011111111111111101
01100100010000010000000000000001
11000000001111011111111111111110
11000011011111010000000000000000
11000011100110110000000000000000
11111000000111000000000000000000
11111000000111110000000000000000
11111000000111110000000000000000
11000000011110110000000000000001
01100100100000000000000000000001
11000000101000110000000000000001
01100100110000100000000000000001
11101000110001010000000000000011
01100100001000000000000000000000
11111000000111110000000000000000
01100100101000000000000000000000
11101000101000100000000000000011
10000000001001010000000000000000
11111000000111110000000000000000
11000000010000110000000000000000
01100100011000010000000000000001
11101000011000100000000000000011
10000000001001010000000000000000
11111000000111110000000000000000
11101000101000010000000000000011
10000000001001010000000000000000
11111000000111110000000000000000
10000000001001000000000000000000
11111000000111110000000000000000
11001000010111010000000000000000
11001011111111011111111111111111
01100111101111011111111111111110
11110011111000000000010110000010
01100111101111010000000000000010
11000011111111011111111111111111
11000000010111010000000000000000
11010000001000010001000000000000
11111000000111110000000000000000
11010000110000110000100000000000
11001000011111010000000000000000
11001000100111011111111111111111
11001000101111011111111111111110
11001000001111011111111111111101
11001000010111011111111111111100
10000000010001010000000000000000
10000000001001100000000000000000
11001011111111011111111111111011
01100111101111011111111111111010
11110011111000000001101000001011
01100111101111010000000000000110
11000011111111011111111111111011
11000000010111011111111111111101
11000000011111011111111111111100
11010000011000110001000000000000
11000000100111011111111111111110
11001000001111011111111111111011
10000000010001000000000000000000
10000000001000110000000000000000
11001011111111011111111111111010
01100111101111011111111111111001
11110011111000000001101000001011
01100111101111010000000000000111
11000011111111011111111111111010
11000000010111011111111111111011
11100000001000100000000000000011
01100100001000000000000000000000
11111000000111110000000000000000
11000000001111011111111111111101
11000000011111011111111111111111
11010000011000110000100000000000
11000000100111011111111111111110
10000000010001000000000000000000
10000000001000110000000000000000
11001011111111011111111111111010
01100111101111011111111111111001
11110011111000000001101000001011
01100111101111010000000000000111
11000011111111011111111111111010
11000000010111011111111111111011
11100000001000100000000000000011
01100100001000000000000000000000
11111000000111110000000000000000
01100100001000000000000000000001
11000000011111011111111111111101
01100100100000111111111111111111
11000000101111010000000000000000
11010000100001010010000000000000
11000000110111011111111111111110
11001000001111011111111111111010
10000000010001100000000000000000
10000000001001000000000000000000
11001011111111011111111111111001
01100111101111011111111111111000
11110011111000000001101000001011
01100111101111010000000000001000
11000011111111011111111111111001
11000000010111011111111111111011
11100000001000100000000000000011
01100100001000000000000000000000
11111000000111110000000000000000
11000000001111011111111111111101
01100100001000010000000000000001
11000000011111010000000000000000
11010000001000110000100000000000
11000000011111011111111111111110
10000000010000110000000000000000
11001011111111011111111111111001
01100111101111011111111111111000
11110011111000000001101000001011
01100111101111010000000000001000
11000011111111011111111111111001
11000000010111011111111111111011
11100000001000100000000000000011
01100100001000000000000000000000
11111000000111110000000000000000
11000000001111011111111111111010
11111000000111110000000000000000
11000000111110110000000000000010
11000001000110110000000000000001
11010001001001000000100000000000
01100101010000000000000000000100
11101001010001100000000001001110
01100101010000000000000000000000
11001000010111010000000000000000
11001011011111011111111111111111
11001001000111011111111111111110
11001001001111011111111111111101
11001000111111011111111111111100
11001000110111011111111111111011
11001000101111011111111111111010
11001000100111011111111111111001
11001000011111011111111111111000
11001000001111011111111111110111
11001001010111011111111111110110
10000000010001100000000000000000
10000000001010010000000000000000
11001011111111011111111111110101
01100111101111011111111111110100
11110011111000000001101000001011
01100111101111010000000000001100
11000011111111011111111111110101
11000000010111011111111111110110
11101000001000100000000000111000
11000000001111011111111111110111
11000000011111011111111111111000
11000000100111011111111111111001
11000000101111011111111111111010
11000000110111011111111111111011
10000000010000110000000000000000
10000000011001000000000000000000
10000000100001010000000000000000
10000000101001100000000000000000
11001011111111011111111111110101
01100111101111011111111111110100
11110011111000000001101000010100
01100111101111010000000000001100
11000011111111011111111111110101
11000000010111011111111111110110
11100000001000100000000000100001
11000000001111011111111111111101
11001011111111011111111111110101
01100111101111011111111111110100
11110011111000000000010110000100
01100111101111010000000000001100
11000011111111011111111111110101
11000000101111011111111111111011
11010000001000010010100000000000
11000000010111011111111111110110
11100000001000100000000000001101
11000000001111011111111111110111
11000000010111011111111111111000
11000000011111011111111111111001
11000000100111011111111111111010
11000011011111011111111111111110
11001011111111011111111111110101
01100111101111011111111111110100
11000011100110110000000000000000
11111011111111000000000000000000
01100111101111010000000000001100
11000011111111011111111111110101
11110000000000000001101010100011
11000000001111011111111111111011
01100100110000010000000000000001
11000000001111011111111111110111
11000000010111010000000000000000
11000000011111011111111111111000
11000000100111011111111111111001
11000000101111011111111111111010
11000011011111011111111111111111
11000011100110110000000000000000
11111000000111000000000000000000
11000000001111011111111111110111
11000000010111011111111111111001
11010000001000100000100000000000
11000000010111011111111111111011
11000011011111011111111111111100
11000011100110110000000000000000
11111000000111000000000000000000
11111000000111110000000000000000
11111000000111110000000000000000
11000000010110110000000000000001
01100100011000001111111111111111
01100100100000000000000001010000
11001000100000110000000000000000
01100100001000010000000000110000
11001000001000110000000000000000
01100100001000000000000000001010
11001000001000110000000000000000
01100100100000001111111111111110
11000000101000100000000000000000
11001000101001000000000000000000
01100100101000000000000000100000
11001000101000110000000000000000
11000000010000100000000000000001
11001000010001000000000000000000
11001000101000110000000000000000
01100100010000000000000011111111
11001000010001000000000000000000
11001000001000110000000000000000
11111000000111110000000000000000
00001000001000000000000000001001
01100100010000000000000011111111
11101000010000010000000000000110
01100100010000000000000000000000
11101000001000100000000000000010
11110000000000000001101011010001
10000000001000100000000000000000
11110000000000000001101011010011
10000000001000100000000000000000
01100100010000001111111111111110
11001000001000100000000000000000
11111000000111110000000000000000
00001000001000000000000000001001
01100100010000000000000011111111
11101000010000010000000000000110
01100100010000000000000000000000
11101000001000100000000000000010
11110000000000000001101011011101
10000000001000100000000000000000
11110000000000000001101011011111
10000000001000100000000000000000
01100100010000001111111111111111
11001000001000100000000000000000
11111000000111110000000000000000
11000000010110110000000000000001
01100100011000000000000000000011
11100000001000110000000000010011
11000100000000100000000000000000
11001000010111010000000000000000
11001011111111011111111111111111
01100111101111011111111111111110
11110011111000000001101011010110
01100111101111010000000000000010
11000011111111011111111111111111
11000100000111010000000000000000
11000100001000000000000000000001
10000000000000010000000000100000
11001011111111011111111111111111
01100111101111011111111111111110
11110011111000000001101011010110
01100111101111010000000000000010
11000011111111011111111111111111
11000100000111010000000000000000
11000100000000000000000000000010
11110000000000000001101011010110
11000100000000100000000000000000
11001000010111010000000000000000
11001011111111011111111111111111
01100111101111011111111111111110
11110011111000000001101011001010
01100111101111010000000000000010
11000011111111011111111111111111
01100100001000001111111111111111
01100100010000000000000000100000
11001000010000010000000000000000
11000100000111010000000000000000
11000100001000000000000000000001
11001000001111011111111111111111
11001000010111011111111111111110
10000000000000010000000000100000
11001011111111011111111111111101
01100111101111011111111111111100
11110011111000000001101011001010
01100111101111010000000000000100
11000011111111011111111111111101
11000000001111011111111111111111
11000000010111011111111111111110
11001000010000010000000000000000
11000100000111010000000000000000
11000100000000000000000000000010
11001011111111011111111111111101
01100111101111011111111111111100
11110011111000000001101011001010
01100111101111010000000000000100
11000011111111011111111111111101
01100100001000000000000000001010
11000000010111011111111111111111
11001000001000100000000000000000
11111000000111110000000000000000
11000000011110110000000000000011
11000000100110110000000000000010
11000000101110110000000000000001
01100100110000000000000000000100
11101000110000100000000001011101
11001011011111010000000000000000
11001000011111011111111111111111
11001000100111011111111111111110
11001000101111011111111111111101
11001000010111011111111111111100
11001000001111011111111111111011
11001011111111011111111111111010
01100111101111011111111111111001
11110011111000000001101000001011
01100111101111010000000000000111
11000011111111011111111111111010
01100100010000000000000000000000
11101000001000100000000001001111
11000000001111011111111111111011
11001000010111011111111111111010
11001011111111011111111111111001
01100111101111011111111111111000
11110011111000000000010110000100
01100111101111010000000000001000
11000011111111011111111111111001
11000000010111011111111111111100
11010000001000010001000000000000
11000000011111011111111111111010
11100000001000110000000000111110
11000000001111011111111111111011
11001011111111011111111111111001
01100111101111011111111111111000
11110011111000000000010110001010
01100111101111010000000000001000
11000011111111011111111111111001
11000000010111011111111111111101
11001000001111011111111111111001
10000000001000100000000000000000
11001011111111011111111111111000
01100111101111011111111111110111
11110011111000000000010011001000
01100111101111010000000000001001
11000011111111011111111111111000
11000000001111011111111111111011
11001011111111011111111111111000
01100111101111011111111111110111
11110011111000000000010110010000
01100111101111010000000000001001
11000011111111011111111111111000
11000000010111011111111111111011
11001000001111011111111111111000
10000000001000100000000000000000
11001011111111011111111111110111
01100111101111011111111111110110
11110011111000000000010110000000
01100111101111010000000000001010
11000011111111011111111111110111
11000000010111011111111111111001
11000000011111011111111111111110
11010000010000110001000000000000
11000000011111011111111111111100
11000000100111011111111111111000
11010000100001000001100000000000
11010000001000010001100000000000
11000011011111011111111111111111
10000000011000010000000000000000
10000000001000100000000000000000
10000000010001000000000000000000
11001011111111011111111111110111
01100111101111011111111111110110
11000011100110110000000000000000
11111011111111000000000000000000
01100111101111010000000000001010
11000011111111011111111111110111
11000000001111011111111111111011
11001011111111011111111111110111
01100111101111011111111111110110
11110011111000000000010110001000
01100111101111010000000000001010
11000011111111011111111111110111
11000000010111011111111111111100
11010000001000010001000000000000
11000000011111011111111111111101
10000000010000110000000000000000
11001011111111011111111111110111
01100111101111011111111111110110
11110011111000000000010011001011
01100111101111010000000000001010
11000011111111011111111111110111
11110000000000000001101101110011
11000000001111011111111111111100
01100100010000010000000000000001
11000000001111011111111111111011
11000011011111010000000000000000
11000011100110110000000000000000
11111000000111000000000000000000
11111000000111110000000000000000
11111000000111110000000000000000
11000000100110110000000000001001
11000000101110110000000000001000
11000000110110110000000000000111
11000000111110110000000000000110
11000001000110110000000000000101
11000001001110110000000000000100
11000001010110110000000000000011
11000001011110110000000000000010
11000001100110110000000000000001
01100101101000000000000000000000
11101000010011010000000010000100
11000100011010000000000000000000
11000001000011000000000000000000
00000101000000100100000000000010
00001000100010000000000000001010
00000100011000110010000000100011
11000100100001110000000000000000
00000100100001000001100000100011
00000100100001000000000000100001
11001100100010100000000000000000
01100101000000000000000000000001
11000100100001110000000000000001
00000100100001000001100000100011
00000100100001000000100000100001
11001100100010100000000000000001
11000100100001110000000000000010
00000100011001000001100000100011
00000100011000110001000000100001
11001100011010100000000000000010
11001100010111010000000000000000
11001100001111011111111111111111
11001100000111011111111111111110
11001011011111011111111111111101
11001001000111011111111111111100
11001001011111011111111111111011
11001000011111011111111111111010
11001001010111011111111111111001
11001001101111011111111111111000
11001000101111011111111111110111
11001000010111011111111111110110
11001000001111011111111111110101
11001000100111011111111111110100
11001000110111011111111111110011
11001001001111011111111111110010
10000000010011010000000000000000
10000000001010100000000000000000
11001011111111011111111111110001
01100111101111011111111111110000
11110011111000000000010011010010
01100111101111010000000000010000
11000011111111011111111111110001
11000000001111011111111111110010
11001011111111011111111111110001
01100111101111011111111111110000
11110011111000000000010011001000
01100111101111010000000000010000
11000011111111011111111111110001
11000000001111011111111111110011
11000000010111011111111111110100
11001011111111011111111111110001
01100111101111011111111111110000
11110011111000000000010011001011
01100111101111010000000000010000
11000011111111011111111111110001
01110100000000000000000000000000
01111100000000000000000111111100
11000000001111011111111111110110
11000000010111011111111111110101
11010000011000100000100000000000
01110100001000000000000000000000
01111100001000000000000000000000
11000000100111011111111111111000
11000000101111011111111111111001
11000011011111011111111111110111
10000000010001010000000000000000
10000000001001000000000000000000
11001011111111011111111111110001
01100111101111011111111111110000
11000011100110110000000000000000
11111011111111000000000000000000
01100111101111010000000000010000
11000011111111011111111111110001
11000000001111011111111111110110
11000000010111011111111111110101
11010000011000100000100000000000
10000000001000110000000000000000
11001011111111011111111111110001
01100111101111011111111111110000
11110011111000000000010101111110
01100111101111010000000000010000
11000011111111011111111111110001
11000000010111011111111111110010
11001011111111011111111111110001
01100111101111011111111111110000
11110011111000000000010011001011
01100111101111010000000000010000
11000011111111011111111111110001
11000000001111011111111111110110
11000000010111011111111111110101
11010000011000100000100000000000
11000000100111011111111111111010
10000000010001000000000000000000
10000000001000110000000000000000
11001011111111011111111111110001
01100111101111011111111111110000
11110011111000000000010110001101
01100111101111010000000000010000
11000011111111011111111111110001
11000000001111011111111111110110
11000000010111011111111111110101
11010000011000100000100000000000
11000000100111011111111111111000
11000011011111011111111111111011
10000000010001000000000000000000
10000000001000110000000000000000
11001011111111011111111111110001
01100111101111011111111111110000
11000011100110110000000000000000
11111011111111000000000000000000
01100111101111010000000000010000
11000011111111011111111111110001
11000000001111011111111111110110
01100100001000011111111111111111
11000000010111011111111111111010
11000000011111011111111111111100
11001000001111011111111111110001
10000000001000100000000000000000
10000000010000110000000000000000
11001011111111011111111111110000
01100111101111011111111111101111
11110011111000000000010010111010
01100111101111010000000000010001
11000011111111011111111111110000
10000000011000010000000000000000
11000100000111011111111111111110
11000100001111011111111111111111
11000100010111010000000000000000
11000000001111011111111111110101
11000000010111011111111111110001
11000011011111011111111111111101
11000011100110110000000000000000
11111000000111000000000000000000
11111000000111110000000000000000
11000000100110110000000000000110
11000000101110110000000000000101
11000000110110110000000000000100
11000000111110110000000000000011
11000001000110110000000000000010
11000001001110110000000000000001
11000100000001100000000000000000
11000000110010010000000000000001
00000100010000100011000000000010
00001000001000100000000000001010
00000100000000000000100000100011
11000100001001010000000000000000
00000100001000010000000000100011
11000100010001000000000000000000
00000100001000010001000000100001
11000100010001010000000000000001
00000100010000100000000000100011
11000100011001000000000000000001
00000100010000100001100000100001
11000100011001010000000000000010
00000100000000110000000000100011
11000100011001000000000000000010
00000100000000000001100000100001
11000000010010000000000000000000
01100100010000101111111111111111
10000011011001110000000000000000
10000011111000100000000000100000
10000000010000000000000000100000
10000000000000010000000000100000
10000000001111110000000000100000
11000011100110110000000000000000
11111000000111000000000000000000
11000000111110110000000000000110
11000001000110110000000000000101
11000001001110110000000000000100
11000001010110110000000000000011
11000001011110110000000000000010
11000001100110110000000000000001
01100101101000000000000000000000
11000001011010110000000000000000
11101000001010110000000000000010
11111000000111110000000000000000
11010001011001000000100000000000
11001011011111010000000000000000
11001000110111011111111111111111
11001000111111011111111111111110
11001000011111011111111111111101
11001001000111011111111111111100
11001001100111011111111111111011
11001000100111011111111111111010
11001001101111011111111111111001
11001000101111011111111111111000
11001000010111011111111111110111
11001000001111011111111111110110
11001001010111011111111111110101
11001001001111011111111111110100
10000000001010110000000000000000
11001011111111011111111111110011
01100111101111011111111111110010
11110011111000000000010101111110
01100111101111010000000000001110
11000011111111011111111111110011
10000000010000010000000000000000
11000000001111011111111111110100
11001011111111011111111111110011
01100111101111011111111111110010
11110011111000000000010011001011
01100111101111010000000000001110
11000011111111011111111111110011
11000000001111011111111111110110
11000000010111011111111111110111
11000000011111011111111111111000
11000011011111011111111111110101
11001011111111011111111111110011
01100111101111011111111111110010
11000011100110110000000000000000
11111011111111000000000000000000
01100111101111010000000000001110
11000011111111011111111111110011
11000000010111011111111111111001
11100000001000100000000000010100
11000000001111011111111111110110
11000000011111011111111111110111
11000000100111011111111111111101
11000000101111011111111111111010
11000000110111011111111111111000
11000011011111011111111111111100
10000011100001100000000000000000
10000000110000100000000000000000
10000000010000110000000000000000
10000000011001000000000000000000
10000000100001010000000000000000
10000000101111000000000000000000
11001011111111011111111111110011
01100111101111011111111111110010
11000011100110110000000000000000
11111011111111000000000000000000
01100111101111010000000000001110
11000011111111011111111111110011
11110000000000000001110001111001
11000000001111011111111111110110
11000000011111011111111111111010
11010000100000110000100000000000
11000011011111011111111111111011
10000000001001000000000000000000
11001011111111011111111111110011
01100111101111011111111111110010
11000011100110110000000000000000
11111011111111000000000000000000
01100111101111010000000000001110
11000011111111011111111111110011
11000000001111011111111111111111
11000011011111011111111111111110
11001011111111011111111111110011
01100111101111011111111111110010
11000011100110110000000000000000
11111011111111000000000000000000
01100111101111010000000000001110
11000011111111011111111111110011
11000000001111011111111111110110
01100100001000010000000000000001
11000000010111011111111111110111
11000000011111011111111111111101
11000000100111011111111111111010
11000000101111011111111111111000
11000000110111011111111111111111
11000011011111010000000000000000
11000011100110110000000000000000
11111000000111000000000000000000
11000000111110110000000000000011
11000001000110110000000000000010
11000001001110110000000000000001
11000001010010010000000000000001
11101000001010100000000000000010
11111000000111110000000000000000
11000001001010010000000000000001
01100101001010011111111111111111
11001011011111010000000000000000
11001000101111011111111111111111
11001000110111011111111111111110
11001000100111011111111111111101
11001000011111011111111111111100
11001000010111011111111111111011
11001000001111011111111111111010
11001000111111011111111111111001
11101000001010010000000000000010
11110000000000000001110010101000
01100101001000010000000000000001
10000000011001010000000000000000
10000000010010010000000000000000
10000000001001000000000000000000
10000011011010000000000000000000
11001011111111011111111111111000
01100111101111011111111111110111
11000011100110110000000000000000
11111011111111000000000000000000
01100111101111010000000000001001
11000011111111011111111111111000
01100100001000000000000000000000
11000000010111011111111111111010
11000000011111011111111111111011
11000000100111011111111111111100
11000000101111011111111111111101
11000000110111011111111111111110
11000011011111011111111111111001
11001011111111011111111111111000
01100111101111011111111111110111
11000011100110110000000000000000
11111011111111000000000000000000
01100111101111010000000000001001
11000011111111011111111111111000
11000000001111011111111111111010
01100100001000010000000000000001
01100100010000000000000000000010
11000000011111011111111111111111
11001000001111011111111111111000
10000000001000110000000000000000
11001011111111011111111111110111
01100111101111011111111111110110
11110011111000000000010010111010
01100111101111010000000000001010
11000011111111011111111111110111
10000000101000010000000000000000
11000000001111011111111111111000
11000000010111011111111111111100
11000000011111011111111111111101
11000000100111011111111111111011
11000000110111011111111111111110
11000011011111010000000000000000
11000011100110110000000000000000
11111000000111000000000000000000
01100100001000000000000000000011
01110100000000000000000000000000
01111100000000000000000000000000
11001100000111010000000000000000
11001000001111011111111111111111
11001011111111011111111111111110
01100111101111011111111111111101
11110011111000000010000100011010
01100111101111010000000000000011
11000011111111011111111111111110
10000000010000010000000000000000
01100100001000000000000000000101
11001011111111011111111111111110
01100111101111011111111111111101
11110011111000000010000100001011
01100111101111010000000000000011
11000011111111011111111111111110
11000100000111010000000000000000
11000000010111011111111111111111
11001000001111011111111111111110
10000000001000100000000000000000
11001011111111011111111111111101
01100111101111011111111111111100
11110011111000000010000100011010
01100111101111010000000000000100
11000011111111011111111111111101
11000000010111011111111111111110
11001000001000100000000000000001
11000100000111010000000000000000
11000000001111011111111111111111
11001011111111011111111111111101
01100111101111011111111111111100
11110011111000000010000100011010
01100111101111010000000000000100
11000011111111011111111111111101
11000000010111011111111111111110
11001000001000100000000000000010
11000100000111010000000000000000
11000000001111011111111111111111
11001011111111011111111111111101
01100111101111011111111111111100
11110011111000000010000100011010
01100111101111010000000000000100
11000011111111011111111111111101
11000000010111011111111111111110
11001000001000100000000000000011
11000100000111010000000000000000
11000000001111011111111111111111
11001011111111011111111111111101
01100111101111011111111111111100
11110011111000000010000100011010
01100111101111010000000000000100
11000011111111011111111111111101
11000000010111011111111111111110
11001000001000100000000000000100
10000000001000100000000000000000
11111000000111110000000000000000
01100100001000000000000000000011
01110100000000000000000000000000
01111100000000000000000000000000
11001011111111010000000000000000
01100111101111011111111111111111
11110011111000000010000100011010
01100111101111010000000000000001
11000011111111010000000000000000
11001000001111010000000000000000
11001011111111011111111111111111
01100111101111011111111111111110
11110011111000000001110011001001
01100111101111010000000000000010
11000011111111011111111111111111
01100100010000000000000000000101
01100100011000000000000000000000
11001000001111011111111111111111
11001000011111011111111111111110
11001000010111011111111111111101
10000000001000100000000000000000
10000000010000110000000000000000
11001011111111011111111111111100
01100111101111011111111111111011
11110011111000000010000100001011
01100111101111010000000000000101
11000011111111011111111111111100
11000000010111011111111111111101
11000000011111011111111111111110
11001000001111011111111111111100
10000000001000100000000000000000
10000000010000110000000000000000
11001011111111011111111111111011
01100111101111011111111111111010
11110011111000000010000100001011
01100111101111010000000000000110
11000011111111011111111111111011
11001000001111011111111111111011
11001011111111011111111111111010
01100111101111011111111111111001
11110011111000000001110011001001
01100111101111010000000000000111
11000011111111011111111111111010
11001000001111011111111111111010
11001011111111011111111111111001
01100111101111011111111111111000
11110011111000000001110011001001
01100111101111010000000000001000
11000011111111011111111111111001
01100100010000000000000000000001
11000000011111011111111111111110
11001000001111011111111111111001
10000000001000100000000000000000
10000000010000110000000000000000
11001011111111011111111111111000
01100111101111011111111111110111
11110011111000000010000100001011
01100111101111010000000000001001
11000011111111011111111111111000
11001000001111011111111111111000
11001011111111011111111111110111
01100111101111011111111111110110
11110011111000000001110011001001
01100111101111010000000000001010
11000011111111011111111111110111
10000000010111100000000000000000
01100111110111100000000000001000
11001000001000100000000000000111
11000000001111011111111111111000
11001000001000100000000000000110
11000000001111011111111111111001
11001000001000100000000000000101
11000000001111011111111111111010
11001000001000100000000000000100
11000000001111011111111111111011
11001000001000100000000000000011
11000000001111011111111111111100
11001000001000100000000000000010
11000000001111011111111111111111
11001000001000100000000000000001
11000000001111010000000000000000
11001000001000100000000000000000
10000000001000100000000000000000
11111000000111110000000000000000
01100100011000000000000000000000
11101000010000110000000000001110
11001000010111010000000000000000
11001000001111011111111111111111
11001011111111011111111111111110
01100111101111011111111111111101
11110011111000000001110100000010
01100111101111010000000000000011
11000011111111011111111111111110
11000000010111010000000000000000
11000000011111011111111111111111
11011000001000110001000000000000
01100100010000101111111111111111
10000000001000110000000000000000
11110000000000000001110101010101
11111000000111110000000000000000
11000000001110110000000000000001
11000000010000010000000000000000
11001000001111010000000000000000
11001000010111011111111111111111
11001011111111011111111111111110
01100111101111011111111111111101
11110011111000000001110100000010
01100111101111010000000000000011
11000011111111011111111111111110
10000000010000010000000000000000
11000000001111011111111111111111
11001011111111011111111111111110
01100111101111011111111111111101
11110011111000000010000100001011
01100111101111010000000000000011
11000011111111011111111111111110
11000000010111010000000000000000
11000000010000100000000000000000
01100100010000101111111111111110
11110000000000000001110101010101
11001100000111010000000000000000
11001011111111011111111111111111
01100111101111011111111111111110
11110011111000000000010000111000
01100111101111010000000000000010
11000011111111011111111111111111
11000100001111010000000000000000
11001100000111011111111111111111
10000000000000010000000000100000
11001011111111011111111111111110
01100111101111011111111111111101
11110011111000000000010001100110
01100111101111010000000000000011
11000011111111011111111111111110
11000100001111011111111111111111
00000100000000010000000000100101
11111000000111110000000000000000
00000100000000000000000000100011
01110100010011001100110011001101
01111100010000000000000111101110
00000100000000000001000000100001
00000100000000000000000000101100
01110100010000000000000000000000
01111100010000000000000111111100
00000100010000100000000000100101
11001100000111010000000000000000
11001100001111011111111111111111
10000000000000100000000000100000
11001011111111011111111111111110
01100111101111011111111111111101
11110011111000000000010010000001
01100111101111010000000000000011
11000011111111011111111111111110
11000100001111011111111111111111
00000100000000010000000000100011
11001011111111011111111111111110
01100111101111011111111111111101
11110011111000000001110101111001
01100111101111010000000000000011
11000011111111011111111111111110
11000100001111010000000000000000
00000100000000010000000000100011
11111000000111110000000000000000
11000000100110110000000000000001
01100100101000000000000000000101
11101000001001010000000001111111
00000100010000000000000000100011
00000100011000010000100000100011
00000100010000100001100000100001
01110100011000000000000000000000
01111100011000000000000111111100
00000100010000100001100000100001
00000100010000100000000000101100
00000100000000000001000000100101
00000100001000010001000000100101
00000100010000110001000000100101
11010000001001000001000000000000
11010000010000010001100000000000
11001000001111010000000000000000
11001000011111011111111111111111
11001100010111011111111111111110
11001100001111011111111111111101
11001100000111011111111111111100
10000000001000100000000000000000
11001011111111011111111111111011
01100111101111011111111111111010
11110011111000000000010110010010
01100111101111010000000000000110
11000011111111011111111111111011
11000100000111011111111111111100
11000100001111011111111111111101
11000100010111011111111111111110
11001011111111011111111111111011
01100111101111011111111111111010
11110011111000000000010011000000
01100111101111010000000000000110
11000011111111011111111111111011
11000000001111011111111111111111
01100100010000010000000000101000
11000000011111010000000000000000
11010000010000110001000000000000
10000000001000100000000000000000
11001011111111011111111111111011
01100111101111011111111111111010
11110011111000000000010110010010
01100111101111010000000000000110
11000011111111011111111111111011
11000100000111011111111111111101
00000100010000000000000000101110
11000100001111011111111111111100
11000100011111011111111111111110
11001100010111011111111111111011
10000000000000010000000000100000
10000000001000110000000000100000
11001011111111011111111111111010
01100111101111011111111111111001
11110011111000000000010011000000
01100111101111010000000000000111
11000011111111011111111111111010
11000000001111011111111111111111
01100100010000010000000001010000
11000000011111010000000000000000
11010000010000110001000000000000
10000000001000100000000000000000
11001011111111011111111111111010
01100111101111011111111111111001
11110011111000000000010110010010
01100111101111010000000000000111
11000011111111011111111111111010
11000100000111011111111111111100
00000100001000000000000000101110
11000100010111011111111111111110
11000100011111011111111111111011
11001100001111011111111111111010
10000000000000100000000000100000
10000000010000110000000000100000
11001011111111011111111111111001
01100111101111011111111111111000
11110011111000000000010011000000
01100111101111010000000000001000
11000011111111011111111111111001
11000000001111011111111111111111
01100100010000010000000000000001
11000000011111010000000000000000
11010000010000110001000000000000
10000000001000100000000000000000
11001011111111011111111111111001
01100111101111011111111111111000
11110011111000000000010110010010
01100111101111010000000000001000
11000011111111011111111111111001
11000100000111011111111111111110
00000100010000000000000000101110
11000100000111011111111111111010
11000100001111011111111111111011
11001100010111011111111111111001
11001011111111011111111111111000
01100111101111011111111111110111
11110011111000000000010011000000
01100111101111010000000000001001
11000011111111011111111111111000
11000000001111011111111111111111
01100100010000010000000000101001
11000000011111010000000000000000
11010000010000110001000000000000
10000000001000100000000000000000
11001011111111011111111111111000
01100111101111011111111111110111
11110011111000000000010110010010
01100111101111010000000000001001
11000011111111011111111111111000
11000100000111011111111111111010
11000100001111011111111111111001
11000100010111011111111111111101
11001011111111011111111111111000
01100111101111011111111111110111
11110011111000000000010011000000
01100111101111010000000000001001
11000011111111011111111111111000
11000000001111011111111111111111
01100100001000010000000001010001
11000000010111010000000000000000
11010000001000100000100000000000
11001011111111011111111111111000
01100111101111011111111111110111
11110011111000000000010110010010
01100111101111010000000000001001
11000011111111011111111111111000
11000100000111011111111111111001
11000100001111011111111111111100
11000100010111011111111111111101
11110000000000000000010011000000
11001100010111011111111111111000
11001000011111011111111111111111
11001000010111011111111111110111
11001011011111011111111111110110
11001100011111011111111111110101
11001000001111011111111111110100
10000000000000010000000000100000
10000000001000100000000000100000
11001011111111011111111111110011
01100111101111011111111111110010
11110011111000000001110110001010
01100111101111010000000000001110
11000011111111011111111111110011
11000000001111011111111111110100
01100100001000010000000000000001
11000100001111011111111111110101
11001100000111011111111111110011
11001000001111011111111111110010
11001011111111011111111111110001
01100111101111011111111111110000
11110011111000000001110110001010
01100111101111010000000000010000
11000011111111011111111111110001
10000000001000000000000000100000
11000100000111011111111111110011
11000100010111011111111111111000
11000100011111011111111111110101
11000000001111011111111111110010
11000000010111011111111111110111
11000000011111011111111111111111
11000011011111011111111111110110
11000011100110110000000000000000
11111000000111000000000000000000
11000000100110110000000000000001
01100100101000000000000000000000
11101000001001010000000001000101
00001000001000010000000000001010
01110100010011001100110011001101
01111100010000000000000111110010
00000100001000010001000000100011
01110100010001100110011001100110
01111100010000000000000111111011
00000100010000010001000000100010
01110100011000000000000000000000
01111100011000000000000000000000
11001011011111010000000000000000
11001000001111011111111111111111
11001100000111011111111111111110
11001100011111011111111111111101
11001000010111011111111111111100
11001000101111011111111111111011
11001000100111011111111111111010
11001000011111011111111111111001
11001100001111011111111111111000
10000000001001010000000000000000
10000011011001000000000000000000
10000000001000110000000000100000
10000011111000110000000000100000
10000000011000000000000000100000
10000000000111110000000000100000
11001011111111011111111111110111
01100111101111011111111111110110
11000011100110110000000000000000
11111011111111000000000000000000
01100111101111010000000000001010
11000011111111011111111111110111
01110100000011001100110011001101
01111100000000000000000111101110
11000100001111011111111111111000
00000100010000010000000000100001
11000000001111011111111111111001
01100100011000010000000000000010
11000100000111011111111111111101
11000100011111011111111111111110
11000000010111011111111111111011
11000000100111011111111111111100
11000011011111011111111111111010
10000000001000100000000000000000
10000000010001000000000000000000
10000000001000000000000000100000
11001011111111011111111111110111
01100111101111011111111111110110
11000011100110110000000000000000
11111011111111000000000000000000
01100111101111010000000000001010
11000011111111011111111111110111
01100100010000000000000000000001
11000000001111011111111111111111
01100100001000011111111111111111
11000000011111011111111111111100
11001000001111011111111111110111
10000000001000110000000000000000
11001011111111011111111111110110
01100111101111011111111111110101
11110011111000000000010010111010
01100111101111010000000000001011
11000011111111011111111111110110
10000000010000010000000000000000
11000100000111011111111111111110
11000000001111011111111111110111
11000000011111011111111111111001
11000011011111010000000000000000
11000011100110110000000000000000
11111000000111000000000000000000
11111000000111110000000000000000
11000000100110110000000000000001
01100100101000000000000000000000
11101000001001010000000000100111
00001000000000010000000000001010
01110100001011001100110011001101
01111100001000000000000111110010
00000100000000000000100000100011
01110100001001100110011001100110
01111100001000000000000111111011
00000100000000000000100000100010
01100100101000000000000000000100
11001011011111010000000000000000
11001000011111011111111111111111
11001000010111011111111111111110
11001000001111011111111111111101
10000000001001010000000000000000
10000011011001000000000000000000
11001011111111011111111111111100
01100111101111011111111111111011
11000011100110110000000000000000
11111011111111000000000000000000
01100111101111010000000000000101
11000011111111011111111111111100
11000000001111011111111111111101
01100100001000011111111111111111
01100100010000000000000000000010
11000000011111011111111111111110
11001000001111011111111111111100
10000000001000110000000000000000
11001011111111011111111111111011
01100111101111011111111111111010
11110011111000000000010010111010
01100111101111010000000000000110
11000011111111011111111111111011
10000000010000010000000000000000
11000000001111011111111111111111
01100100011000010000000000000100
11000000001111011111111111111100
11000011011111010000000000000000
11000011100110110000000000000000
11111000000111000000000000000000
11111000000111110000000000000000
11000000001110110000000000000001
01100100010000000000000000000011
01110100000000000000000000000000
01111100000000000000000000000000
11001000001111010000000000000000
10000000001000100000000000000000
11001011111111011111111111111111
01100111101111011111111111111110
11110011111000000010000100011010
01100111101111010000000000000010
11000011111111011111111111111111
10000000010000010000000000000000
11000000001111010000000000000000
11000000001000010000000000000000
11001000010111011111111111111111
11001011111111011111111111111110
01100111101111011111111111111101
11110011111000000010000100001011
01100111101111010000000000000011
11000011111111011111111111111110
10000000010111100000000000000000
01100111110111100000000000000010
11001000001000100000000000000001
11000000001111011111111111111111
11001000001000100000000000000000
10000000001000100000000000000000
11111000000111110000000000000000
11000000011110110000000000000001
01100100100000000000000000000000
11101000010001000000000000010011
11001011011111010000000000000000
11001000010111011111111111111111
11001000001111011111111111111110
10000011011000110000000000000000
11001011111111011111111111111101
01100111101111011111111111111100
11000011100110110000000000000000
11111011111111000000000000000000
01100111101111010000000000000100
11000011111111011111111111111101
11000000010111011111111111111111
11000000011111011111111111111110
11011000001000110001000000000000
01100100010000101111111111111111
11000011011111010000000000000000
10000000001000110000000000000000
11000011100110110000000000000000
11111000000111000000000000000000
11111000000111110000000000000000
11000000010110110000000000000011
11000000011110110000000000000010
11000000100110110000000000000001
01100100101000000000000000000000
11101000001001010000000000100111
01100100101000000000000001111000
11001011011111010000000000000000
11001000011111011111111111111111
11001000001111011111111111111110
11001000010111011111111111111101
11001000101111011111111111111100
10000011011001000000000000000000
11001011111111011111111111111011
01100111101111011111111111111010
11000011100110110000000000000000
11111011111111000000000000000000
01100111101111010000000000000110
11000011111111011111111111111011
10000000010000010000000000000000
11000000001111011111111111111100
11001011111111011111111111111011
01100111101111011111111111111010
11110011111000000010000100001011
01100111101111010000000000000110
11000011111111011111111111111011
11000000010111011111111111111110
11000000011111011111111111111101
11011000001000110001000000000000
11010000001000110001000000000000
01100100011000000000000001110110
11000011011111011111111111111111
10000000010000110000000000000000
11001011111111011111111111111011
01100111101111011111111111111010
11000011100110110000000000000000
11111011111111000000000000000000
01100111101111010000000000000110
11000011111111011111111111111011
11000000001111011111111111111110
01100100001000011111111111111111
11000011011111010000000000000000
11000011100110110000000000000000
11111000000111000000000000000000
11111000000111110000000000000000
11000000011110110000000000000001
01100100100000000000000000000000
11101000010001000000000000010011
11010000100000010001000000000000
11001000001111010000000000000000
11001011011111011111111111111111
11001000010111011111111111111110
10000000001001000000000000000000
10000011011000110000000000000000
11001011111111011111111111111101
01100111101111011111111111111100
11000011100110110000000000000000
11111011111111000000000000000000
01100111101111010000000000000100
11000011111111011111111111111101
11000000001111011111111111111110
01100100010000011111111111111111
11000000001111010000000000000000
11000011011111011111111111111111
11000011100110110000000000000000
11111000000111000000000000000000
11111000000111110000000000000000
11000000010110110000000000000010
11000000011110110000000000000001
01100100100000000000000000000000
11101000001001000000000000010011
11010000011000110000100000000000
01100100100000000000000001110111
11001011011111010000000000000000
11001000001111011111111111111111
10000000001000110000000000000000
10000011011000100000000000000000
10000000010001000000000000000000
11001011111111011111111111111110
01100111101111011111111111111101
11000011100110110000000000000000
11111011111111000000000000000000
01100111101111010000000000000011
11000011111111011111111111111110
11000000001111011111111111111111
01100100001000011111111111111111
11000011011111010000000000000000
11000011100110110000000000000000
11111000000111000000000000000000
11111000000111110000000000000000
11000000001110110000000000000011
11000000010110110000000000000010
11000000011110110000000000000001
01100100100000000000000000000100
11001000100111010000000000000000
11001000001111011111111111111111
11001000011111011111111111111110
10000000001001000000000000000000
10000011011000100000000000000000
11001011111111011111111111111101
01100111101111011111111111111100
11000011100110110000000000000000
11111011111111000000000000000000
01100111101111010000000000000100
11000011111111011111111111111101
01100100001000000000000000001001
01100100010000000000000000000000
11000011011111011111111111111110
10000000011000100000000000000000
11001011111111011111111111111101
01100111101111011111111111111100
11000011100110110000000000000000
11111011111111000000000000000000
01100111101111010000000000000100
11000011111111011111111111111101
11000000001111010000000000000000
11000011011111011111111111111111
11000011100110110000000000000000
11111000000111000000000000000000
11000000011110110000000000000011
11000000100110110000000000000010
11000011011110110000000000000001
11001000001111010000000000000000
11001000100111011111111111111111
11001000010111011111111111111110
11001100000111011111111111111101
11001000011111011111111111111100
11001100011111011111111111111011
11001100010111011111111111111010
11001100001111011111111111111001
11001011111111011111111111111000
01100111101111011111111111110111
11000011100110110000000000000000
11111011111111000000000000000000
01100111101111010000000000001001
11000011111111011111111111111000
11001000001111011111111111111000
11001011111111011111111111110111
01100111101111011111111111110110
11110011111000000000010110010010
01100111101111010000000000001010
11000011111111011111111111110111
11000100000111011111111111111001
11000100001111011111111111111010
11000100010111011111111111111011
11001011111111011111111111110111
01100111101111011111111111110110
11110011111000000000010011000000
01100111101111010000000000001010
11000011111111011111111111110111
11000000001111011111111111111000
11000011011111011111111111111100
11001011111111011111111111110111
01100111101111011111111111110110
11000011100110110000000000000000
11111011111111000000000000000000
01100111101111010000000000001010
11000011111111011111111111110111
10000000001111100000000000000000
01100111110111100000000000000011
11000100000111011111111111111101
11001100000000010000000000000010
11000000010111011111111111111000
11001000010000010000000000000001
11000000010111011111111111111110
11001000010000010000000000000000
11000000010111010000000000000000
11000000011111011111111111111111
11011000001000110001000000000000
11111000000111110000000000000000
11000000011110110000000000000011
11000000100110110000000000000010
11000000101110110000000000000001
01010000001000010000000000000010
11000000110000110000000000000000
01110100000000000000000000000000
01111100000000000000000111111100
11001000011111010000000000000000
11001000110111011111111111111111
11001000101111011111111111111110
11001000001111011111111111111101
11001000100111011111111111111100
11001100000111011111111111111011
10000000001000100000000000000000
11001011111111011111111111111010
01100111101111011111111111111001
11110011111000000000010101100100
01100111101111010000000000000111
11000011111111011111111111111010
11000100001111011111111111111011
00000100000000010000000000100010
11000100001111011111111111111100
11000100010000010000000000000000
00000100010000100000000000101110
11000100011000010000000000000001
00000100011000110000000000101110
11000100100000010000000000000010
00000100100001000000000000101110
11000000001111011111111111111101
01100100010000010000000000000001
11000100101000010000000000000000
11000000011111011111111111111111
11000011011111011111111111111110
11001100011111011111111111111010
11001100100111011111111111111001
11001100010111011111111111111000
11001100000111011111111111110111
10000000001000110000000000000000
10000000010000110000000000100000
10000000001001010000000000100000
10000000011001000000000000100000
11001011111111011111111111110110
01100111101111011111111111110101
11000011100110110000000000000000
11111011111111000000000000000000
01100111101111010000000000001011
11000011111111011111111111110110
11000000001111011111111111111111
01100100010000010000000000000001
11000000011111011111111111111101
01100100100000110000000000000010
11000100000111011111111111111100
11000100010000000000000000000001
11000100001111011111111111110111
11000100011111011111111111111000
11000100100111011111111111111001
11000011011111011111111111111110
10000000001000100000000000000000
10000000010001000000000000000000
10000000000000010000000000100000
10000000001000110000000000100000
10000000011001000000000000100000
11001011111111011111111111110110
01100111101111011111111111110101
11000011100110110000000000000000
11111011111111000000000000000000
01100111101111010000000000001011
11000011111111011111111111110110
11000000001111011111111111111111
01100100010000010000000000000010
11000000011111011111111111111101
01100100011000110000000000000011
11000100000111011111111111111100
11000100011000000000000000000010
11000100000111011111111111110111
11000100001111011111111111111000
11000100010111011111111111111010
11000011011111011111111111111110
10000000001000100000000000000000
10000000010000110000000000000000
11001011111111011111111111110110
01100111101111011111111111110101
11000011100110110000000000000000
11111011111111000000000000000000
01100111101111010000000000001011
11000011111111011111111111110110
11000000001111011111111111111111
01100100001000010000000000000011
11000000010111010000000000000000
11001000001000100000000000000000
11111000000111110000000000000000
11000000011110110000000000000011
11000000100110110000000000000010
11000000101110110000000000000001
01010000001000010000000000000010
01100100001000010000000000000001
11000000110000110000000000000000
01110100000000000000000000000000
01111100000000000000000111111100
11001000011111010000000000000000
11001000001111011111111111111111
11001000110111011111111111111110
11001000101111011111111111111101
11001000100111011111111111111100
11001000010111011111111111111011
11001100000111011111111111111010
10000000001000100000000000000000
11001011111111011111111111111001
01100111101111011111111111111000
11110011111000000000010101100100
01100111101111010000000000001000
11000011111111011111111111111001
11000100001111011111111111111010
00000100000000010000000000100010
11000000001111011111111111111011
11001100000111011111111111111001
11001011111111011111111111111000
01100111101111011111111111110111
11110011111000000000010101011001
01100111101111010000000000001001
11000011111111011111111111111000
10000000010000010000000000000000
11000000001111011111111111111100
11001011111111011111111111111000
01100111101111011111111111110111
11110011111000000000010011110111
01100111101111010000000000001001
11000011111111011111111111111000
01110100001000000000000000000000
01111100001000000000001000000000
11000000001111011111111111111011
11001100000111011111111111111000
11001100001111011111111111110111
11001011111111011111111111110110
01100111101111011111111111110101
11110011111000000000010101010000
01100111101111010000000000001011
11000011111111011111111111110110
11000100001111011111111111110111
00000100000000010000000000100011
11000100010111011111111111111000
00000100000000000001000000100011
11000100011111011111111111111100
11000100100000110000000000000000
00000100000000000010000000100010
11000000001111011111111111111011
11001100000111011111111111110110
11001011111111011111111111110101
01100111101111011111111111110100
11110011111000000000010101010011
01100111101111010000000000001100
11000011111111011111111111110101
11000100001111011111111111110111
00000100000000010000000000100011
11000100010111011111111111111000
00000100000000000001000000100011
11000100011111011111111111111100
11000100100000110000000000000001
00000100000000000010000000100010
11000000001111011111111111111011
11001100000111011111111111110101
11001011111111011111111111110100
01100111101111011111111111110011
11110011111000000000010101010110
01100111101111010000000000001101
11000011111111011111111111110100
11000100001111011111111111110111
00000100000000010000000000100011
11000100001111011111111111111000
00000100000000000000100000100011
11000100001111011111111111111100
11000100001000010000000000000010
00000100011000000000100000100010
11000100000111011111111111111001
11000100001111011111111111110110
11000100010111011111111111110101
11000000001111011111111111111110
11000000010111011111111111111111
11000011011111011111111111111101
11001011111111011111111111110100
01100111101111011111111111110011
11000011100110110000000000000000
11111011111111000000000000000000
01100111101111010000000000001101
11000011111111011111111111110100
11000000001111011111111111111110
01100100001000010000000000000001
11000000010111010000000000000000
11001000001000100000000000000000
11111000000111110000000000000000
11000000010110110000000000000011
11000000011110110000000000000010
11000000100110110000000000000001
01100100101000000000000000000000
11101000001001010000000000110001
11010000100001000000100000000000
11001000010111010000000000000000
11001000001111011111111111111111
11001000011111011111111111111110
11001000100111011111111111111101
10000000001001000000000000000000
11001011111111011111111111111100
01100111101111011111111111111011
11110011111000000000010101001010
01100111101111010000000000000101
11000011111111011111111111111100
01100100010000000000000000000010
11100000001000100000000000000010
11111000000111110000000000000000
01110100000000000000000000000000
01111100000000000000000111111100
11000000001111011111111111111101
11001000010111011111111111111100
11001100000111011111111111111011
11001011111111011111111111111010
01100111101111011111111111111001
11110011111000000000010101100100
01100111101111010000000000000111
11000011111111011111111111111010
11000100001111011111111111111011
11101100000000010000000000000010
11111000000111110000000000000000
11000000001111011111111111111101
11001011111111011111111111111010
01100111101111011111111111111001
11110011111000000000010101001000
01100111101111010000000000000111
11000011111111011111111111111010
01100100010000000000000000000001
11100000001000100000000000001001
11000000010111011111111111111100
11100000001000100000000000000010
11111000000111110000000000000000
11000000001111011111111111111111
11000000010111011111111111111101
11000011011111010000000000000000
11000011100110110000000000000000
11111000000111000000000000000000
11000000001111011111111111111111
11000000010111011111111111111101
11000011011111011111111111111110
11000011100110110000000000000000
11111000000111000000000000000000
11111000000111110000000000000000
11000000100110110000000000001110
11000000101110110000000000001101
11000000110110110000000000001100
11000000111110110000000000001011
11000001000110110000000000001010
11000001001110110000000000001001
11000001010110110000000000001000
11000001011110110000000000000111
11000001100110110000000000000110
11000001101110110000000000000101
11000001110110110000000000000100
11000001111110110000000000000011
11000010000110110000000000000010
11000011011110110000000000000001
01100110001000000000000000000000
11001000001011110000000000000000
11001000010011110000000000000001
01011101111000010000000000000001
11001001111100000000000000000000
01011100010000100000000000000001
11001000010100000000000000000001
01110100000000000000000000000000
01111100000000000000001000011000
00001000001000010000000000001010
00000100000000000000100000100101
11001100000001110000000000000000
11001001000111010000000000000000
11001010001111011111111111111111
11001001010111011111111111111110
11001000101111011111111111111101
11001001011111011111111111111100
11001000110111011111111111111011
11001001101111011111111111111010
11001001100111011111111111111001
11001001110111011111111111111000
11001000011111011111111111110111
11001000100111011111111111110110
11001001001111011111111111110101
11001011011111011111111111110100
11001011111111011111111111110011
01100111101111011111111111110010
11000011100110110000000000000000
11111011111111000000000000000000
01100111101111010000000000001110
11000011111111011111111111110011
11000011011111011111111111110100
11001000001111011111111111110011
11001011111111011111111111110010
01100111101111011111111111110001
11000011100110110000000000000000
11111011111111000000000000000000
01100111101111010000000000001111
11000011111111011111111111110010
11000011011111011111111111110100
11001000001111011111111111110010
11001011111111011111111111110001
01100111101111011111111111110000
11000011100110110000000000000000
11111011111111000000000000000000
01100111101111010000000000010000
11000011111111011111111111110001
11000011011111011111111111110101
11001000001111011111111111110001
11001011111111011111111111110000
01100111101111011111111111101111
11000011100110110000000000000000
11111011111111000000000000000000
01100111101111010000000000010001
11000011111111011111111111110000
11000000001111011111111111110111
11000011011111011111111111110110
11001011111111011111111111110000
01100111101111011111111111101111
11000011100110110000000000000000
11111011111111000000000000000000
01100111101111010000000000010001
11000011111111011111111111110000
11000011011111011111111111111000
11001011111111011111111111110000
01100111101111011111111111101111
11000011100110110000000000000000
11111011111111000000000000000000
01100111101111010000000000010001
11000011111111011111111111110000
11000000001111011111111111111001
11001011111111011111111111110000
01100111101111011111111111101111
11110011111000000000010110010010
01100111101111010000000000010001
11000011111111011111111111110000
11000000010111011111111111111010
11001011111111011111111111110000
01100111101111011111111111101111
11110011111000000000010011001011
01100111101111010000000000010001
11000011111111011111111111110000
11000000001111011111111111111001
11000011011111011111111111111011
11001011111111011111111111110000
01100111101111011111111111101111
11000011100110110000000000000000
11111011111111000000000000000000
01100111101111010000000000010001
11000011111111011111111111110000
11000000001111011111111111111100
11000000001000010000000000000000
01100100001000011111111111111111
11000011011111011111111111111101
11001011111111011111111111110000
01100111101111011111111111101111
11000011100110110000000000000000
11111011111111000000000000000000
01100111101111010000000000010001
11000011111111011111111111110000
11000000001111011111111111110010
11000000010111011111111111111111
11000011011111011111111111111110
10000000011000100000000000000000
11001011111111011111111111110000
01100111101111011111111111101111
11000011100110110000000000000000
11111011111111000000000000000000
01100111101111010000000000010001
11000011111111011111111111110000
01100100101000000000000000000010
11000000001111011111111111111111
11000000010111011111111111110011
11000000011111011111111111110010
11000000100111011111111111110001
11000000110111011111111111110111
11000011011111010000000000000000
11000011100110110000000000000000
11111000000111000000000000000000
11001011111111010000000000000000
11001000001111011111111111111111
01100111101111011111111111111110
11110011111000000010000100010101
01100111101111010000000000000010
11000011111111010000000000000000
11000000010111011111111111111111
10000000001111100000000000000000
00000111110111100001000000000001
11111000000111110000000000000000
11101000000000010000000000000010
11111000000111110000000000000000
01100100001000011111111111111111
11011000010111100000100000000000
11110000000000000010000100010101
11001011111111010000000000000000
11001000001111011111111111111111
01100111101111011111111111111110
11110011111000000010000100100100
01100111101111010000000000000010
11000011111111010000000000000000
11000000010111011111111111111111
10000000001111100000000000000000
00000111110111100001000000000001
11111000000111110000000000000000
11101000000000010000000000000010
11111000000111110000000000000000
01100100001000011111111111111111
11011100000111100000100000000000
11110000000000000010000100100100
