10000000000000000000010000100110
00000000000000000000001000100110
00000000000000001011110000010011
11111111111111111011101000010011
01111111111111111011111111010011
10111111111111111011110111100110
11010000100001000000011111001111
11000000000000001011110111100110
01111111111111111011111111000011
00000000000000000000000000101110
00000000000000000000000000111110
11111111111111111011101000000011
01111111111111111011110000010011
10111111111111111011100000110011
00000000000000000100010000000001
00111111111111111011111111010011
11011111111111111011110111100110
01011000100001000000011111001111
10100000000000001011110111100110
00111111111111111011111111000011
00111100000000000000001000100110
00000000000000000111111000000001
11010000000000000111101111100110
01010000000000001100010000010011
10010000000000001100010000010011
00010000000000001100010000010011
11100000000000001100010000010011
11111111111111111011100100000011
01100000000000001100000100010011
10100000000000001100010000010011
00100000000000001100010000010011
11000000000000001100000100010011
01000000000000001100000100010011
10000000000000001100000100010011
00000000000000001100000100010011
00000000000000001100010000000001
00111111111111111011101000010011
00000000000000000100000111000001
00000000000000001000001000000001
00000000000000000011110000000001
11011111111111111011111111010011
01011111111111111011110111100110
11010000100001000000011111001111
01100000000000001011110111100110
11011111111111111011111111000011
11000000000000000000001000100110
10111111111111111011100000100011
11011111111111111011110000010011
01011111111111111011101000010011
00000000000000000100010000000001
10011111111111111011111111010011
00011111111111111011110111100110
01011000100001000000011111001111
00010000000000001011110111100110
10011111111111111011111111000011
10111111111111111011100000100011
01011111111111111011101000000011
10011111111111111011110000010011
00000000000000000100010000000001
00011111111111111011111111010011
11101111111111111011110111100110
01011000100001000000011111001111
10010000000000001011110111100110
00011111111111111011111111000011
10111111111111111011100000100011
01011111111111111011101000000011
00011111111111111011110000010011
00000000000000000100010000000001
11101111111111111011111111010011
01101111111111111011110111100110
01011000100001000000011111001111
01010000000000001011110111100110
11101111111111111011111111000011
00000000000000001111100000101110
11011000010000000000000000111110
00000000000000001011101000000011
11101111111111111011110000010011
00000000000000000100010000000001
01101111111111111011111111010011
10101111111111111011110111100110
01011000100001000000011111001111
11010000000000001011110111100110
01101111111111111011111111000011
01001100000000000000001000100110
11111111111111110000011000100110
00000000000000001011100100000011
01101111111111111011110000010011
10101111111111111011101000010011
00000000000000001100001000000001
00000000000000000010010000000001
00101111111111111011111111010011
11001111111111111011110111100110
11010000100001000000011111001111
10110000000000001011110111100110
00101111111111111011111111000011
00000000000000001000001000000001
10101111111111111011110000000011
00101111111111111011111111010011
11001111111111111011110111100110
11010000100001000000011111001111
10110000000000001011110111100110
00101111111111111011111111000011
00000000000000001000001000000011
00000000000000001011111000000011
00101111111111111011110000010011
00000000000000001100010000000001
11001111111111111011111111010011
01001111111111111011110111100110
11010000100001000000011111001111
01110000000000001011110111100110
11001111111111111011111111000011
00000000000000001000001000000001
00000000000000001011110000000011
11001111111111111011111111010011
01001111111111111011110111100110
11010000100001000000011111001111
01110000000000001011110111100110
11001111111111111011111111000011
10111111111111111011100000100011
00000000000000001011101000000011
11001111111111111011110000010011
00000000000000000100010000000001
01001111111111111011111111010011
10001111111111111011110111100110
01011000100001000000011111001111
11110000000000001011110111100110
01001111111111111011111111000011
00000000000000001011101000000011
11111111111111111011111000000011
01001111111111111011110000010011
00000000000000000100010000000001
00000000000000001100001000000001
10001111111111111011111111010011
00001111111111111011110111100110
11010000100001000000011111001111
00001000000000001011110111100110
10001111111111111011111111000011
00010100110101100111000000101110
11001110010000000000000000111110
00000000000000001011101000000011
10001111111111111011110000010011
00000000000000000100010000000001
00001111111111111011111111010011
11110111111111111011110111100110
01011000100001000000011111001111
10001000000000001011110111100110
00001111111111111011111111000011
10111111111111111011100000100011
01011111111111111011101000000011
00001111111111111011110000010011
00000000000000000100010000000001
11110111111111111011111111010011
01110111111111111011110111100110
01011000100001000000011111001111
01001000000000001011110111100110
11110111111111111011111111000011
00000000000000001011101000000011
11111111111111111011111000000011
11110111111111111011110000010011
00000000000000000100010000000001
00000000000000001100001000000001
01110111111111111011111111010011
10110111111111111011110111100110
11010000100001000000011111001111
11001000000000001011110111100110
01110111111111111011111111000011
10111111111111111011100000100011
01011111111111111011101000000011
01110111111111111011110000010011
00000000000000000100010000000001
10110111111111111011111111010011
00110111111111111011110111100110
01011000100001000000011111001111
00101000000000001011110111100110
10110111111111111011111111000011
10111111111111111011100000100011
01011111111111111011101000000011
10110111111111111011110000010011
00000000000000000100010000000001
00110111111111111011111111010011
11010111111111111011110111100110
01011000100001000000011111001111
10101000000000001011110111100110
00110111111111111011111111000011
10111111111111111011100000100011
01011111111111111011101000000011
00110111111111111011110000010011
00000000000000000100010000000001
11010111111111111011111111010011
01010111111111111011110111100110
01011000100001000000011111001111
01101000000000001011110111100110
11010111111111111011111111000011
10111111111111111011100000100011
01011111111111111011101000000011
11010111111111111011110000010011
00000000000000000100010000000001
01010111111111111011111111010011
10010111111111111011110111100110
01011000100001000000011111001111
11101000000000001011110111100110
01010111111111111011111111000011
01000000000000000000001000100110
11111111111111111011111000000011
01010111111111111011110000010011
10010111111111111011101000010011
00000000000000000100010000000001
00000000000000001100001000000001
00010111111111111011111111010011
11100111111111111011110111100110
11010000100001000000011111001111
10011000000000001011110111100110
00010111111111111011111111000011
10010111111111111011101000000011
11111111111111111011111000000011
00010111111111111011110000010011
00000000000000000100010000000001
00000000000000001100001000000001
11100111111111111011111111010011
01100111111111111011110111100110
11010000100001000000011111001111
01011000000000001011110111100110
11100111111111111011111111000011
10111111111111111011100000100011
00000000000000001011101000000011
11100111111111111011110000010011
00000000000000000100010000000001
01100111111111111011111111010011
10100111111111111011110111100110
01011000100001000000011111001111
11011000000000001011110111100110
01100111111111111011111111000011
10111111111111111011100000100011
01011111111111111011101000000011
01100111111111111011110000010011
00000000000000000100010000000001
10100111111111111011111111010011
00100111111111111011110111100110
01011000100001000000011111001111
00111000000000001011110111100110
10100111111111111011111111000011
10111111111111111011100000100011
01011111111111111011101000000011
10100111111111111011110000010011
00000000000000000100010000000001
00100111111111111011111111010011
11000111111111111011110111100110
01011000100001000000011111001111
10111000000000001011110111100110
00100111111111111011111111000011
10111111111111111011100000100011
01011111111111111011101000000011
00100111111111111011110000010011
00000000000000000100010000000001
11000111111111111011111111010011
01000111111111111011110111100110
01011000100001000000011111001111
01111000000000001011110111100110
11000111111111111011111111000011
10111111111111111011100000100011
01011111111111111011101000000011
11000111111111111011110000010011
00000000000000000100010000000001
01000111111111111011111111010011
10000111111111111011110111100110
01011000100001000000011111001111
11111000000000001011110111100110
01000111111111111011111111000011
10111111111111111011100000100011
01011111111111111011101000000011
01000111111111111011110000010011
00000000000000000100010000000001
10000111111111111011111111010011
00000111111111111011110111100110
01011000100001000000011111001111
00000100000000001011110111100110
10000111111111111011111111000011
10111111111111111011100000100011
01011111111111111011101000000011
10000111111111111011110000010011
00000000000000000100010000000001
00000111111111111011111111010011
11111011111111111011110111100110
01011000100001000000011111001111
10000100000000001011110111100110
00000111111111111011111111000011
10111111111111111011100000100011
11111111111111111011101000000011
00000111111111111011110000010011
00000000000000000100010000000001
11111011111111111011111111010011
01111011111111111011110111100110
01011000100001000000011111001111
01000100000000001011110111100110
11111011111111111011111111000011
00000000000000001000001000000001
11111111111111111011110000000011
11111011111111111011101000010011
01111011111111111011111111010011
10111011111111111011110111100110
11010000100001000000011111001111
11000100000000001011110111100110
01111011111111111011111111000011
00000000000000000111101000000001
01000000000000000111101111100110
10000000000000000100010000010011
11111011111111111011110000000011
00000000000000000100010000010011
11111111111111111011110000000011
01111011111111111011111111010011
10111011111111111011110111100110
11010000100001000000011111001111
11000100000000001011110111100110
01111011111111111011111111000011
00000000000000001000001000000001
10100000000000000000010000100110
01111011111111111011111111010011
10111011111111111011110111100110
11010000100001000000011111001111
11000100000000001011110111100110
01111011111111111011111111000011
10111111111111111011100000100011
11111111111111111011101000000011
01111011111111111011110000010011
00000000000000000100010000000001
10111011111111111011111111010011
00111011111111111011110111100110
01011000100001000000011111001111
00100100000000001011110111100110
10111011111111111011111111000011
10111111111111111011100000100011
01011111111111111011101000000011
10111011111111111011110000010011
00000000000000000100010000000001
00111011111111111011111111010011
11011011111111111011110111100110
01011000100001000000011111001111
10100100000000001011110111100110
00111011111111111011111111000011
00111111111111111011101000000011
10111011111111111011111000000011
00111011111111111011110000010011
00000000000000000100010000000001
00000000000000001100001000000001
11011011111111111011111111010011
01011011111111111011110111100110
11010000100001000000011111001111
01100100000000001011110111100110
11011011111111111011111111000011
00000000000000000111101000000001
01000000000000000111101111100110
10000000000000000100010000010011
00111011111111111011110000000011
00000000000000000100010000010011
00000000000000000100010000000001
10111111111111111011100000100011
11111111111111111011101000000011
11011011111111111011110000010011
00000000000000000100010000000001
01011011111111111011111111010011
10011011111111111011110111100110
01011000100001000000011111001111
11100100000000001011110111100110
01011011111111111011111111000011
00000000000000001000001000000001
11111111111111111011110000000011
01011011111111111011101000010011
10011011111111111011111111010011
00011011111111111011110111100110
11010000100001000000011111001111
00010100000000001011110111100110
10011011111111111011111111000011
00000000000000000111101000000001
01000000000000000111101111100110
10000000000000000100010000010011
01011011111111111011110000000011
00000000000000000100010000010011
00000000000000000100010000000001
00101101000000000000001000100110
00000000000000000111111000000001
11000000000000000111101111100110
10111111111111111011100000100011
01000000000000001100000000110011
10000000000000001100010000010011
11111111111111111011110000000011
00000000000000001100010000010011
00000000000000000100010000000001
00000000000000001100001000000001
10011011111111111011111111010011
00011011111111111011110111100110
11010000100001000000011111001111
00010100000000001011110111100110
10011011111111111011111111000011
00000000000000001011101000000011
11111111111111111011111000000011
10011011111111111011110000010011
00000000000000000100010000000001
00000000000000001100001000000001
00011011111111111011111111010011
11101011111111111011110111100110
11010000100001000000011111001111
10010100000000001011110111100110
00011011111111111011111111000011
00000000000000000111101000000001
01100000000000000111101111100110
00000101101000000000011000001110
11111111111000000000011000011110
00000000000000000100011000010011
00011111111111111011111000000011
10100000000000000100011000010011
10000111111111111011100100000011
00100000000000000100000100010011
01000111111111111011110100000011
11000000000000000100010100010011
11000111111111111011101100000011
01000000000000000100001100010011
10011111111111111011111100000011
10000000000000000100011100010011
00000000000000000111111100000001
11000000000000000111101111100110
11010000011000000000000010001110
11111111111000000000000010011110
00000000000000001110000010010011
11101111111111111011100010000011
01000000000000001110000010010011
01101111111111111011110010000011
10000000000000001110010010010011
00000000000000000111101010000001
01000000000000000111101111100110
01101011011000000000011010001110
11111111111000000000011010011110
00000000000000000101011010010011
11011111111111111011111010000011
10000000000000000101011010010011
00000000000000000111100110000001
11000000000000000111101111100110
11011011111000000000010110001110
11111111111000000000010110011110
00000000000000000011010110010011
01000000000000000011001010010011
01111111111111111011101010000011
10000000000000000011001010010011
00000000000000000111110110000001
01000000000000000111101111100110
10101111111000000000001110001110
11111111111000000000001110011110
00000000000000001011001110010011
10000000000000001011000110010011
00000000000000000111100110000001
01000000000000000111101111100110
10010100000100000000001110001110
11111111111000000000001110011110
00000000000000000011001110010011
00101111111111111011101110000011
10000000000000000011001110010011
00000000000000000111111110000001
01100000000000000111101111100110
11111100000100000000000001001110
11111111111000000000000001011110
00000000000000001111000001010011
10100000000000001111001000010011
00100000000000001111011100010011
11000000000000001111000110010011
01000000000000001111010110010011
11001111111111111011101000000011
10000000000000001111001000010011
00000000000000000111111100000001
01000000000000000111101111100110
11110110000100000000000110001110
11111111111000000000000110011110
00000000000000001110000110010011
01001111111111111011100110000011
10000000000000001110000110010011
00000000000000000111110110000001
01000000000000000111101111100110
11000011000100000000000001001110
11111111111000000000000001011110
00000000000000001011000001010011
10000000000000001011011100010011
00000000000000000111111100000001
01000000000000000111101111100110
00000000100100000000000001001110
11111111111000000000000001011110
00000000000000001110000001010011
10000000000000001110000110010011
00000000000000000111100001000001
01000000000000000111101111100110
01000000010100000000010001001110
11111111111000000000010001011110
00000000000000000000110001010011
10000000000000000000100110010011
00000000000000000111110001000001
10100000000000000111101111100110
00110110010100000000001001001110
11111111111000000000001001011110
00000000000000001000101001010011
00100000000000001000111100010011
11000000000000001000100001010011
01000000000000001000110110010011
10000000000000001000111010010011
00000000000000000111111100000001
01000000000000000111101111100110
10000011010100000000010110001110
11111111111000000000010110011110
00000000000000001110010110010011
10000000000000001110000110010011
00000000000000000111110110000001
01000000000000000111101111100110
10001110110100000000000001001110
11111111111000000000000001011110
00000000000000001011000001010011
10000000000000001011000110010011
00000000000000000111100001000001
01000000000000000111101111100110
10100001110100000000001001001110
11111111111000000000001001011110
00000000000000000000101001010011
10000000000000000000100110010011
00000000000000000111101001000001
10100000000000000111101111100110
11011011110100000000011001001110
11111111111000000000011001011110
00000000000000000100111001010011
00100000000000000100110110010011
11000000000000000100100001010011
01000000000000000100111100010011
10000000000000000100111010010011
00000000000000000111110110000001
01000000000000000111101111100110
11000010001100000000000001001110
11111111111000000000000001011110
00000000000000001011000001010011
10000000000000001011000110010011
00000000000000000111100001000001
01000000000000000111101111100110
10001010001100000000011001001110
11111111111000000000011001011110
00000000000000000000111001010011
10000000000000000000100110010011
00000000000000000111111001000001
10100000000000000111101111100110
11010001001100000000000101001110
11111111111000000000000101011110
00000000000000001100100101010011
00100000000000001100110110010011
11000000000000001100100001010011
01000000000000001100111100010011
10000000000000001100111010010011
00000000000000000111111100000001
01000000000000000111101111100110
01100101011100000000010110001110
11111111111000000000010110011110
00000000000000001110010110010011
10000000000000001110011010010011
00000000000000000111110110000001
11000000000000000111101111100110
10110111011100000000000001001110
11111111111000000000000001011110
00000000000000001011000001010011
01000000000000001011001010010011
10000000000000001011011100010011
00000000000000000111111100000001
01000000000000000111101111100110
11001111011100000000000001001110
11111111111000000000000001011110
00000000000000001110000001010011
10000000000000001110011010010011
00000000000000000111100001000001
00100000000000000111101111100110
11010110111100000000000101001110
11111111111000000000000101011110
00000000000000000000100101010011
00100111111111111011100101000011
11000000000000000000100101010011
01000000000000000000111100010011
10000000000000000000101010010011
00000000000000000111111100000001
01000000000000000111101111100110
10100010000010000000010101001110
11111111111000000000010101011110
00000000000000001110010101010011
10000000000000001110011010010011
00000000000000000111110101000001
00010000000000000111101111100110
10100110000010000000001101001110
11111111111000000000001101011110
00000000000000001010101101010011
11100000000000001010101001010011
01100000000000001010100110010011
10100000000000001010111010010011
11011011111111111011101101000011
00100000000000001010101101010011
11000000000000001010100010010011
11110111111111111011111101000011
01000000000000001010111101010011
10000000000000001010111100010011
00000000000000000111100011000001
11000000000000000111101111100110
10001011000010000000010011001110
11111111111000000000010011011110
00000000000000000001110011010011
01000000000000000001110101010011
10000000000000000001101110010011
00000000000000000111110101000001
01100000000000000111101111100110
10001111000010000000010011001110
11111111111000000000010011011110
00000000000000001010110011010011
10100000000000001010101001010011
00100000000000001010100110010011
11000000000000001010100011010011
01000000000000001010101101010011
10000000000000001010111101010011
00000000000000000111101001000001
01010000000000000111101111100110
01010010100010000000000011001110
11111111111000000000000011011110
00000000000000000100100011010011
00001111111111111011100011000011
10010000000000000100100011010011
10100111111111111011110011000011
00010000000000000100110011010011
11100000000000000100100110010011
01100000000000000100110001010011
10100000000000000100111010010011
10001111111111111011101011000011
00100000000000000100101011010011
11000000000000000100111101010011
01110111111111111011111011000011
01000000000000000100111011010011
10000000000000000100111100010011
00000000000000000111100111000001
11000000000000000111101111100110
10110011100010000000001101001110
11111111111000000000001101011110
00000000000000000011101101010011
01000000000000000011101001010011
10000000000000000011101110010011
00000000000000000111101001000001
01100000000000000111101111100110
10010111100010000000001101001110
11111111111000000000001101011110
00000000000000000100101101010011
10100000000000000100100011010011
00100000000000000100110011010011
11000000000000000100100110010011
01000000000000000100110001010011
10000000000000000100100111010011
00000000000000000111110001000001
00100000000000000111101111100110
01110100010010000000001101001110
11111111111000000000001101011110
00000000000000001000101101010011
11000000000000001000101001010011
01000000000000001000100011010011
10000000000000001000101000010011
00000000000000000111101001000001
01010000000000000111101111100110
00001010010010000000001101001110
11111111111000000000001101011110
00000000000000000100101101010011
10010000000000000100100011010011
00010000000000000100100101010011
11100000000000000100111001010011
01100000000000000100100110010011
10100000000000000100111010010011
00100000000000000100101011010011
11000000000000000100111101010011
01000000000000000100111011010011
10000000000000000100111100010011
00000000000000000111111100000001
11000000000000000111101111100110
00111011010010000000000101001110
11111111111000000000000101011110
00000000000000001110000101010011
01000000000000001110001001010011
10000000000000001110001110010011
00000000000000000111101110000001
10100000000000000111101111100110
00011111010010000000001001001110
11111111111000000000001001011110
00000000000000000111001001010011
00100000000000000111000011010011
11000000000000000111011001010011
01000000000000000111000110010011
10000000000000000111011100010011
00000000000000000111111100000001
00100000000000000111101111100110
11011100110010000000000110001110
11111111111000000000000110011110
00000000000000001110000110010011
11000000000000001110001110010011
01000000000000001110000011010011
10000000000000001110001000010011
00000000000000000111100110000001
11000000000000000111101111100110
10111010110010000000001110001110
11111111111000000000001110011110
00000000000000000011001110010011
10110111111111111011101110000011
01000000000000000011001110010011
10000000000000000011001011010011
00000000000000000111101001000001
01000000000000000111101111100110
00011110110010000000011001001110
11111111111000000000011001011110
00000000000000000100111001010011
10000000000000000100101110010011
00000000000000000111111001000001
11000000000000000111101111100110
00011001110010000000000101001110
11111111111000000000000101011110
00000000000000001100100101010011
01000000000000001100101110010011
10000000000000001100111101010011
00000000000000000111100101000001
00100000000000000111101111100110
10100010001010000000001101001110
11111111111000000000001101011110
00000000000000000010101101010011
11000000000000000010111001010011
01000000000000000010100110010011
10000000000000000010101001010011
00000000000000000111100110000001
01000000000000000111101111100110
01000110001010000000001001001110
11111111111000000000001001011110
00000000000000000011001001010011
00110111111111111011101001000011
10000000000000000011001001010011
00000000000000000111111001000001
11000000000000000111101111100110
00001011101010000000001101001110
11111111111000000000001101011110
00000000000000001100101101010011
01000000000000001100101001010011
01010111111111111011101101000011
10000000000000001100101101010011
00000000000000000111100111000001
10010000000000000111101111100110
00011011111111111011111110010011
01001111101010000000011110001110
11111111111000000000011110011110
00000000000000000011111110010011
00010000000000000011110101010011
10011011111111111011111110000011
11100000000000000011111110010011
01100000000000000011101000010011
10100000000000000011101110010011
00100000000000000011111100010011
11000000000000000011101011010011
01000000000000000011111011010011
10000000000000000011111001010011
00000000000000000111111110000001
10101000000000000111101111100110
11101011111111111011110110010011
10101110011010000000010110001110
11111111111000000000010110011110
00000000000000001111010110010011
00101000000000001111000110010011
11001000000000001111000111010011
01001000000000001111000011010011
10001000000000001111001001010011
00001000000000001111010011010011
11110000000000001111010101010011
01110000000000001111000001010011
10110000000000001111001101010011
00110000000000001111001000010011
11010000000000001111011010010011
01010000000000001111001110010011
10010000000000001111010000010011
00010000000000001111000010010011
11100000000000001111010001010011
01100000000000001111001011010011
10100000000000001111011101010011
00100000000000001111011011010011
11000000000000001111000101010011
01000000000000001111010010010011
10000000000000001111011001010011
00000000000000000111110010000001
10110000000000000111101111100110
01001111111010000000010110001110
11111111111000000000010110011110
00000000000000001001010110010011
00110000000000001001000110010011
11010000000000001001001001010011
01010000000000001001010101010011
10010000000000001001001000010011
00010000000000001001011010010011
11100000000000001001001110010011
01100000000000001001000010010011
10100000000000001001011100010011
00100000000000001001011101010011
11000000000000001001011011010011
01000000000000001001000101010011
11010111111111111011101000000011
10000000000000001001001000010011
00000000000000000111111100000001
01000000000000000111101111100110
00111010000110000000000110001110
11111111111000000000000110011110
00000000000000001110000110010011
10000000000000001110010010010011
00000000000000000111110010000001
11000000000000000111101111100110
00111001000110000000000110001110
11111111111000000000000110011110
00000000000000001001000110010011
01000000000000001001000001010011
10000000000000001001011100010011
00000000000000000111111100000001
11000000000000000111101111100110
10001101000110000000000110001110
11111111111000000000000110011110
00000000000000001110000110010011
01000000000000001110010010010011
01111011111111111011100110000011
10000000000000001110000110010011
00000000000000000111110110000001
00100000000000000111101111100110
10100000100110000000001110001110
11111111111000000000001110011110
00000000000000001011001110010011
11000000000000001011011100010011
01000000000000001011001101010011
10000000000000001011001000010011
00000000000000000111111100000001
11000000000000000111101111100110
00001010100110000000001110001110
11111111111000000000001110011110
00000000000000001110001110010011
01000000000000001110001101010011
10000000000000001110001000010011
00000000000000000111101110000001
01000000000000000111101111100110
01010011100110000000000001001110
11111111111000000000000001011110
00000000000000000111000001010011
10000000000000000111010110010011
00000000000000000111110110000001
01000000000000000111101111100110
01101111100110000000000001001110
11111111111000000000000001011110
00000000000000001011000001010011
00010111111111111011100001000011
10000000000000001011000001010011
00000000000000000111110001000001
11000000000000000111101111100110
11000110010110000000001001001110
11111111111000000000001001011110
00000000000000001000101001010011
01000000000000001000101110010011
10000000000000001000111100010011
00000000000000000111111100000001
01000000000000000111101111100110
01101101010110000000001001001110
11111111111000000000001001011110
00000000000000001110001001010011
10000000000000001110000001010011
00000000000000000111101001000001
01000000000000000111101111100110
01000111010110000000011001001110
11111111111000000000011001011110
00000000000000000100111001010011
10000000000000000100101101010011
00000000000000000111111001000001
00100000000000000111101111100110
10011000110110000000000101001110
11111111111000000000000101011110
00000000000000001100100101010011
11000000000000001100110010010011
01000000000000001100100110010011
10000000000000001100101000010011
00000000000000000111101000000001
01010000000000000111101111100110
11011110110110000000010010001110
11111111111000000000010010011110
00000000000000000100010010010011
10010000000000000100011000010011
00010000000000000100011110010011
11100000000000000100010011010011
01100000000000000100001100010011
01100111111111111011111000000011
10100000000000000100011000010011
00100000000000000100001101010011
00000111111111111011101100000011
11000000000000000100001100010011
01000000000000000100011001010011
11100111111111111011101100000011
10000000000000000100001100010011
00000000000000000111110010000001
11100000000000000111101111100110
01010000001110000000011110001110
11111111111000000000011110011110
00000000000000001001011110010011
01100000000000001001000100010011
10100000000000001001010100010011
00100000000000001001011000010011
11000000000000001001001000010011
01000000000000001001000001010011
10000000000000001001001100010011
00000000000000000111101000000001
11100000000000000111101111100110
01010100001110000000000100001110
11111111111000000000000100011110
00000000000000000100000100010011
01100000000000000100001001010011
10100000000000000100010001010011
00100000000000000100001101010011
11000000000000000100010110010011
01000000000000000100000001010011
10000000000000000100001110010011
00000000000000000111100100000001
00100000000000000111101111100110
11010001001110000000010100001110
11111111111000000000010100011110
00000000000000000010010100010011
11000000000000000010001000010011
01000000000000000010010010010011
10000000000000000010000001010011
00000000000000000111101000000001
01000000000000000111101111100110
10100110101110000000010100001110
11111111111000000000010100011110
00000000000000000100010100010011
10000000000000000100000001010011
00000000000000000111110100000001
01000000000000000111101111100110
00100101101110000000010110001110
11111111111000000000010110011110
00000000000000001010010110010011
10000000000000001010000110010011
00000000000000000111110110000001
01000000000000000111101111100110
01100010011110000000001110001110
11111111111000000000001110011110
00000000000000001011001110010011
10000000000000001011010100010011
00000000000000000111110100000001
01000000000000000111101111100110
01110001011110000000001110001110
11111111111000000000001110011110
00000000000000001010001110010011
10000000000000001010010110010011
00000000000000000111110110000001
01000000000000000111101111100110
00011101011110000000001110001110
11111111111000000000001110011110
00000000000000001011001110010011
10000000000000001011001010010011
00000000000000000111101110000001
01000000000000000111101111100110
11001011011110000000011110001110
11111111111000000000011110011110
00000000000000000111011110010011
10000000000000000111010110010011
00000000000000000111111110000001
00100000000000000111101111100110
10010111011110000000010001001110
11111111111000000000010001011110
00000000000000001111010001010011
11000000000000001111000110010011
01000000000000001111001110010011
10000000000000001111010110010011
00000000000000000111101110000001
01000000000000000111101111100110
10101000111110000000010001001110
11111111111000000000010001011110
00000000000000000111010001010011
11101011111111111011110001000011
10000000000000000111010001010011
00000000000000000111101001000001
11000000000000000111101111100110
11010100111110000000011001001110
11111111111000000000011001011110
00000000000000000100111001010011
01000000000000000100101110010011
10000000000000000100100110010011
00000000000000000111100110000001
00100000000000000111101111100110
01000010111110000000001110001110
11111111111000000000001110011110
00000000000000000011001110010011
11000000000000000011001001010011
01000000000000000011011110010011
10000000000000000011010100010011
00000000000000000111110100000001
00100000000000000111101111100110
11111010111110000000001110001110
11111111111000000000001110011110
00000000000000001010001110010011
11000000000000001010010001010011
10011011111111111011101110000011
01000000000000001010001110010011
10000000000000001010010110010011
00000000000000000111110110000001
00100000000000000111101111100110
01001001111110000000001110001110
11111111111000000000001110011110
00000000000000001011001110010011
11000000000000001011010000010011
01000000000000001011000010010011
10000000000000001011010100010011
00000000000000000111101110000001
00100000000000000111101111100110
10110111111110000000011110001110
11111111111000000000011110011110
00000000000000000111011110010011
11000000000000000111010000010011
01000000000000000111000010010011
10000000000000000111010100010011
00000000000000000111110000000001
00100000000000000111101111100110
00001010000001000000010100001110
11111111111000000000010100011110
00000000000000001000010100010011
11000000000000001000001110010011
01000000000000001000010110010011
10000000000000001000011010010011
00000000000000000111111011000001
11110000000000000111101111100110
01100001000001000000010100001110
11111111111000000000010100011110
00000000000000001101110100010011
01110000000000001101111100010011
10110000000000001101110000010011
00110000000000001101110001010011
11010000000000001101111000010011
01010000000000001101100100010011
00011011111111111011110000000011
10010000000000001101110000010011
00010000000000001101110010010011
11100000000000001101101010010011
11011011111111111011110000000011
01100000000000001101110000010011
10100000000000001101100010010011
00100000000000001101100110010011
11000000000000001101100001010011
01000000000000001101101100010011
10000000000000001101101000010011
00000000010000000000010000100110
01011111111111111011111000000011
00000000000000001000001000000001
01101011111111111011111111010011
10101011111111111011110111100110
00000000000000001101100111000011
00000000000000000011111111011111
11010100000000001011110111100110
01101011111111111011111111000011
01011000001000000000000000001111
01011000001000000000000000001111
10100100000100000000001000100000
00010100000000000100001000100000
11000100000100000100010000100000
01000100000100000000000000100000
00000000000000001111100000011111
11011011111100001001010000101110
01000000010000000000010000111110
11011011111100001001001000101110
01100000010000000000001000111110
00000000000000001011101000110011
11111111111111111011110000110011
00000100000000000100010000000001
01111111111111111011111111010011
10111111111111111011110111100110
11011000001000000000011111001111
11000000000000001011110111100110
01111111111111111011111111000011
11111111111111111011110000100011
00010000000000000000010000110111
11011011111100001001010000101110
01000000011000000000010000111110
01000000000000001000000000110111
00000000000000001111100000011111
00000000000000001011110000100011
10000100000100000000000000100000
00000000000000001111100000011111
00000000000000001011110000100011
01000100000100000000000000100000
00000000000000001111100000011111
11011011111100001001010000101110
01000000010000000000010000111110
11011011111100001001001000101110
01111111100000000000001000111110
00000000000000001011110000110011
11111111111111111011101000110011
01111111111111111011111111010011
10111111111111111011110111100110
00000100001000000000011111001111
11000000000000001011110111100110
01111111111111111011111111000011
11111111111111111011110000100011
10010000000000000000010000110111
11011011111100001001010000101110
01111111101000000000010000111110
01000000000000001000000000110111
00110010001000000000000000001111
11011011111100001001010000101110
01000000011000000000010000111110
01000100000000001000000000100000
11110010001000000000000000001111
00000000000000001011110000100011
01000100000000001000000000100000
11000100000000000000010000100000
11010101010101010101001000101110
10001111101000000000001000111110
10010001000100010001011000101110
00000111100000000000011000111110
10000000101100000000100100101110
01010011101000000000000100111110
10111000111101110001110100101110
10001101100000000000010100111110
11010100010011001110101100101110
01101001101000000000001100111110
11000100000100000000011100100000
11000100000100000110001100100000
10000100000101000110010100100000
11000100000100001010010100100000
10000100000001001010000100100000
11000100000100000010000100100000
10000100000110000010011000100000
11000100000100001100010000100000
10000100000010001000010000100000
11000100000100001110010000100000
10000100000000001000000000100000
00000000000000001111100000011111
11011011111100001001010000101110
01111111100000000000010000111110
01000100000000001000000000100000
00011100001000000000000000001111
11000100000000000000010000100000
11010101010101010101001000101110
10101111101000000000001000111110
10110011001100110011011000101110
01001111100000000000011000111110
10100100100100100100100100101110
00001111101000000000000100111110
10011100011100011100010100101110
11110111100000000000010100111110
00110001011101000101101100101110
10110111101000000000001100111110
11000100000100000000011100100000
11000100000100000110001100100000
10000100000101000110010100100000
11000100000100001010010100100000
10000100000001001010000100100000
11000100000100000010000100100000
10000100000110000010011000100000
11000100000100001100010000100000
10000100000010001000010000100000
11000100000100001110010000100000
10000100000000001000000000100000
00000000000000001111100000011111
11011011111100001001010000101110
01111111100000000000010000111110
00000000000000000000001000101110
00111111100000000000001000111110
10001000000000000000001000110111
00000000000000000000010000101110
00111111101000000000010000111110
01000000000000001000000000110111
01010110001000000000000000001111
11011011111100001001010000101110
01111111101000000000010000111110
10100100000000000100000000100000
00000000000000001011110000110011
11111111111111111011111111010011
01111111111111111011110111100110
01010110001000000000011111001111
01000000000000001011110111100110
11111111111111111011111111000011
00000000000000001011110000100011
01000100000000001000000000100000
00000000000000001111100000011111
10100100000000000100000000100000
11111111111111111011110000110011
01111111111111111011111111010011
10111111111111111011110111100110
01010110001000000000011111001111
11000000000000001011110111100110
01111111111111111011111111000011
11111111111111111011110000100011
01000100000000001000000000100000
00000000000000001111100000011111
00000000000000000000011000100110
01100000000000001100010000000111
11000000000000001100001000000111
00000000000000001100010000000001
00000000000000001111100000011111
10000000000000000000010000100110
00000000000000001111100000011111
00000000000000000100010000000001
00000000000000001111100000011111
00000000000000000000010000101110
00000000000000000000010000111110
00010000000000001000000000100111
00100000000000000000010000110111
00000000000000000000000000101110
00111111101000000000000000111110
00000000000000001111100000011111
00000000000000000000000000101110
00111111100000000000000000111110
00000000000000001111100000011111
00000100000000001000000000000001
00000000000000001111100000011111
00000000000000000000001000100110
01000000000000000100010000000111
00000000000000001111100000011111
01110100000000000000000000100000
00000000000000001111100000011111
10000000000010001000010000100000
10100000000000000000001000100110
11000000000000000100010000010111
11011111111111111000010000100110
00000000000000001111100000011111
00000000000000001111100000011111
00000000000000001000000000110011
10000000000000001000010000110011
01000000000000001000001000110011
00000000000000001111100000011111
00000000000000001000000000110011
10000000000000001000000000110011
01000000000000001000000000110011
00000000000000001111100000011111
00000000000000000000000000101110
00000000000000000000000000111110
00100011001000000000000000001111
00000000000000000100000000100011
00000000000000001000000000110011
10000000000000000100000000100011
10000000000000001000000000110011
01000000000000000100000000100011
01000000000000001000000000110011
00000000000000001111100000011111
00000000000000000000011000100110
00000000000000001000000000100011
00000000000000001000010000100011
11000100000100000000000000100000
10000000000000001000010000100011
10000000000000001000001000100011
11000100000010001000010000100000
10000100000100000000000000100000
01000000000000001000010000100011
01000000000000001000001000100011
11000100000010001000010000100000
10000100000100000000000000100000
00110100000000000000000000100000
00000000000000000000010000101110
00000000000000000000010000111110
01010000000000001000000000100111
10100000000000001100001000000111
00000000000000000000010000101110
00111111101000000000010000111110
10100100000000001000000000100000
01010111001000000000000000001111
00000000000000000000010000101110
00111111100000000000010000111110
10100100000000001000000000100000
10110111001000000000000000001111
00000000000000000000000000101110
00111111100000000000000000111110
00000000000000001000010000100011
11000100000000001000010000100000
00000000000000001000010000110011
10000000000000001000010000100011
11000100000000001000010000100000
10000000000000001000010000110011
01000000000000001000010000100011
11000100000000001000000000100000
01000000000000001000000000110011
00000000000000001111100000011111
00000000000000001000000000100011
00000000000000000100010000100011
11000100000100000000000000100000
10000000000000001000010000100011
10000000000000000100001000100011
11000100000010001000010000100000
10000100000100000000000000100000
01000000000000001000010000100011
01000000000000000100001000100011
11000100000010001000010000100000
10000100000100000000000000100000
00000000000000001111100000011111
00000000000000001000011000100011
11000100000000001100000000100000
10000000000000001000011000100011
11000100000100001100010000100000
10000100000100000000000000100000
01000000000000001000010000100011
11000100000010001000010000100000
10000100000100000000000000100000
00000000000000001111100000011111
00000000000000001000010000100011
00000000000000000100001000100011
11000100000000000100001000100000
10000100000010001000010000100000
00000000000000001000010000110011
10000000000000001000010000100011
10000000000000000100001000100011
11000100000000000100001000100000
10000100000010001000010000100000
10000000000000001000010000110011
01000000000000001000010000100011
01000000000000000100001000100011
11000100000000000100000000100000
10000100000000001000000000100000
01000000000000001000000000110011
00000000000000001111100000011111
00000000000000001000000000100011
00000000000000000100010000100011
10000100000100000000000000100000
00000000000000001000000000110011
10000000000000001000000000100011
10000000000000000100010000100011
10000100000100000000000000100000
10000000000000001000000000110011
01000000000000001000000000100011
01000000000000000100010000100011
10000100000100000000000000100000
01000000000000001000000000110011
00000000000000001111100000011111
00000000000000001000010000100011
11000100000000001000010000100000
00000000000000001000010000110011
10000000000000001000010000100011
11000100000000001000010000100000
10000000000000001000010000110011
01000000000000001000010000100011
11000100000000001000000000100000
01000000000000001000000000110011
00000000000000001111100000011111
00000000000000001000000000100011
00000000000000000100010000100011
00000000000000001100001000100011
11000100000010001000010000100000
10000100000100000000000000100000
00000000000000001000000000110011
10000000000000001000000000100011
10000000000000000100010000100011
10000000000000001100001000100011
11000100000010001000010000100000
10000100000100000000000000100000
10000000000000001000000000110011
01000000000000001000000000100011
01000000000000000100010000100011
01000000000000001100001000100011
11000100000010001000010000100000
10000100000100000000000000100000
01000000000000001000000000110011
00000000000000001111100000011111
00000000000000001000010000000011
00000000000000001111100000011111
10000000000000001000010000000011
00000000000000001111100000011111
01000000000000001000010000000011
00000000000000001111100000011111
01100000000000001000010000000011
00000000000000001111100000011111
11000000000000001000010000000011
00000000000000001111100000011111
00100000000000001000010000000011
00000000000000001000000000100011
00000000000000001111100000011111
00100000000000001000010000000011
10000000000000001000000000100011
00000000000000001111100000011111
00100000000000001000010000000011
01000000000000001000000000100011
00000000000000001111100000011111
00100000000000001000010000000011
00000000000000001111100000011111
10100000000000001000010000000011
00000000000000001000000000100011
00000000000000001111100000011111
10100000000000001000010000000011
10000000000000001000000000100011
00000000000000001111100000011111
10100000000000001000010000000011
01000000000000001000000000100011
00000000000000001111100000011111
11100000000000001000010000000011
00000000000000001000000000100011
00000000000000001111100000011111
11100000000000001000010000000011
10000000000000001000000000100011
00000000000000001111100000011111
00010000000000001000010000000011
00000000000000001000000000100011
00000000000000001111100000011111
00010000000000001000010000000011
10000000000000001000000000100011
00000000000000001111100000011111
00010000000000001000010000000011
01000000000000001000000000100011
00000000000000001111100000011111
10010000000000001000010000000011
00000000000000001000000000100011
00000000000000001111100000011111
10010000000000001000010000000011
10000000000000001000000000100011
00000000000000001111100000011111
10010000000000001000010000000011
01000000000000001000000000100011
00000000000000001111100000011111
01010000000000001000010000000011
00000000000000001111100000011111
00000000000000001000010000000011
00000000000000001111100000011111
10000000000000001000010000000011
00000000000000001111100000011111
01000000000000001000010000000011
00000000000000001111100000011111
11000000000000001000010000000011
00000000000000001111100000011111
00100000000000001000010000000011
00000000000000001111100000011111
10100000000000001000010000000011
00000000000000001111100000011111
01100000000000001000010000000011
00000000000000001000010000000011
00000000000000001111100000011111
01100000000000001000010000000011
00000000000000001000001000010011
00000000000000001111100000011111
11100000000000001000010000000011
00000000000000001111100000011111
00000000000000001000010000000011
00000000000000001111100000011111
10000000000000001000010000000011
00000000000000001111100000011111
00000000000000001000010000000011
00000000000000001111100000011111
10000000000000001000010000000011
00000000000000001111100000011111
01000000000000001000000000100011
00000000000000001111100000011111
10101100010111110111010000101110
00100111100000000000010000111110
11000100000000001000000000100000
00000000000000001111100000011111
10100000000000001101110000000011
00100000000000001101101000000011
11000000000000001101111000000011
01000000000000001101100100000011
10000000000000001101110100000011
01111111111111110000001100100110
00000000000000000110000000100011
00000000000000001010000000110011
00000000000000000110000000100011
10000000000000001010000000110011
00000000000000000110000000100011
01000000000000001010000000110011
00000000000000000110000000100011
00000000000000001011110000010011
11111111111111111011110100010011
01111111111111111011111000010011
10111111111111111011100100010011
00111111111111111011101000010011
11011111111111111011101100010011
01011111111111111011111111010011
10011111111111111011110111100110
00111001101000000000011111001111
11100000000000001011110111100110
01011111111111111011111111000011
01011111111111111011100000110011
10011111111111111011111111010011
00011111111111111011110111100110
01100110001000000000011111001111
00010000000000001011110111100110
10011111111111111011111111000011
01011111111111111011110000100011
10011111111111111011100000110011
00000100000000001000000000000001
00011111111111111011111111010011
11101111111111111011110111100110
00011100001000000000011111001111
10010000000000001011110111100110
00011111111111111011111111000011
11011111111111111011110000100011
00000000000000001000010000100011
00011111111111111011100000110011
00000100000000001000000000000001
11101111111111111011111111010011
01101111111111111011110111100110
00111001101000000000011111001111
01010000000000001011110111100110
11101111111111111011111111000011
11101111111111111011100000110011
01101111111111111011111111010011
10101111111111111011110111100110
01100110001000000000011111001111
11010000000000001011110111100110
01101111111111111011111111000011
11101111111111111011110000100011
01101111111111111011100000110011
00000100000000001000000000000001
10101111111111111011111111010011
00101111111111111011110111100110
00011100001000000000011111001111
00110000000000001011110111100110
10101111111111111011111111000011
10011111111111111011110000100011
11000100000000001000001000100000
00000000000000000001011000101110
01011000010000000000011000111110
11000100000110000100001000100000
00111111111111111011110000000011
00000000000000001000001000110011
00000000000000000001001000101110
01011000011000000000001000111110
00011111111111111011100100100011
11000100000001000100001000100000
10000000000000001000001000110011
01101111111111111011101000100011
11000100000010001000010100100000
11000100000101001100011000100000
01000000000000001000011000110011
10111111111111111011101000000011
00000000000000000100001000110011
00000000000000000000011000101110
00000000000000000000011000111110
10000000000000000100011000110011
01110100000000000000011000100000
01000000000000000100011000110011
01110100000000000010011000100000
11000100000000001100000000100000
01111111111111111011101000000011
00000000000000000100000000110011
01110100000000001000000000100000
10000000000000000100000000110011
11000100000010001100000000100000
01000000000000000100000000110011
11111111111111111011100000100011
00000000000000000000010000100011
00000000000000001000001000100011
01000100000010001000010000100000
00000000000000001011101000000011
00000000000000000100010000110011
10000000000000000000010000100011
10000000000000001000001000100011
01000100000010001000010000100000
10000000000000000100010000110011
01000000000000000000000000100011
01000000000000001000010000100011
01000100000100000000000000100000
01000000000000000100000000110011
00000000000000001111100000011111
01000000000000001101110000000011
10000000000000001101101000000011
01111111111111110000011000100110
00000000000000001100000000100011
00000000000000001011101000010011
11111111111111111011111000010011
01111111111111111011110000010011
10111111111111111011111111010011
00111111111111111011110111100110
00111001101000000000011111001111
00100000000000001011110111100110
10111111111111111011111111000011
10111111111111111011100000110011
00111111111111111011111111010011
11011111111111111011110111100110
00011100001000000000011111001111
10100000000000001011110111100110
00111111111111111011111111000011
01110100000000000000000000100000
01111111111111111011110000000011
10000000000000001000000000110011
11111111111111111011100000100011
00000000000000000000010000100011
00000100000000001000000000000001
00111111111111111011111111010011
11011111111111111011110111100110
00111001101000000000011111001111
10100000000000001011110111100110
00111111111111111011111111000011
10111111111111111011110000100011
00111111111111111011100000110011
00000100000000001000000000000001
11011111111111111011111111010011
01011111111111111011110111100110
01100110001000000000011111001111
01100000000000001011110111100110
11011111111111111011111111000011
00111111111111111011110000100011
11011111111111111011100000110011
00000100000000001000000000000001
01011111111111111011111111010011
10011111111111111011110111100110
00011100001000000000011111001111
11100000000000001011110111100110
01011111111111111011111111000011
11011111111111111011110000100011
11000100000000001000000000100000
01111111111111111011110000000011
00000000000000001000000000110011
00111111111111111011100000100011
01011111111111111011111111010011
10011111111111111011110111100110
01100110001000000000011111001111
11100000000000001011110111100110
01011111111111111011111111000011
11011111111111111011110000100011
11000100000000001000000000100000
01111111111111111011110000000011
01000000000000001000000000110011
11111111111111111011100000100011
00000000000000000000000000100011
00000000000000001011110000000011
00000000000000001000000000110011
00000000000000001111100000011111
00000000000000000100000000100011
00000000000000001011110000010011
11111111111111111011101000010011
01111111111111111011111111010011
10111111111111111011110111100110
01100110001000000000011111001111
11000000000000001011110111100110
01111111111111111011111111000011
11111111111111111011110000100011
00000000000000001000001000100011
01111111111111111011100000110011
00000100000000000100000000000001
10111111111111111011111111010011
00111111111111111011110111100110
00011100001000000000011111001111
00100000000000001011110111100110
10111111111111111011111111000011
11111111111111111011110000100011
10000000000000001000001000100011
10111111111111111011100000110011
00000100000000000100000000000001
00111111111111111011111111010011
11011111111111111011110111100110
01100110001000000000011111001111
10100000000000001011110111100110
00111111111111111011111111000011
11111111111111111011110000100011
10000000000000001000001000100011
00111111111111111011100000110011
00000100000000000100000000000001
11011111111111111011111111010011
01011111111111111011110111100110
00011100001000000000011111001111
01100000000000001011110111100110
11011111111111111011111111000011
11111111111111111011110000100011
01000000000000001000001000100011
11011111111111111011100000110011
00000100000000000100000000000001
01011111111111111011111111010011
10011111111111111011110111100110
01100110001000000000011111001111
11100000000000001011110111100110
01011111111111111011111111000011
11111111111111111011110000100011
01000000000000001000001000100011
01011111111111111011100000110011
00000100000000000100000000000001
10011111111111111011111111010011
00011111111111111011110111100110
00011100001000000000011111001111
00010000000000001011110111100110
10011111111111111011111111000011
01011111111111111011110000100011
00111111111111111011101000100011
11000100000100000100011000100000
11011111111111111011100100100011
10111111111111111011110100100011
11000100000001001010001100100000
11000100000100000110011100100000
01111111111111111011100010100011
11000100000000000001010010100000
01000100000100101110011100100000
11000100000001000001010010100000
11000100000100001001001010100000
11000100000000001010011010100000
10000100000110100101001010100000
11000100000000000100011010100000
11000100000000000110001100100000
11000100000100000001000110100000
10000100000001100110001100100000
11000100000000001001000000100000
11000100000101001000010000100000
01000100000100000000000000100000
01110100000000000010010000100000
11000100000101000100000100100000
11000100000010000001001000100000
00000000000000001011110100100011
00000000000000001010000010100011
10000000000000001010010010100011
01000000000000001010000110100011
11000100000110001100010110100000
11000100000000101011010110100000
11000100000110101101001110100000
11000100000100100111001110100000
10000100000011101011010110100000
11000100000100001000001110100000
11000100000001100111001110100000
10000100000011101011010110100000
00000000000000001010010110110011
11000100000111001110010110100000
11000100000000101011010110100000
11000100000011000110001110100000
11000100000100100111001110100000
10000100000011101011010110100000
11000100000001000010001110100000
11000100000001100111001110100000
10000100000011101011010110100000
10000000000000001010010110110011
11000100000010100101010110100000
11000100000000101011010110100000
11000100000000000000001110100000
11000100000100100111001110100000
10000100000011101011010110100000
11000100000010000100001110100000
11000100000001100111001110100000
10000100000011101011010110100000
01000000000000001010010110110011
00000000000000000000010100101110
00000000010000000000010100111110
11000100000111000001010110100000
11000100000010101011010110100000
11000100000011001001001110100000
11000100000000000111001110100000
10000100000011101011010110100000
11000100000001000011001110100000
11000100000010000111001110100000
10000100000011101011010110100000
11000100000101101010010110100000
11111111111111111011110000000011
00000000000000001000010110110011
11000100000110000001011000100000
11000100000010101100000010100000
11000100000110101001010010100000
11000100000000001001000000100000
10000100000000000001000000100000
11000100000100000011010000100000
11000100000010001000001000100000
10000100000010000000000000100000
11000100000000001010000000100000
10000000000000001000000000110011
11000100000111001100000000100000
11000100000011001001001000100000
10000100000010000000000000100000
11000100000001001000010000100000
10000100000100000000000000100000
11000100000000001010000000100000
01000000000000001000000000110011
00000000000000001111100000011111
10000000000000001101101000000011
01111111111111110000011000100110
00000000000000000000000100100110
00000000000000001100010100000011
11111111111111110000001100100110
01111111000000000110010100000111
00000000000000001100001100000011
00000000000000001100011100000011
00000000000000001100011000000011
11000000000000000000000010100110
00000000000000000000000000101110
00000000000000000000000000111110
00000000000000001011110000010011
11111111111111111011101000010011
01111111111111111011110100010011
10111111111111111011111100010011
00111111111111111011101100010011
11011111111111111011111000010011
01011111111111111011100100010011
10011111111111111011100000110011
00011111111111111011100010010011
00000000000000000001010000000001
11101111111111111011111111010011
01101111111111111011110111100110
01011000100001000000011111001111
01010000000000001011110111100110
11101111111111111011111111000011
01111111111111110000001000100110
00000000000000000100000000100011
00000000000000001000000000110011
10000000000000000000011000100110
00000000000000000100000000100011
10000000000000001000000000110011
01000000000000000000000100100110
00000000000000000100000000100011
01000000000000001000000000110011
10011111111111111011100000100011
00011111111111111011110100000011
11101111111111111011110000010011
01101111111111111011100100010011
10101111111111111011111000010011
00101111111111111011101000010011
00000000000000001010010000000001
11001111111111111011111111010011
01001111111111111011110111100110
01011000100001000000011111001111
01110000000000001011110111100110
11001111111111111011111111000011
00101111111111111011100000100011
00000000000000000000010000100011
00000000000000001000010000110011
00000000000000000000010000100011
10000000000000001000010000110011
00000000000000000000010000100011
01000000000000001000010000110011
00000000000000000000010000100011
10011111111111111011101000100011
11000000000000000100010000110111
01011111111111111011101000000011
11001000111000000000000000001111
10101111111111111011101000000011
01101111111111111011111000000011
11001111111111111011110000010011
01001111111111111011101000010011
00000000000000001100010000000001
00000100000000000100000000000001
10001111111111111011111111010011
00001111111111111011110111100110
01011000100001000000011111001111
00001000000000001011110111100110
10001111111111111011111111000011
00101111111111111011100000100011
00000000000000000000010000100011
00000000000000001000010000110011
00000000000000000000010000100011
10000000000000001000010000110011
10011111111111111011110000100011
00011111111111111011101000000011
10001111111111111011110000010011
00000000000000000100010000000001
00000100000000001000000000000001
00001111111111111011111111010011
11110111111111111011110111100110
01011000100001000000011111001111
10001000000000001011110111100110
00001111111111111011111111000011
00101111111111111011100000100011
00000000000000000000010000100011
00000000000000001000010000110011
00000000000000000000010000100011
10000000000000001000010000110011
00000000000000000000010000100011
01000000000000001000010000110011
10011111111111111011110000100011
00011111111111111011101000000011
00001111111111111011110000010011
00000000000000000100010000000001
00000100000000001000000000000001
11110111111111111011111111010011
01110111111111111011110111100110
01011000100001000000011111001111
01001000000000001011110111100110
11110111111111111011111111000011
01011111111111111011101000000011
11011111111111111011111000000011
00000100000000000100011000000111
00101111111111111011100000100011
00000000000000000000010000100011
11110111111111111011110000010011
00000100000000001000000000000001
01110111111111111011111111010011
10110111111111111011110111100110
00111001101000000000011111001111
11001000000000001011110111100110
01110111111111111011111111000011
11110111111111111011110000000011
00000000000000001000000000110011
00101111111111111011100000100011
00000000000000000000010000100011
00000100000000001000000000000001
01110111111111111011111111010011
10110111111111111011110111100110
00111001101000000000011111001111
11001000000000001011110111100110
01110111111111111011111111000011
11110111111111111011110000000011
10000000000000001000000000110011
00101111111111111011100000100011
00000000000000000000000000100011
01110111111111111011111111010011
10110111111111111011110111100110
00111001101000000000011111001111
11001000000000001011110111100110
01110111111111111011111111000011
11110111111111111011110000000011
01000000000000001000000000110011
11111010111000000000000000001111
01101111111111111011101000000011
00111111111111111011111000000011
11000000000000000100011000000111
01001111111111111011100100000011
10100110111000000000000000001111
10101111111111111011100100000011
00100000000000000000010100100110
10011111111111111011100000100011
01110111111111111011100100010011
11110111111111111011110000010011
00000000000000001010010000000001
10110111111111111011111111010011
00110111111111111011110111100110
01011000100001000000011111001111
00101000000000001011110111100110
10110111111111111011111111000011
00000000000000000111101000000001
11010000000000000111101111100110
01010000000000000100010000010011
11110111111111111011110000000011
10010000000000000100010000010011
00001111111111111011111000000011
00010000000000000100011000010011
10001111111111111011111000000011
11100000000000000100011000010011
01110111111111111011111000000011
01100000000000000100011000010011
11001111111111111011111000000011
10100000000000000100011000010011
11101111111111111011111000000011
00100000000000000100011000010011
11011111111111111011100100000011
11000000000000000100000100010011
10111111111111111011110100000011
01000000000000000100010100010011
00111111111111111011110100000011
10000000000000000100010100010011
01111111111111111011101100000011
00000000000000000100001100010011
00000000000000001011101100000011
11111111111111111011111100000011
00000000000011001110001000011011
00011111111111111011101000000011
01001000000000000100010100000111
01101111111111111011101000000011
01000000000000000100010100000111
11011001111000000000000000001111
01011111111111111011101000000011
01001111111111111011110100000011
11000000000000000100010100000111
00000000000000000100010100000001
00101001111000000000000000001111
10101111111111111011110100000011
00000000000000001010001000000001
00000000000000001100010000000001
10110111111111111011111111010011
00110111111111111011110111100110
01001011001000000000011111001111
00101000000000001011110111100110
10110111111111111011111111000011
00110011111000000000000000001111
00000000000000001100000000100011
10011111111111111011110000100011
11010000000000001000000000100111
10110111111111111011100000110011
00110111111111111011111111010011
11010111111111111011110111100110
10010101001000000000011111001111
10101000000000001011110111100110
00110111111111111011111111000011
10110111111111111011110000100011
11000100000100001000010000100000
10100100000100000000000000100000
01010101111000000000000000001111
00000100000000001000000000000001
11101111111111111011110000000011
00000000000000001000000000110011
10000000000000001000000000100011
10011111111111111011110000100011
11010000000000001000000000100111
00110111111111111011100000110011
11010111111111111011111111010011
01010111111111111011110111100110
10010101001000000000011111001111
01101000000000001011110111100110
11010111111111111011111111000011
00110111111111111011110000100011
11000100000100001000010000100000
10100100000100000000000000100000
01011101111000000000000000001111
00000100000000001000000000000001
11101111111111111011110000000011
10000000000000001000000000110011
01000000000000001000000000100011
10011111111111111011110000100011
11010000000000001000000000100111
11010111111111111011100000110011
01010111111111111011111111010011
10010111111111111011110111100110
10010101001000000000011111001111
11101000000000001011110111100110
01010111111111111011111111000011
11010111111111111011110000100011
11000100000100001000010000100000
10100100000100000000000000100000
01010011111000000000000000001111
00000100000000001000000000000001
11101111111111111011110000000011
01000000000000001000000000110011
01011111111111111011110000000011
11011111111111111011101000000011
10010000000000001000001000000111
11101111111111111011110000000011
11110111111111111011101000000011
01010111111111111011111111010011
10010111111111111011110111100110
11010010011000000000011111001111
11101000000000001011110111100110
01010111111111111011111111000011
11101011111000000000000000001111
10101111111111111011110000000011
00000000000000001111100000011111
00000000000000000010010000000001
00000000000000001111100000011111
01000000000000001101101000000011
10000000000000001101111000000011
00111100000000000000000100100110
01000000000000000010010000010111
00000000000000001111100000011111
00000000000000001011111011010011
11111111111111111011111000010011
01111111111111111011110000010011
00000000000000000100011011000001
10111111111111111011111111010011
00111111111111111011110111100110
00000000000000001101100111000011
00000000000000000011111111011111
00100000000000001011110111100110
10111111111111111011111111000011
00000000000000000000001000100110
01100000000000000100010000000111
01111111111111111011110000000011
10000000000000001000010000100110
00000000000000001011111011000011
00000000000000001101100111000011
00000000000000000011100000011111
11111111111111111011110000000011
01111111111111111011101000000011
00000000000000001000001000010011
00000000000000001111100000011111
10000000000000001101111011000011
00000000000000000000010000100110
00000000000000001101100111000011
00000000000000000011100000011111
01111111111111110000001000100110
00000000000000000100001000000011
11111111111111110000011000100110
01110000000000001100001000000111
10000000000000001000011000100110
00000000000000001011110000010011
11111111111111111011101000010011
00000000000000001100010000000001
01111111111111111011111111010011
10111111111111111011110111100110
10011111111000000000011111001111
11000000000000001011110111100110
01111111111111111011111111000011
00000000000000001011101000000011
11111111111111111011111000000011
00000000000010001000011000011011
00000000000000001111100000011111
10000000000000001000010000100110
00000000000000001100001000000001
11010000100001000000000000001111
00000000000000000000001000100110
00000000000000001011110000010011
00000000000000000100010000000001
11111111111111111011111111010011
01111111111111111011110111100110
10011111111000000000011111001111
01000000000000001011110111100110
11111111111111111011111111000011
00000000000000001000001000000001
00000000000000000100010000000011
11111111111111110000011000100110
01110000000000001100010000000111
00000000000000001011110000000011
10000000000000001000011000100110
11111111111111111011101000010011
00000000000000001100010000000001
01111111111111111011111111010011
10111111111111111011110111100110
10110000000100000000011111001111
11000000000000001011110111100110
01111111111111111011111111000011
00000000000000001011101000000011
11111111111111111011111000000011
00000000000010001000011000011011
00000000000000001111100000011111
00000000000000001011110000000011
10000000000000001000010000100110
11010000100001000000000000001111
10000000000000001101101000000011
00000000000000000000011000100110
00000000000000001011111011010011
11111111111111111011110000010011
01111111111111111011101000010011
00000000000000001100010000000001
10111111111111111011111111010011
00111111111111111011110111100110
10011111111000000000011111001111
00100000000000001011110111100110
10111111111111111011111111000011
00000000000000001000001000000011
11111111111111110000011000100110
00010000000000001100001000000111
11111111111111111011101000000011
01111111111111111011111000000011
00000000000010001100010000011011
10000000000000000100010000100110
00000000000000001011111011000011
00000000000000001101100111000011
00000000000000000011100000011111
00000000000000001111100000011111
10100000000000001101110000000011
00100000000000001101101000000011
11000000000000001101111000000011
01000000000000001101100100000011
10000000000000001101110100000011
00000000000000001011110100010011
11111111111111111011111000010011
01111111111111111011100100010011
10111111111111111011101000010011
00000000000000001000011011000001
00111111111111111011111111010011
11011111111111111011110111100110
00000000000000001101100111000011
00000000000000000011111111011111
10100000000000001011110111100110
00111111111111111011111111000011
10111111111111111011111011000011
00111111111111111011111111010011
11011111111111111011110111100110
00000000000000001101100111000011
00000000000000000011111111011111
10100000000000001011110111100110
00111111111111111011111111000011
01111111111111111011111011000011
00111111111111111011111111010011
11011111111111111011110111100110
00000000000000001101100111000011
00000000000000000011111111011111
10100000000000001011110111100110
00111111111111111011111111000011
00000000000000000000010000100110
11111111111111111011111011000011
00111111111111111011110000010011
11011111111111111011111111010011
01011111111111111011110111100110
00000000000000001101100111000011
00000000000000000011111111011111
01100000000000001011110111100110
11011111111111111011111111000011
00111111111111111011110000000011
11011111111111111011111111010011
01011111111111111011110111100110
10110000000100000000011111001111
01100000000000001011110111100110
11011111111111111011111111000011
00000000000000001011101000000011
00000000000000000100010000010011
00000000000000001111100000011111
10000000000000001101101100000011
00000000000110000100011000101011
00000000000000000000000100101110
00000000000000000000000100111110
01110010000000000010011000100111
00000000000000001011101100010011
11111111111111111011101000110011
01111111111111111011110100010011
10111111111111111011110000110011
00111111111111111011100100010011
11011111111111111011100000110011
01011111111111111011100100110011
10011111111111111011111000010011
00011111111111111011101000010011
11101111111111111011110000010011
01101111111111111011111111010011
10101111111111111011110111100110
10011010101000000000011111001111
11010000000000001011110111100110
01101111111111111011111111000011
11101111111111111011101000000011
01101111111111111011110000010011
00000000000000000100010000000001
10101111111111111011111111010011
00101111111111111011110111100110
00110010101000000000011111001111
00110000000000001011110111100110
10101111111111111011111111000011
10011111111111111011101000000011
00011111111111111011100000100011
00000000000010000000010000101011
01011111111111111011101000100011
11000000000000000100010000110111
00000000000000000000011000100110
11001001000100000000000000001111
10000000000000000000011000100110
00000000000000001100001000000001
10101111111111111011111111010011
00101111111111111011110111100110
00000101001000000000011111001111
00110000000000001011110111100110
10101111111111111011111111000011
10011111111111111011101000000011
01101111111111111011100000100011
00000000000010000000010000101011
00000100000000001000000000000001
10101111111111111011111111010011
00101111111111111011110111100110
10101101001000000000011111001111
00110000000000001011110111100110
10101111111111111011111111000011
11011111111111111011110000100011
01000100000100000000000000100000
10011111111111111011110000000011
00011111111111111011110000100011
00000000000100001000001000101011
10100100000010000000000000100000
00111111111111111011110000000011
01101111111111111011101000100011
00000000000100000100011000101011
00000000000100001000000100101011
11000100000000000010000100100000
10111111111111111011110100100011
10000100000101000010000100100000
11110100000000000010000100100000
11000000000000001100000100110111
00000000000000000000010000100110
00000000000000001111100000011111
01111111111111111011110000000011
00000000000100000100001000101011
00000000000100001000010000101011
11000100000000001000010000100000
11111111111111111011111000100011
10000100000110001000010000100000
11110100000000001000010000100000
11000000000000000100010000110111
00000000000000000000010000100110
00000000000000001111100000011111
00000000000000001011110000000011
00000000000000001000000000110011
10000000000000000000010000100110
00000000000000001111100000011111
00000000000000000000010000100110
00000000000000001111100000011111
10000000000000001101111011000011
00000000000000000000011000100110
10000000000000000000000100100110
01000000000000000000010100100110
00000000000000001011100000110011
11111111111111111011101000110011
01111111111111111011110000110011
10111111111111111011110100010011
00111111111111111011100100010011
11011111111111111011101000010011
01011111111111111011110000010011
10011111111111111011111011010011
00011111111111111011111000010011
11101111111111111011111111010011
01101111111111111011110111100110
00000000000000001101100111000011
00000000000000000011111111011111
01010000000000001011110111100110
11101111111111111011111111000011
00011111111111111011110100000011
11000000000000001010010000000111
00111111111111111011110000000011
00000000000000001111100000011111
01111111111111111011100000100011
11111111111111111011110000100011
00000000000000001011101000100011
01011111111111111011110000000011
11011111111111111011101000000011
00111111111111111011111000000011
10111111111111111011100100000011
10011111111111111011111011000011
11101111111111111011111111010011
01101111111111111011110111100110
00000000000000001101100111000011
00000000000000000011111111011111
01010000000000001011110111100110
11101111111111111011111111000011
00011111111111111011100100000011
11000000000000000010010000000111
10111111111111111011110000000011
00000000000000001111100000011111
11111111111111111011100000100011
00000000000000001011110000100011
01111111111111111011101000100011
01011111111111111011110000000011
11011111111111111011101000000011
10111111111111111011111000000011
00111111111111111011110100000011
10011111111111111011111011000011
11101111111111111011111111010011
01101111111111111011110111100110
00000000000000001101100111000011
00000000000000000011111111011111
01010000000000001011110111100110
11101111111111111011111111000011
00011111111111111011101000000011
11000000000000000100010000000111
11000000000000000000010000100110
00000000000000001111100000011111
00000000000000000100010000000001
00000000000000001111100000011111
10000000000000001101111000000011
00000000000000001011111000010011
11111111111111111011101000110011
01111111111111111011110000110011
10111111111111111011100000110011
00111111111111111011101000010011
11011111111111111011111111010011
01011111111111111011110111100110
10011010101000000000011111001111
01100000000000001011110111100110
11011111111111111011111111000011
00000000000000001000001000000001
00111111111111111011110000000011
11011111111111111011101000010011
01011111111111111011111111010011
10011111111111111011110111100110
11101111001000000000011111001111
11100000000000001011110111100110
01011111111111111011111111000011
00000000000000000000010000101110
00000000000000000000010000111110
11000000000000000000010000110111
00000000000000000000010000100110
00000000000000001111100000011111
10111111111111111011110000100011
01111111111111111011101000100011
11111111111111111011111000100011
11011111111111111011110000000011
01011111111111111011100000110011
00000100000000001000000000000001
00000100000000000100010000000001
00000100000000001100001000000001
10011111111111111011111111010011
00011111111111111011110111100110
11000000101000000000011111001111
00010000000000001011110111100110
10011111111111111011111111000011
01110100000000000000000000100000
01011111111111111011110000100011
10100100000100000000000000100000
00000000000000001011110000000011
00000000000000001000000000110011
10000000000000000000010000100110
00000000000000001111100000011111
11000100000000000000011000100000
00000000000000001011100000110011
11111111111111111011101000110011
01111111111111111011110000010011
10111111111111111011110000110011
00111111111111111011111000110011
11011111111111111011111111010011
01011111111111111011110111100110
00001010101000000000011111001111
01100000000000001011110111100110
11011111111111111011111111000011
00111111111111111011110000100011
11000100000000001000000000100000
10111111111111111011110000100011
11000100000100001000001000100000
01111111111111111011110000000011
11011111111111111011100000110011
01011111111111111011101000110011
10011111111111111011111111010011
00011111111111111011110111100110
11001010101000000000011111001111
00010000000000001011110111100110
10011111111111111011111111000011
01011111111111111011110000100011
11000100000000001000000000100000
11011111111111111011110000100011
10000100000000001000000000100000
11111111111111111011110000100011
11000100000100001000001000100000
01111111111111111011110000000011
10011111111111111011100000110011
00011111111111111011101000110011
11101111111111111011111111010011
01101111111111111011110111100110
01101010101000000000011111001111
01010000000000001011110111100110
11101111111111111011111111000011
00011111111111111011110000100011
11000100000000001000000000100000
10011111111111111011110000100011
10000100000000001000000000100000
01111111111111111011110000000011
11101111111111111011100000110011
01101111111111111011111111010011
10101111111111111011110111100110
01110010101000000000011111001111
11010000000000001011110111100110
01101111111111111011111111000011
00000000000000000000001000100110
01110100000000000100010000000111
11111111111111111011100000100011
10111111111111111011110000100011
11000100000000001000001000100000
01111111111111111011110000000011
01101111111111111011101000110011
10101111111111111011111111010011
00101111111111111011110111100110
11001110101000000000011111001111
00110000000000001011110111100110
10101111111111111011111111000011
01101111111111111011110000100011
11000100000000001000000000100000
11101111111111111011110000100011
10000100000100000000000000100000
11111111111111111011110000100011
00000000000000001011101000100011
11000100000100000100010000100000
01111111111111111011110000000011
10101111111111111011100000110011
00101111111111111011110000110011
11001111111111111011111111010011
01001111111111111011110111100110
01101110101000000000011111001111
01110000000000001011110111100110
11001111111111111011111111000011
00101111111111111011110000100011
11000100000000001000000000100000
10101111111111111011110000100011
10000100000000001000000000100000
10111111111111111011110000100011
00000000000000001011101000100011
11000100000100000100010000100000
01111111111111111011110000000011
11001111111111111011100000110011
01001111111111111011110000110011
10001111111111111011111111010011
00001111111111111011110111100110
10011110101000000000011111001111
00001000000000001011110111100110
10001111111111111011111111000011
01001111111111111011110000100011
11000100000000001000000000100000
11001111111111111011110000100011
10000100000000001000000000100000
00000000000000001111100000011111
11101111111111111011100000100011
00000000000000001111100000011111
11000100000110000000001100100000
00000000000000001011111000110011
11111111111111111011100000110011
01111111111111111011110100110011
10111111111111111011101000110011
00111111111111111011110000010011
11011111111111111011100100110011
01011111111111111011110000110011
10011111111111111011101100110011
00011111111111111011111111010011
11101111111111111011110111100110
00001010101000000000011111001111
10010000000000001011110111100110
00011111111111111011111111000011
10011111111111111011110000100011
11000100000000001000000000100000
11011111111111111011110000100011
01011111111111111011101000100011
11000100000100000100011000100000
00111111111111111011110000000011
00011111111111111011100000110011
11101111111111111011111000110011
01101111111111111011111111010011
10101111111111111011110111100110
11001010101000000000011111001111
11010000000000001011110111100110
01101111111111111011111111000011
11101111111111111011110000100011
11000100000000001000000000100000
00011111111111111011110000100011
10000100000000001000000000100000
01111111111111111011110000100011
10111111111111111011101000100011
11000100000100000100011000100000
00111111111111111011110000000011
01101111111111111011100000110011
10101111111111111011111000110011
00101111111111111011111111010011
11001111111111111011110111100110
01101010101000000000011111001111
10110000000000001011110111100110
00101111111111111011111111000011
10101111111111111011110000100011
11000100000000001000000000100000
01101111111111111011110000100011
10000100000000001000000000100000
00111111111111111011110000000011
00101111111111111011100000110011
11001111111111111011111111010011
01001111111111111011110111100110
01110010101000000000011111001111
01110000000000001011110111100110
11001111111111111011111111000011
00000000000000000000001000100110
10111100000000000100010000000111
11011111111111111011100000100011
10111111111111111011110000100011
11000100000000001000001000100000
01111111111111111011111000100011
01011111111111111011100100100011
11000100000110000010010100100000
10000100000101000100001000100000
00111111111111111011110000000011
11001111111111111011101000110011
01001111111111111011111111010011
10001111111111111011110111100110
11001110101000000000011111001111
11110000000000001011110111100110
01001111111111111011111111000011
11001111111111111011110000100011
11000100000000001000000000100000
01111111111111111011110000100011
11111111111111111011101000100011
11000100000100000100010000100000
00000000000000001011111000100011
10111111111111111011100100100011
11000100000110000010000100100000
10000100000001001000010000100000
00111111111111111011110000000011
01001111111111111011100000110011
10001111111111111011110000110011
00001111111111111011111111010011
11110111111111111011110111100110
01101110101000000000011111001111
10001000000000001011110111100110
00001111111111111011111111000011
10001111111111111011110000100011
11000100000000001000000000100000
01001111111111111011110000100011
10000100000000001000000000100000
11011111111111111011110000100011
11111111111111111011101000100011
11000100000100000100010000100000
00000000000000001011101000100011
01011111111111111011111000100011
11000100000010001100001000100000
10000100000010001000010000100000
00111111111111111011110000000011
00001111111111111011100000110011
11110111111111111011110000110011
01110111111111111011111111010011
10110111111111111011110111100110
10011110101000000000011111001111
11001000000000001011110111100110
01110111111111111011111111000011
11110111111111111011110000100011
11000100000000001000000000100000
00001111111111111011110000100011
10000100000000001000000000100000
00000000000000000000010000101110
00011111100000000000010000111110
11000100000100000000000000100000
00101111111111111011110000100011
10000100000100000000000000100000
00000000000000001111100000011111
00101111111111111011100000100011
00000000000000001111100000011111
10000000000000001101111000000011
00000000000000000000000100100110
00000000000000000100011000100011
10000000000000000000010100100110
10000000000000000100000100100011
01000000000000000100010100100011
00000000000000001011110100010011
11111111111111111011111000010011
01111111111111111011101000110011
10111111111111111011110000110011
00111111111111111011100000110011
11011111111111111011110000010011
01011111111111111011101000010011
10011111111111111011100100010011
00000100000000001010001000000001
00000100000000000010010000000001
00000100000000001100000000000001
00011111111111111011111111010011
11101111111111111011110111100110
00110100100100000000011111001111
10010000000000001011110111100110
00011111111111111011111111000011
00000000000000000000010000101110
00000000000000000000010000111110
00001010000000001000000000100111
01011111111111111011101000100011
00000000000000000100011000100011
10000000000000000100000100100011
01000000000000000100001000100011
00111111111111111011110100100011
10111111111111111011101100100011
01111111111111111011111100100011
11011111111111111011110000000011
00011111111111111011110000110011
11101111111111111011100000110011
00000100000000000010010000000001
00000100000000001100000000000001
00000100000000000110000100000001
00000100000000001010011000000001
00000100000000001110010100000001
01101111111111111011111111010011
10101111111111111011110111100110
10110001100100000000011111001111
11010000000000001011110111100110
01101111111111111011111111000011
00111111111111111011110000100011
10111111111111111011101000100011
01111111111111111011111000100011
11011111111111111011110000000011
01101111111111111011100000110011
00000100000000001000000000000001
00000100000000000100010000000001
00000100000000001100001000000001
10101111111111111011111111010011
00101111111111111011110111100110
00110100100100000000011111001111
00110000000000001011110111100110
10101111111111111011111111000011
11011111111111111011110000000011
10101111111111111011100000110011
00101111111111111011111111010011
11001111111111111011110111100110
00010010101000000000011111001111
10110000000000001011110111100110
00101111111111111011111111000011
11000000000000000000001000100110
11000000000000000100010000000111
10101111111111111011100000100011
11010010010100000000000000001111
00000000000000000000000000101110
00111111100000000000000000111110
10101111111111111011110000100011
01000100000000001000000000100000
01101111111111111011110000100011
11000100000100001000001000100000
11101111111111111011111000100011
11000100000000001100000000100000
01000100000000000100000000100000
00011111111111111011101000100011
11000000000000000000001000110111
10011111111111111011110000000011
00000000000000001111100000011111
00110100000000000000000000100000
11011111111111111011110000000011
00101111111111111011100000110011
11001111111111111011111111010011
01001111111111111011110111100110
00110010101000000000011111001111
01110000000000001011110111100110
11001111111111111011111111000011
10011111111111111011101000000011
11000000000000000100010000000111
00101111111111111011100000100011
01000110010100000000000000001111
00101111111111111011100000100011
01110100000000000000000000100000
01101111111111111011110000100011
01000100000100000000000000100000
11101111111111111011110000100011
10100100000100000000000000100000
11111111111111111011110000000011
00000000000000001000000000110011
00000000000000001011110000000011
00000000000000001111100000011111
10011111111111111011110000000011
00000000000000001111100000011111
00100000000000001101100100000011
11000000000000001101110100000011
01000000000000001101101100000011
10000000000000001101111100000011
00000000000100001110010000001011
00000000000000001100000000100011
00000000000000001011110100010011
11111111111111111011100100010011
01111111111111111011101000010011
10111111111111111011101100010011
00111111111111111011110000010011
11011111111111111011111000010011
01011111111111111011100000110011
10011111111111111011111111010011
00011111111111111011110111100110
11011010101000000000011111001111
00010000000000001011110111100110
10011111111111111011111111000011
01011111111111111011110000100011
01000100000000001000000000100000
10000000000000000000010000100110
11011111111111111011110000100011
10000000000000001000001000100011
00111111111111111011101000000011
10011111111111111011100000110011
00011111111111111011110000010011
11101111111111111011101000110011
00000000000000000100010000000001
01101111111111111011111111010011
10101111111111111011110111100110
01111010101000000000011111001111
11010000000000001011110111100110
01101111111111111011111111000011
11101111111111111011110000100011
01000100000000001000000000100000
01000000000000000000010000100110
11011111111111111011110000100011
01000000000000001000010000100011
00111111111111111011101000000011
01101111111111111011110000010011
10101111111111111011100000110011
00101111111111111011110000110011
00000000000000000100010000000001
11001111111111111011111111010011
01001111111111111011110111100110
10000110101000000000011111001111
01110000000000001011110111100110
11001111111111111011111111000011
00101111111111111011110000100011
01000100000000001000000000100000
00111111111111111011110000000011
11001111111111111011100000110011
01001111111111111011111111010011
10001111111111111011110111100110
00010010101000000000011111001111
11110000000000001011110111100110
01001111111111111011111111000011
00011111111111111011101000000011
11001000000000000100010000000111
01101111111111111011101000000011
10010000000000000100010000000111
10011111111111111011100000100011
10101111111111111011110000100011
11001111111111111011101000100011
00111111111111111011110000000011
01111111111111111011101000000011
00000000000000001011111011000011
00000000000000001101100111000011
00000000000000000011100000011111
10011111111111111011100000100011
10101111111111111011110000100011
11001111111111111011101000100011
00111111111111111011110000000011
01111111111111111011101000000011
11111111111111111011111011000011
00000000000000001101100111000011
00000000000000000011100000011111
10011111111111111011100000100011
10101111111111111011110000100011
11001111111111111011101000100011
00111111111111111011110000000011
01111111111111111011101000000011
10111111111111111011111011000011
00000000000000001101100111000011
00000000000000000011100000011111
10000000000000001101100100000011
00000000000000000000010100100110
00000000000000001100011000100011
01000100000000001100011000100000
10000000000000000000001100100110
10000000000000001100000100100011
11000100000001001100011000100000
00000000000000001011100100010011
11111111111111111011100000110011
01111111111111111011101100010011
10111111111111111011111000010011
00111111111111111011101000110011
11011111111111111011110000010011
01011111111111111011110100010011
10011111111111111011110000110011
00011111111111111011111000110011
11101111111111111011101000010011
01101111111111111011111111010011
10101111111111111011110111100110
11001010101000000000011111001111
11010000000000001011110111100110
01101111111111111011111111000011
11101111111111111011110000100011
10000000000000001000001000100011
00011111111111111011111000100011
11000100000110000100001000100000
10011111111111111011100100100011
10000100000001000100001000100000
11110100000000000100001000100000
11000000000000000000001000110111
01011111111111111011110000000011
10011111010100000000000000001111
11011111111111111011110000000011
01101111111111111011111111010011
10101111111111111011110111100110
01101010101000000000011111001111
11010000000000001011110111100110
01101111111111111011111111000011
11101111111111111011110000100011
01000000000000001000001000100011
00011111111111111011111000100011
11000100000110000100001000100000
00111111111111111011100100100011
10000100000001000100001000100000
11110100000000000100001000100000
11000000000000000000001000110111
01011111111111111011110000000011
10011111010100000000000000001111
10111111111111111011100000100011
10000000000000000000001000100011
00000000000000000000010100101110
00000000000000000000010100111110
11000000000000001010001000100111
01111111111111111011110000000011
10011111010100000000000000001111
01011111111111111011110000000011
01011111111111111011101000000011
10100000000000000100010000000111
00000000000000001011110000000011
00000000000000001000011000110011
01111111111111111011110000000011
00000000000000001111100000011111
01000000000000000000010000100110
10111111111111111011100000100011
01000000000000000000001000100011
10011111111111111011111000100011
01000100000110000100001000100000
11000000000000000000011000100110
11000000000000000000000100100011
11000100000001000100001000100000
11011111111111111011100100000011
01101111111111111011110000010011
10101111111111111011111000010011
00101111111111111011101000110011
00000000000000000010010000000001
11001111111111111011111111010011
01001111111111111011110111100110
00001010101000000000011111001111
01110000000000001011110111100110
11001111111111111011111111000011
11101111111111111011110000100011
00000000000000001000001000100011
00101111111111111011111000100011
11000100000110000100001000100000
11111111111111111011100100100011
10000100000001000100001000100000
11110100000000000100001000100000
11000000000000000000001000110111
01011111111111111011110000000011
11001100110100000000000000001111
11011111111111111011110000000011
11001111111111111011111111010011
01001111111111111011110111100110
01101010101000000000011111001111
01110000000000001011110111100110
11001111111111111011111111000011
11101111111111111011110000100011
01000000000000001000001000100011
00101111111111111011111000100011
11000100000110000100001000100000
00111111111111111011100100100011
10000100000001000100001000100000
11110100000000000100001000100000
11000000000000000000001000110111
01011111111111111011110000000011
11001100110100000000000000001111
10111111111111111011100000100011
11000000000000000000001000100011
00000000000000000000010100101110
00000000000000000000010100111110
11000000000000001010001000100111
01111111111111111011110000000011
11001100110100000000000000001111
01011111111111111011110000000011
01011111111111111011101000000011
10100000000000000100010000000111
00000000000000001011110000000011
00000000000000001000011000110011
01101111111111111011110000000011
00000000000000001111100000011111
10111111111111111011100000100011
00100000000000000000001000100011
00111111111111111011111000100011
01000100000110000100001000100000
10100000000000000000011000100011
11000100000110000100001000100000
11011111111111111011110000000011
11001111111111111011101000110011
01001111111111111011111111010011
10001111111111111011110111100110
00001010101000000000011111001111
11110000000000001011110111100110
01001111111111111011111111000011
11101111111111111011110000100011
00000000000000001000001000100011
11001111111111111011111000100011
11000100000110000100001000100000
11111111111111111011100100100011
10000100000001000100001000100000
11110100000000000100001000100000
11000000000000000000001000110111
01011111111111111011110000000011
00010110110100000000000000001111
11011111111111111011110000000011
01001111111111111011111111010011
10001111111111111011110111100110
11001010101000000000011111001111
11110000000000001011110111100110
01001111111111111011111111000011
11101111111111111011110000100011
10000000000000001000010000100011
11001111111111111011101000100011
11000100000010001000010000100000
10011111111111111011111000100011
10000100000110001000010000100000
11110100000000001000010000100000
11000000000000000000010000110111
01011111111111111011110000000011
00010110110100000000000000001111
10111111111111111011100000100011
10100000000000000000000000100011
00000000000000000000010000101110
00000000000000000000010000111110
11000000000000001000000000100111
01111111111111111011110000000011
00010110110100000000000000001111
01011111111111111011110000000011
01011111111111111011101000000011
01100000000000000100010000000111
00000000000000001011110000000011
11001111111111111011100000100011
00000000000000001000000000110011
10101111111111111011110000000011
00000000000000001111100000011111
00000000000000000100010000000001
00000000000000001111100000011111
10000000000000001101110000000011
00000000000000000000011000101110
00000000000000000000011000111110
00000000000000000000011000100110
00000000000000000100000100100011
11000000000000001100000100110111
00000000000000001100010000000001
00000000000000001111100000011111
10000000000000000000011000100110
10000000000000000100011000100011
11000100000000001100000000100000
01000000000000000100011000100011
11000100000100001100010000100000
10000100000100000000000000100000
11000000000000000100010000100011
11000100000010001000010000100000
10000100000100000000000000100000
00000000000000001000000000110011
00000000000000001100010000000001
00000000000000001111100000011111
10000000000000001101111000000011
00000000000000000000000100100110
00000000000000000100011000100011
00000000000000000000000100101110
00000000000000000000000100111110
11110010000000000010011000100111
10000000000000000000010100100110
10000000000000000100010100100011
11000100000000001010010100100000
01000000000000000100001100100011
11000100000100000110001100100000
10000100000011001010010100100000
11000000000000000000001100100110
11000000000000000100001100100011
11000100000010000110001100100000
10000100000011001010010100100000
00000000000000001011110100010011
11111111111111111011111000010011
01111111111111111011101000010011
10111111111111111011100100010011
00111111111111111011100100110011
11011111111111111011111000110011
01011111111111111011110100110011
10011111111111111011101100010011
00011111111111111011110000010011
11101111111111111011111111010011
01101111111111111011110111100110
00110100100100000000011111001111
01010000000000001011110111100110
11101111111111111011111111000011
00011111111111111011110000000011
11101111111111111011100000110011
01101111111111111011111111010011
10101111111111111011110111100110
00010010101000000000011111001111
11010000000000001011110111100110
01101111111111111011111111000011
10011111111111111011101000000011
11000000000000000100010000000111
11101111111111111011100000100011
01001101110100000000000000001111
00000000000000000000000000101110
00111111100000000000000000111110
11101111111111111011110000100011
01000100000000001000000000100000
01011111111111111011110000100011
11000100000100001000001000100000
11011111111111111011111000100011
11000100000000001100000000100000
01000100000000000100000000100000
00111111111111111011101000100011
11000000000000000000001000110111
10111111111111111011110000000011
00000000000000001111100000011111
00011111111111111011110000000011
01101111111111111011100000110011
10101111111111111011111111010011
00101111111111111011110111100110
00110010101000000000011111001111
00110000000000001011110111100110
10101111111111111011111111000011
10111111111111111011101000000011
11010000000000000100010000000111
01101111111111111011100000100011
00110100000000000000000000100000
01011111111111111011110000100011
10000100000100000000000000100000
01111111111111111011110000100011
00100000000000001000010000100011
11000100000100000000000000100000
11111111111111111011110000000011
00000000000000001000000000110011
11101011110100000000000000001111
01101111111111111011100000100011
00110100000000000000000000100000
01011111111111111011110000100011
01000100000000001000000000100000
01111111111111111011110000100011
00100000000000001000010000100011
11000100000100000000000000100000
11111111111111111011110000000011
00000000000000001000000000110011
00000000000000001011110000000011
00000000000000001111100000011111
00000000000000000010010000000001
00000000000000001111100000011111
00100000000000001101100100000011
11000000000000001101110100000011
01000000000000001101101100000011
10000000000000001101111100000011
00000000000100001110011100001011
00000000000000001100000000100011
00000000000000001011110100010011
11111111111111111011100100010011
01111111111111111011101100010011
10111111111111111011110000010011
00111111111111111011101000010011
11011111111111111011111100010011
01011111111111111011111000010011
10011111111111111011100000110011
00000000000000001110010000000001
00011111111111111011111111010011
11101111111111111011110111100110
11011010101000000000011111001111
10010000000000001011110111100110
00011111111111111011111111000011
10011111111111111011110000100011
01000100000000001000000000100000
10000000000000000000010000100110
01011111111111111011110000100011
10000000000000001000001000100011
11011111111111111011101000000011
00011111111111111011100000110011
11101111111111111011110000010011
01101111111111111011101000110011
00000000000000000100010000000001
10101111111111111011111111010011
00101111111111111011110111100110
01111010101000000000011111001111
00110000000000001011110111100110
10101111111111111011111111000011
01101111111111111011110000100011
01000100000000001000000000100000
01000000000000000000010000100110
01011111111111111011110000100011
01000000000000001000010000100011
11011111111111111011101000000011
10101111111111111011110000010011
00101111111111111011100000110011
11001111111111111011110000110011
00000000000000000100010000000001
01001111111111111011111111010011
10001111111111111011110111100110
10000110101000000000011111001111
11110000000000001011110111100110
01001111111111111011111111000011
11001111111111111011110000100011
01000100000000001000000000100000
00111111111111111011110000000011
01001111111111111011100000110011
10001111111111111011111111010011
00001111111111111011110111100110
00101001101000000000011111001111
00001000000000001011110111100110
10001111111111111011111111000011
10111111111111111011101000000011
00000000000010001000010000001011
11011111111111111011101000000011
10001111111111111011110000010011
00000000000000000100010000000001
00001111111111111011111111010011
11110111111111111011110111100110
00010010101000000000011111001111
10001000000000001011110111100110
00001111111111111011111111000011
11101111111111111011101000000011
11001000000000000100010000000111
10101111111111111011101000000011
10010000000000000100010000000111
00011111111111111011100000100011
00101111111111111011110000100011
01001111111111111011101000100011
11011111111111111011110000000011
10001111111111111011101000000011
00000000000000001011111011000011
00000000000000001101100111000011
00000000000000000011100000011111
00011111111111111011100000100011
00101111111111111011110000100011
01001111111111111011101000100011
11011111111111111011110000000011
10001111111111111011101000000011
11111111111111111011111011000011
00000000000000001101100111000011
00000000000000000011100000011111
00111111111111111011110000000011
00001111111111111011111111010011
11110111111111111011110111100110
01001001101000000000011111001111
10001000000000001011110111100110
00001111111111111011111111000011
00000000000000001000001000000001
00011111111111111011100000100011
00101111111111111011110000100011
01001111111111111011101000100011
11011111111111111011110000000011
10001111111111111011111000000011
01111111111111111011111011000011
00000000000000001101100111000011
00000000000000000011100000011111
10000000000000001101110000000011
00000000000000000000000000101110
00000000000000000000000000111110
00000000000000000000000100100110
00000000000000000100010000100011
11000000000000000000010000110111
00000000000000000010010000000001
00000000000000001111100000011111
00000000000000000100000000100011
11000000000000001100010000100011
11000100000100000000000000100000
00000000000000001000000000110011
10000000000000000000010000100110
00000000000000001111100000011111
10000000000000001101100100000011
00000000000000000000010100100110
00000000000000000100011000100011
00000000000000000000000100101110
00000000000000000000000100111110
11001100000000000010011000100111
10000000000000000000001100100110
10000000000000000100010100100011
11000100000000001010000000100000
01000000000000000100010100100011
11000100000100001010010000100000
10000100000100000000000000100000
11000000000000000100010000100011
11000100000010001000010000100000
10000100000100000000000000100000
11000000000000001100010000100011
11000100000000000000001000100000
11000100000100001100010000100000
01000100000100000100010000100000
11000000000000001000000100110111
00000000000000001010010000000001
00000000000000001111100000011111
00000000000000001011101100010011
11111111111111111011100100010011
01111111111111111011101000010011
10111111111111111011100000110011
00111111111111111011110000110011
11011111111111111011110100010011
01011111111111111011111111010011
10011111111111111011110111100110
00110010101000000000011111001111
11100000000000001011110111100110
01011111111111111011111111000011
11011111111111111011101000000011
11010000000000000100010000000111
00111111111111111011100000100011
00110100000000000000000000100000
10111111111111111011110000100011
10000100000100000000000000100000
01111111111111111011110000100011
00100000000000001000010000100011
11000100000100000000000000100000
11111111111111111011110000000011
00000000000000001000000000110011
11100001001100000000000000001111
00111111111111111011100000100011
00110100000000000000000000100000
10111111111111111011110000100011
01000100000000001000000000100000
01111111111111111011110000100011
00100000000000001000010000100011
11000100000100000000000000100000
11111111111111111011110000000011
00000000000000001000000000110011
00000000000000001011110000000011
00000000000000001111100000011111
00000000000000001010010000000001
00000000000000001111100000011111
00100000000000001101111000000011
11000000000000001101100100000011
01000000000000001101110100000011
10000000000000001101101100000011
00000000000100000110001100001011
00000000000000001011100100010011
11111111111111111011111000010011
01111111111111111011110100010011
10111111111111111011101100010011
00111111111111111011110000010011
11011111111111111011101000010011
00000000000000000110010000000001
01011111111111111011111111010011
10011111111111111011110111100110
00111110101000000000011111001111
11100000000000001011110111100110
01011111111111111011111111000011
00000000000000001000000000100011
10000000000000000000001000100110
10000000000000001000010000100011
01000000000000000000011000100110
01000000000000001000001000100011
11011111111111111011100100000011
01011111111111111011110000010011
10011111111111111011111000010011
00011111111111111011101000110011
11101111111111111011110000110011
01101111111111111011100000110011
10101111111111111011101000010011
00000000000000000010010000000001
00101111111111111011111111010011
11001111111111111011110111100110
00101001101000000000011111001111
10110000000000001011110111100110
00101111111111111011111111000011
00111111111111111011101000000011
00000000000010001000010000001011
10111111111111111011101000000011
00101111111111111011110000010011
00000000000000000100010000000001
11001111111111111011111111010011
01001111111111111011110111100110
00010010101000000000011111001111
01110000000000001011110111100110
11001111111111111011111111000011
10101111111111111011101000000011
10101000000000000100010000000111
10011111111111111011101000000011
01010000000000000100010000000111
01101111111111111011100000100011
11101111111111111011110000100011
00011111111111111011101000100011
10111111111111111011110000000011
00101111111111111011101000000011
01011111111111111011111000000011
00000000000000001011111011000011
00000000000000001101100111000011
00000000000000000011100000011111
01101111111111111011100000100011
11101111111111111011110000100011
00011111111111111011101000100011
10111111111111111011110000000011
00101111111111111011101000000011
01011111111111111011111000000011
11111111111111111011111011000011
00000000000000001101100111000011
00000000000000000011100000011111
11011111111111111011110000000011
11001111111111111011111111010011
01001111111111111011110111100110
01001001101000000000011111001111
01110000000000001011110111100110
11001111111111111011111111000011
00000000000000001000001000000001
01101111111111111011100000100011
11101111111111111011110000100011
00011111111111111011101000100011
10111111111111111011110000000011
00101111111111111011111000000011
01111111111111111011111011000011
00000000000000001101100111000011
00000000000000000011100000011111
01100000000000000000011000100110
00000000000000000000000000101110
00000000000000000000000000111110
00000000000000001011101000010011
11111111111111111011100000110011
01111111111111111011110000010011
00000000000000001100010000000001
10111111111111111011111111010011
00111111111111111011110111100110
01011000100001000000011111001111
00100000000000001011110111100110
10111111111111111011111111000011
00000000000000000000001000100110
01111111111111111011100000100011
00000000000000000000010000100011
11111111111111111011101000100011
10111111111111111011101000010011
00110100000000000100010000100111
00000000000000001011111000000011
00111111111111111011110000010011
00000000000000001100010000000001
11011111111111111011111111010011
01011111111111111011110111100110
00110010101000000000011111001111
01100000000000001011110111100110
11011111111111111011111111000011
01111111111111111011100000100011
00000000000000000000010000100011
11111111111111111011101000100011
11000000000000000100010000110111
10111111111111111011101000000011
01111111001100000000000000001111
10000000000000000000001000100110
11011111111111111011111111010011
01011111111111111011110111100110
00000101001000000000011111001111
01100000000000001011110111100110
11011111111111111011111111000011
00000000000000001011101000000011
11011111111111111011110000010011
00000000000000000100010000000001
01011111111111111011111111010011
10011111111111111011110111100110
00001010101000000000011111001111
11100000000000001011110111100110
01011111111111111011111111000011
11011111111111111011110000000011
01011111111111111011111111010011
10011111111111111011110111100110
10101101001000000000011111001111
11100000000000001011110111100110
01011111111111111011111111000011
00111111111111111011110000000011
00000000000000001000000000110011
00000000000000000000000000101110
00111111100000000000000000111110
01111111111111111011110000100011
00000000000000001000001000100011
10100100000010000000000000100000
10000000000000001000000000110011
11011000101100000000000000001111
10000000000000001000001000110011
10000000000000000000001000100110
01111111111111111011100000100011
10000000000000000000010000100011
11111111111111111011101000100011
01011111111111111011101000010011
00110100000000000100010000100111
00000000000000001011111000000011
00111111111111111011110000010011
00000000000000001100010000000001
10011111111111111011111111010011
00011111111111111011110111100110
00110010101000000000011111001111
00010000000000001011110111100110
10011111111111111011111111000011
01111111111111111011100000100011
10000000000000000000010000100011
11111111111111111011101000100011
11000000000000000100010000110111
10111111111111111011101000000011
00001100101100000000000000001111
01011111111111111011101000000011
10011111111111111011111111010011
00011111111111111011110111100110
00000101001000000000011111001111
00010000000000001011110111100110
10011111111111111011111111000011
00000000000000001011101000000011
10011111111111111011110000010011
00000000000000000100010000000001
00011111111111111011111111010011
11101111111111111011110111100110
11001010101000000000011111001111
10010000000000001011110111100110
00011111111111111011111111000011
10011111111111111011110000000011
00011111111111111011111111010011
11101111111111111011110111100110
10101101001000000000011111001111
10010000000000001011110111100110
00011111111111111011111111000011
00111111111111111011110000000011
01000000000000001000000000110011
00000000000000000000000000101110
00111111100000000000000000111110
01111111111111111011110000100011
10000000000000001000001000100011
10100100000010000000000000100000
11000000000000001000000000110011
10110010101100000000000000001111
11000000000000001000001000110011
01111111111111111011100000100011
01000000000000000000010000100011
11111111111111111011101000100011
00110100000000000100010000100111
00000000000000001011101000000011
00111111111111111011110000010011
00000000000000000100010000000001
00011111111111111011111111010011
11101111111111111011110111100110
00110010101000000000011111001111
10010000000000001011110111100110
00011111111111111011111111000011
01111111111111111011100000100011
01000000000000000000010000100011
11111111111111111011101000100011
11000000000000000100010000110111
10111111111111111011101000000011
00000110101100000000000000001111
01011111111111111011101000000011
00011111111111111011111111010011
11101111111111111011110111100110
00000101001000000000011111001111
10010000000000001011110111100110
00011111111111111011111111000011
00000000000000001011101000000011
00011111111111111011110000010011
00000000000000000100010000000001
11101111111111111011111111010011
01101111111111111011110111100110
01101010101000000000011111001111
01010000000000001011110111100110
11101111111111111011111111000011
00011111111111111011110000000011
11101111111111111011111111010011
01101111111111111011110111100110
10101101001000000000011111001111
01010000000000001011110111100110
11101111111111111011111111000011
00111111111111111011110000000011
00100000000000001000000000110011
00000000000000000000000000101110
00111111100000000000000000111110
01111111111111111011110000100011
01000000000000001000010000100011
10100100000100000000000000100000
10100000000000001000000000110011
10111110101100000000000000001111
10100000000000001000001000110011
00000000000000001111100000011111
00100000000000000000011000100110
00000000000000000000000000101110
00000000000000000000000000111110
00000000000000001011100000110011
11111111111111111011101000010011
01111111111111111011110000010011
00000000000000001100010000000001
10111111111111111011111111010011
00111111111111111011110111100110
01011000100001000000011111001111
00100000000000001011110111100110
10111111111111111011111111000011
01111111111111111011100000100011
00000000000000000000010000100011
11111111111111111011101000000011
10111111111111111011110000010011
00111111111111111011110000110011
00000000000000000100010000000001
11011111111111111011111111010011
01011111111111111011110111100110
00001010101000000000011111001111
01100000000000001011110111100110
11011111111111111011111111000011
00111111111111111011110000100011
11000100000000001000000000100000
01111111111111111011110000100011
10000000000000001000001000100011
11111111111111111011110000000011
11011111111111111011100000110011
01011111111111111011101000110011
10011111111111111011111111010011
00011111111111111011110111100110
11001010101000000000011111001111
00010000000000001011110111100110
10011111111111111011111111000011
01011111111111111011110000100011
11000100000000001000000000100000
11011111111111111011110000100011
10000100000000001000000000100000
01111111111111111011110000100011
01000000000000001000010000100011
11111111111111111011110000000011
10011111111111111011100000110011
00011111111111111011110000110011
11101111111111111011111111010011
01101111111111111011110111100110
01101010101000000000011111001111
01010000000000001011110111100110
11101111111111111011111111000011
00011111111111111011110000100011
11000100000000001000000000100000
10011111111111111011110000100011
10000100000000001000000000100000
00000000000000001011110000100011
00100000000000000000010000110111
10111111111111111011110000000011
00000000000000001000010000110011
01000111101100000000000000001111
00000000000000000000010000101110
00111111101000000000010000111110
10100100000000001000010000100000
10111111111111111011110000000011
00000000000000001000010000110011
11111111111111111011101000000011
11101111111111111011100000110011
00000000000000000100010000000001
01101111111111111011111111010011
10101111111111111011110111100110
00001010101000000000011111001111
11010000000000001011110111100110
01101111111111111011111111000011
11101111111111111011110000100011
10100100000100000000000000100000
01110100000000000000000000100000
10111111111111111011110000000011
10000000000000001000000000110011
11111111111111111011101000000011
00000000000000000100010000000001
01101111111111111011111111010011
10101111111111111011110111100110
11001010101000000000011111001111
11010000000000001011110111100110
01101111111111111011111111000011
11101111111111111011110000100011
10100100000100000000000000100000
01110100000000000000000000100000
10111111111111111011110000000011
01000000000000001000000000110011
11111111111111111011101000000011
00000000000000000100010000000001
01101111111111111011111111010011
10101111111111111011110111100110
01101010101000000000011111001111
11010000000000001011110111100110
01101111111111111011111111000011
11101111111111111011110000100011
10100100000100000000000000100000
01110100000000000000000000100000
10111111111111111011110000000011
11000000000000001000000000110011
00000000000000001111100000011111
10100000000000000000011000100110
00000000000000000000000000101110
00000000000000000000000000111110
00000000000000001011100000110011
11111111111111111011101000010011
01111111111111111011110000010011
00000000000000001100010000000001
10111111111111111011111111010011
00111111111111111011110111100110
01011000100001000000011111001111
00100000000000001011110111100110
10111111111111111011111111000011
00000000000000000000001000100110
01111111111111111011100000100011
00000000000000000000010000100011
10000000000000000000001000100011
01000000000000000000011000100011
11111111111111111011111000000011
10111111111111111011101000010011
00111111111111111011110000010011
00000000000000001100010000000001
00000100000000001000000000000001
00000100000000000100010000000001
00000100000000001100001000000001
11011111111111111011111111010011
01011111111111111011110111100110
00110100100100000000011111001111
01100000000000001011110111100110
11011111111111111011111111000011
01111111111111111011110000100011
00000000000000001000001000100011
11111111111111111011110000000011
11011111111111111011100000110011
01011111111111111011101000110011
10011111111111111011111111010011
00011111111111111011110111100110
00001010101000000000011111001111
00010000000000001011110111100110
10011111111111111011111111000011
01011111111111111011110000100011
11000100000000001000000000100000
01110100000000000000000000100000
01111111111111111011110000100011
10000000000000001000001000100011
11111111111111111011110000000011
10011111111111111011100000110011
00011111111111111011101000110011
11101111111111111011111111010011
01101111111111111011110111100110
11001010101000000000011111001111
01010000000000001011110111100110
11101111111111111011111111000011
00011111111111111011110000100011
11000100000000001000000000100000
01110100000000000000000000100000
01111111111111111011110000100011
01000000000000001000001000100011
11111111111111111011110000000011
11101111111111111011100000110011
01101111111111111011101000110011
10101111111111111011111111010011
00101111111111111011110111100110
01101010101000000000011111001111
00110000000000001011110111100110
10101111111111111011111111000011
01101111111111111011110000100011
11000100000000001000000000100000
01110100000000000000000000100000
00111111111111111011110000000011
11011111111111111011110000100011
00000000000000001000010000110011
11111111111111111011101000000011
10101111111111111011100000110011
00000000000000000100010000000001
00101111111111111011111111010011
11001111111111111011110111100110
01110010101000000000011111001111
10110000000000001011110111100110
00101111111111111011111111000011
10111111111111111011101000000011
11000110000000000100010000000111
01111111111111111011100000100011
01000000000000000000010000100011
11111111111111111011110000000011
00101111111111111011110000110011
11001111111111111011111111010011
01001111111111111011110111100110
01101110101000000000011111001111
01110000000000001011110111100110
11001111111111111011111111000011
00101111111111111011110000100011
11000100000000001000000000100000
01111111111111111011110000100011
10000000000000001000001000100011
11111111111111111011110000000011
11001111111111111011100000110011
01001111111111111011101000110011
10001111111111111011111111010011
00001111111111111011110111100110
10011110101000000000011111001111
00001000000000001011110111100110
10001111111111111011111111000011
01001111111111111011110000100011
11000100000000001000000000100000
11001111111111111011110000100011
10000100000000001000000000100000
00000000000000000000010000101110
00011111100000000000010000111110
11000100000100000000000000100000
10011111111111111011101000100011
01000100000000000100000000100000
00111111111111111011110000000011
10000000000000001000000000110011
01111111111111111011100000100011
01000000000000000000001000100011
11111111111111111011101000000011
10001111111111111011110000110011
00001111111111111011101000110011
00000000000000000100010000000001
11110111111111111011111111010011
01110111111111111011110111100110
11001110101000000000011111001111
01001000000000001011110111100110
11110111111111111011111111000011
00001111111111111011110000100011
11000100000000001000000000100000
01111111111111111011110000100011
00000000000000001000001000100011
11111111111111111011110000000011
11110111111111111011100000110011
01110111111111111011101000110011
10110111111111111011111111010011
00110111111111111011110111100110
10011110101000000000011111001111
00101000000000001011110111100110
10110111111111111011111111000011
01110111111111111011110000100011
11000100000000001000000000100000
11110111111111111011110000100011
10000100000000001000000000100000
10001111111111111011110000100011
11000100000000001000000000100000
11101111111111111011101000100011
01000100000000000100000000100000
00111111111111111011110000000011
01000000000000001000000000110011
01111111111111111011100000100011
10000000000000000000001000100011
11111111111111111011101000000011
10110111111111111011101000110011
00000000000000000100010000000001
00110111111111111011111111010011
11010111111111111011110111100110
11001110101000000000011111001111
10101000000000001011110111100110
00110111111111111011111111000011
10110111111111111011110000100011
11000100000000001000000000100000
01111111111111111011110000100011
00000000000000001000010000100011
11111111111111111011110000000011
00110111111111111011100000110011
11010111111111111011110000110011
01010111111111111011111111010011
10010111111111111011110111100110
01101110101000000000011111001111
11101000000000001011110111100110
01010111111111111011111111000011
11010111111111111011110000100011
11000100000000001000000000100000
00110111111111111011110000100011
10000100000000001000000000100000
10001111111111111011110000100011
11000100000000001000000000100000
10101111111111111011110000100011
01000100000000001000000000100000
00111111111111111011110000000011
11000000000000001000000000110011
10111001011100000000000000001111
00111111111111111011110000000011
10011111111111111011100000100011
10000000000000001000000000110011
11101111111111111011100000100011
01000000000000001000000000110011
10101111111111111011100000100011
11000000000000001000000000110011
00000000000000001011100000100011
11011111111111111011110000100011
01100000000000000000010000100111
00000000000000000000000000101110
00111111100000000000000000111110
10100100000100000000000000100000
00100000000000001000000000110011
10100101011100000000000000001111
00000000000000001111100000011111
10000000000000001101111000000011
00000000000000000000000100100110
00100010000000000010001000010111
00000000000010001100011000001011
00000000000000001011111011010011
11111111111111111011101000010011
01111111111111111011111000010011
10111111111111111011110000010011
00111111111111111011111111010011
11011111111111111011110111100110
00101001101000000000011111001111
10100000000000001011110111100110
00111111111111111011111111000011
10111111111111111011101000000011
00111111111111111011110000010011
00000000000000000100010000000001
11011111111111111011111111010011
01011111111111111011110111100110
01001001101000000000011111001111
01100000000000001011110111100110
11011111111111111011111111000011
01111111111111111011101000000011
11011111111111111011110000010011
00000000000000000100010000000001
01011111111111111011111111010011
10011111111111111011110111100110
00010010101000000000011111001111
11100000000000001011110111100110
01011111111111111011111111000011
10000000000000000000001000100110
10011000000000000100010000000111
01000000000000000000001000100110
00110000000000000100010000000111
11011111111111111011110000000011
01111111111111111011101000000011
01011111111111111011111111010011
10011111111111111011110111100110
11000111101100000000011111001111
11100000000000001011110111100110
01011111111111111011111111000011
11111111111111111011101000000011
00111111111111111011111000000011
00000000000010001100010000011011
00111011011100000000000000001111
11011111111111111011110000000011
01111111111111111011101000000011
01011111111111111011111111010011
10011111111111111011110111100110
01111110101100000000011111001111
11100000000000001011110111100110
01011111111111111011111111000011
11111111111111111011101000000011
00111111111111111011111000000011
00000000000010001100010000011011
11100111011100000000000000001111
11011111111111111011110000000011
01111111111111111011101000000011
01011111111111111011111111010011
10011111111111111011110111100110
10111011001100000000011111001111
11100000000000001011110111100110
01011111111111111011111111000011
11111111111111111011101000000011
00111111111111111011111000000011
00000000000010001100010000011011
11111111111111110100001000100110
10111111111111111011110000000011
00000000000000001011111011000011
00000000000000001101100111000011
00000000000000000011100000011111
00000000000000001111100000011111
01000000000000001101101000000011
10000000000000001101111011000011
00000000000000000100001000000011
11111111111111110100001000100110
00000000000000001101100111000011
00000000000000000011100000011111
10000000000000001101111000000011
00000000000000000000000100100110
10101110000000000010001000010111
00000000000010001100011000001011
00000000000000001011111011010011
11111111111111111011101000010011
01111111111111111011110000010011
10111111111111111011111000010011
00000000000000001100010000000001
00111111111111111011111111010011
11011111111111111011110111100110
00111110101000000000011111001111
10100000000000001011110111100110
00111111111111111011111111000011
10111111111111111011101000000011
00111111111111111011110000010011
00000000000000000100010000000001
11011111111111111011111111010011
01011111111111111011110111100110
00010010101000000000011111001111
01100000000000001011110111100110
11011111111111111011111111000011
01111111111111111011100000100011
00000000000000000000010000100011
10111111111111111011101000000011
11011111111111111011110000010011
01011111111111111011110000110011
00000000000000000100010000000001
10011111111111111011111111010011
00011111111111111011110111100110
11011010101000000000011111001111
00010000000000001011110111100110
10011111111111111011111111000011
01011111111111111011110000100011
01000100000000001000000000100000
00111111111111111011110000000011
00000000000000001000000000110011
01111111111111111011100000100011
10000000000000000000010000100011
10111111111111111011101000000011
10011111111111111011110000110011
00000000000000000100010000000001
00011111111111111011111111010011
11101111111111111011110111100110
01111010101000000000011111001111
10010000000000001011110111100110
00011111111111111011111111000011
10011111111111111011110000100011
01000100000000001000000000100000
00111111111111111011110000000011
10000000000000001000000000110011
01000000000000000000001000100110
01111111111111111011100000100011
01000000000000000000010000100011
10111111111111111011111000000011
00011111111111111011101000010011
11101111111111111011110000110011
00000000000000001100010000000001
01101111111111111011111111010011
10101111111111111011110111100110
10000110101000000000011111001111
11010000000000001011110111100110
01101111111111111011111111000011
11101111111111111011110000100011
01000100000000001000000000100000
00111111111111111011110000000011
01000000000000001000000000110011
00011111111111111011101000000011
11011111111111111011111000000011
11101000000000000100011000000111
01000000000000001100001000010111
01110010111100000000000000001111
00000000000000001000000000100011
10000000000000001000010000100011
01000000000000001000001000100011
10111111111111111011101000000011
00000000000000000100010000000001
01101111111111111011111111010011
10101111111111111011110111100110
00110100100100000000011111001111
11010000000000001011110111100110
01101111111111111011111111000011
11000000000000000000010000100110
11011111111111111011101000000011
01000000000000001000001000000111
00110010111100000000000000001111
00000000000000000000010000101110
00111111100000000000010000111110
01000100000100000000000000100000
00111111111111111011110000000011
11000000000000001000000000110011
00100110111100000000000000001111
10111111111111111011101000000011
00000000000000000100010000000001
01101111111111111011111111010011
10101111111111111011110111100110
10011010101000000000011111001111
11010000000000001011110111100110
01101111111111111011111111000011
00111111111111111011100000100011
00000000000000000000010000100011
10000000000000000000001000100011
01000000000000000000011000100011
00000100000000001000000000000001
00000100000000000100010000000001
00000100000000001100001000000001
01101111111111111011111111010011
10101111111111111011110111100110
11000000101000000000011111001111
11010000000000001011110111100110
01101111111111111011111111000011
00111111111111111011110000000011
11000000000000001000000000110011
11111111111111111011110000000011
11111111111111111000001000100110
01111111111111111011110000000011
00000000000000001011111011000011
00000000000000001101100111000011
00000000000000000011100000011111
00000000000000001111100000011111
11000000000000001101101000000011
01000000000000001101111000000011
10000000000000001101100100000011
00000000000000001011110000010011
11111111111111111011111000010011
01111111111111111011100100010011
00000000000000000100000111000001
00000000000000001000001000000001
00000000000000000011110000000001
10111111111111111011111111010011
00111111111111111011110111100110
11010011001000000000011111001111
00100000000000001011110111100110
10111111111111111011111111000011
01111111111111111011110000000011
00000000000000001000010000000011
11111111111111111000001000100110
00000000000000001011110000000011
11111111111111111011111011000011
00000000000000001101100111000011
00000000000000000011100000011111
00000000000000001011101000110011
11111111111111111011110000110011
01111111111111111011110000010011
10111111111111111011100000110011
00111111111111111011111111010011
11011111111111111011110111100110
00001010101000000000011111001111
10100000000000001011110111100110
00111111111111111011111111000011
10111111111111111011110000100011
11110100000000001000010000100000
11000000000000000000010000110111
00000000000000000000010000100110
10100101111100000000000000001111
01111111111111111011110000000011
00111111111111111011111111010011
11011111111111111011110111100110
11001010101000000000011111001111
10100000000000001011110111100110
00111111111111111011111111000011
11111111111111111011110000100011
11110100000000001000010000100000
11000000000000000000010000110111
00000000000000000000010000100110
10100101111100000000000000001111
01111111111111111011110000000011
00111111111111111011111111010011
11011111111111111011110111100110
01101010101000000000011111001111
10100000000000001011110111100110
00111111111111111011111111000011
00000000000000001011110000100011
11110100000000001000010000100000
11000000000000000000010000110111
00000000000000000000010000100110
10100101111100000000000000001111
10000000000000000000010000100110
00000000000000000000001000100110
11000000000000000100010000000111
01111111111111111011110000000011
00110010101000000000000000001111
01111111111111111011110000000011
00111111111111111011101000010011
11011111111111111011111111010011
01011111111111111011110111100110
00110010101000000000011111001111
01100000000000001011110111100110
11011111111111111011111111000011
00111111111111111011101000000011
11000000000000000100010000000111
00000000000000000100010000000001
00000000000000001111100000011111
10000000000000000000010000100110
00000000000000001111100000011111
00000000000000001011110000010011
11111111111111111011101000110011
01111111111111111011110000110011
10111111111111111011100000110011
00111111111111111011111111010011
11011111111111111011110111100110
10011010101000000000011111001111
10100000000000001011110111100110
00111111111111111011111111000011
10111111111111111011100000100011
01111111111111111011110000100011
11111111111111111011101000100011
00111111111111111011111111010011
11011111111111111011110111100110
11000000101000000000011111001111
10100000000000001011110111100110
00111111111111111011111111000011
00000000000000001011110000000011
00111111111111111011100000110011
11011111111111111011111111010011
01011111111111111011110111100110
00110010101000000000011111001111
01100000000000001011110111100110
11011111111111111011111111000011
00000000000000000000000000101110
00000000000000000000000000111110
00111111111111111011110000100011
11000000000000000000010000110111
00000000000000000000001000100110
10101011111100000000000000001111
10000000000000000000001000100110
11011111111111111011111111010011
01011111111111111011110111100110
00000101001000000000011111001111
01100000000000001011110111100110
11011111111111111011111111000011
00000000000000000000001000100110
11000000000000000100010000000111
00000000000000000100010000000001
00000000000000001111100000011111
10000000000000000000010000100110
00000000000000001111100000011111
00000000000000001011110000010011
11111111111111111011111111010011
01111111111111111011110111100110
00110100100100000000011111001111
01000000000000001011110111100110
11111111111111111011111111000011
00000000000000001011110000000011
11111111111111111011100000110011
01111111111111111011111111010011
10111111111111111011110111100110
00010010101000000000011111001111
11000000000000001011110111100110
01111111111111111011111111000011
11000000000000000000001000100110
11000000000000000100010000000111
11111111111111111011100000100011
10101111111100000000000000001111
00000000000000000000000000101110
00111111100000000000000000111110
11111111111111111011110000100011
01000100000000001000000000100000
00000000000000001011110000000011
01111111111111111011100000110011
10111111111111111011111111010011
00111111111111111011110111100110
00110010101000000000011111001111
00100000000000001011110111100110
10111111111111111011111111000011
00000000000000000000000000101110
00000000000000000000000000111110
01111111111111111011110000100011
11000000000000000000010000110111
00000000000000000000001000100110
11000000000010000000000000001111
10000000000000000000001000100110
10111111111111111011111111010011
00111111111111111011110111100110
00000101001000000000011111001111
00100000000000001011110111100110
10111111111111111011111111000011
00000000000000000000001000100110
11000000000000000100010000000111
00000000000000000100010000000001
00000000000000001111100000011111
10000000000000000000010000100110
00000000000000001111100000011111
00000000000000001011101000110011
11111111111111111011110000110011
01111111111111111011110000010011
10111111111111111011100000110011
00111111111111111011111111010011
11011111111111111011110111100110
11011010101000000000011111001111
10100000000000001011110111100110
00111111111111111011111111000011
10111111111111111011110000100011
01000100000000001000000000100000
01111111111111111011110000000011
00111111111111111011100000110011
11011111111111111011111111010011
01011111111111111011110111100110
01111010101000000000011111001111
01100000000000001011110111100110
11011111111111111011111111000011
11111111111111111011110000100011
01000100000000001000000000100000
01111111111111111011110000000011
11011111111111111011100000110011
01011111111111111011111111010011
10011111111111111011110111100110
10000110101000000000011111001111
11100000000000001011110111100110
01011111111111111011111111000011
00000000000000001011110000100011
01000100000000001000000000100000
01111111111111111011110000000011
01011111111111111011100000110011
10011111111111111011111111010011
00011111111111111011110111100110
00010010101000000000011111001111
00010000000000001011110111100110
10011111111111111011111111000011
10000000000000000000001000100110
10110000000000000100010000000111
01000000000000000000001000100110
01100000000000000100010000000111
00111111111111111011100000100011
11011111111111111011110000100011
01011111111111111011101000100011
01111111111111111011110000000011
00000111111100000000000000001111
00111111111111111011100000100011
11011111111111111011110000100011
01011111111111111011101000100011
01111111111111111011110000000011
01101101111100000000000000001111
00111111111111111011100000100011
11011111111111111011110000100011
01011111111111111011101000100011
01111111111111111011110000000011
00000001111100000000000000001111
10000000000000001101111000000011
00000000000100000100000100001011
11111111111111110000010100100110
11011000000000001010000100000111
00000000000001001100011000001011
00000000000000001011101000110011
11111111111111111011110000110011
01111111111111111011100000110011
10111111111111111011101000010011
00111111111111111011111011010011
11011111111111111011110000010011
00000000000000001100010000000001
01011111111111111011111111010011
10011111111111111011110111100110
01110000000010000000011111001111
11100000000000001011110111100110
01011111111111111011111111000011
00000000000000000000001000100110
11000000000000000100010000000111
00000000000000000100010000000001
00000000000000001111100000011111
11011111111111111011110000000011
10000000000000001000010000100110
01111111111111111011100000100011
11111111111111111011110000100011
00000000000000001011101000100011
10111111111111111011101000000011
00111111111111111011111011000011
00000000000000001101100111000011
00000000000000000011100000011111
10000000000000000000010000100110
00000000000000001111100000011111
11100000000000001101111000000011
01100000000000001101100100000011
10100000000000001101110100000011
00100000000000001101101100000011
11000000000000001101111100000011
01000000000000001101100010000011
10000000000000001101110010000011
00000000000100000100001010001011
11111111111111110000011010100110
10000110000000001101001010000111
00000000000100000100001010001011
00000000000000001011110010010011
11111111111111111011100010010011
01111111111111111011111100010011
10111111111111111011101000010011
00111111111111111011111011010011
11011111111111111011110000010011
01011111111111111011101010010011
10011111111111111011110100010011
00011111111111111011100100010011
00000000000000000110001000000001
00000000000000000101010000000001
00000000000000001100011011000001
00000000000000000001011000000001
11101111111111111011111111010011
01101111111111111011110111100110
00000000000000001101100111000011
00000000000000000011111111011111
01010000000000001011110111100110
11101111111111111011111111000011
00000000000000000000001000100110
00011111111111111011100000100011
00000000000000000000000000100011
00010000000000000100010000000111
10110011001100110011010000101110
01001111101000000000010000111110
11000000000000001000000000110111
00000000000000000100010000000001
10110001000010000000000000001111
10000000000000000000010000100110
11110001000010000000000000001111
00000000000000000100010000000001
10110100000000000100010000000111
01010000111010111100010000101110
10000111100000000000010000111110
10000100000000001000000000100000
01111111111111111011110000100011
00000000000000001000001000100011
11000100000000000100001000100000
11111111111111111011111000100011
00000000000000001100000100100011
10000100000001000100001000100000
10000000000000000000010000100110
10000000000000001000000100100011
11000100000000000010000100100000
10000000000000001100010100100011
10000100000101000010000100100000
01000000000000001000010000100011
11000100000000001000000000100000
01000000000000001100010000100011
10000100000100000000000000100000
10111111111111111011111000000011
00000000000000001011111011000011
11101111111111111011110000010011
01101111111111111011101000010011
00000000000000000100010000000001
00000000000000001100001000000001
00000100000000000010010000000001
00000100000000000100011111000001
00000100000000000000001000000001
00000100000000001111100000000001
10101111111111111011111111010011
00101111111111111011110111100110
00000000000000001101100111000011
00000000000000000011111111011111
00110000000000001011110111100110
10101111111111111011111111000011
01101111111111111011101000000011
11000000000000000100010000000111
11101111111111111011110000000011
00000000000000001111100000011111
11011111111111111011110000000011
10000000000000001000010000100110
10111111111111111011101000000011
00111111111111111011111011000011
00000000000000001101100111000011
00000000000000000011100000011111
01011111111111111011110000000011
10011111111111111011111000000011
00000000000100001100010000001011
01101111111111111011101000010011
10101111111111111011111111010011
00101111111111111011110111100110
00110010101000000000011111001111
00110000000000001011110111100110
10101111111111111011111111000011
01101111111111111011101000000011
11100000000000000100010000000111
11011111111111111011110000000011
10000000000000001000010000100110
10111111111111111011101000000011
00111111111111111011111011000011
00000000000000001101100111000011
00000000000000000011100000011111
00000000000000000100010000000001
00000000000000001111100000011111
00000000000000000000010000100110
00000000000000001111100000011111
01000000000000001101111000000011
10000000000000001101100100000011
00000000000100000100010100001011
11111111111111110000001100100110
01011000000000000110010100000111
00000000000101000010000100001011
00000000000000000000010100100110
00000000000000001011101000010011
11111111111111111011111011010011
01111111111111111011110000010011
10111111111111111011110100010011
00000000000000000010001000000001
00000000000000001010010000000001
00000000000000001100011011000001
00111111111111111011111111010011
11011111111111111011110111100110
00000000000000001101100111000011
00000000000000000011111111011111
10100000000000001011110111100110
00111111111111111011111111000011
10111111111111111011101000000011
11000000000000000100010000000111
10000000000000000000010000100110
00000000000000001111100000011111
01111111111111111011110000000011
10000000000000001000010000100110
00000000000000001011101000000011
11111111111111111011111011000011
00000000000000001101100111000011
00000000000000000011100000011111
00000000000000000000010000100110
00000000000000001111100000011111
10100000000000001101111000000011
00100000000000001101100100000011
11000000000000001101110100000011
01000000000000001101101100000011
10000000000000001101111100000011
00000000000100000100000010001011
00000000000000000000010010100110
00000000000000000001001010000011
11111111111111110000011010100110
01110010000000001101001010000111
11000110000000000000011010100110
00000000000000001011100010010011
11111111111111111011110100010011
01111111111111111011101000010011
10111111111111111011111011010011
00111111111111111011110000010011
11011111111111111011110010010011
00010100000000001101001010000111
01011111111111111011100100010011
00000000000000000110001000000001
00000000000000000101010000000001
00000000000000001100011011000001
00000000000000001110011000000001
10011111111111111011111111010011
00011111111111111011110111100110
00000000000000001101100111000011
00000000000000000011111111011111
00010000000000001011110111100110
10011111111111111011111111000011
11011111111111111011101000000011
10011000000000000100010000000111
10110011001100110011000000101110
01110111101000000000000000111110
01011111111111111011110000100011
00000000000000001000010000100011
11000000000000000000010000110111
00000000000000000100010000000001
11100100100010000000000000001111
10000000000000000000010000100110
00000000000000001011111000000011
11111111111111111011111011000011
10011111111111111011110000010011
00000000000000001100001000000001
00011111111111111011111111010011
11101111111111111011110111100110
00000000000000001101100111000011
00000000000000000011111111011111
10010000000000001011110111100110
00011111111111111011111111000011
11011111111111111011101000000011
11000000000000000100010000000111
10011111111111111011110000000011
11100100100010000000000000001111
00000000000000000100010000000001
10010100100010000000000000001111
00000000000000000100010000000001
11010100100010000000000000001111
10000000000000000000010000100110
11011111111111111011101000000011
01101000000000000100010000000111
10000000000000000000010000100110
00000000000000001011111000000011
11111111111111111011111011000011
00011111111111111011110000010011
00000000000000001100001000000001
11101111111111111011111111010011
01101111111111111011110111100110
00000000000000001101100111000011
00000000000000000011111111011111
01010000000000001011110111100110
11101111111111111011111111000011
11011111111111111011101000000011
11000000000000000100010000000111
00011111111111111011110000000011
00000000000000001111100000011111
00111111111111111011110000000011
10000000000000001000010000100110
01111111111111111011101000000011
10111111111111111011111011000011
00000000000000001101100111000011
00000000000000000011100000011111
00111111111111111011110000000011
10000000000000001000010000100110
01111111111111111011101000000011
10111111111111111011111011000011
00000000000000001101100111000011
00000000000000000011100000011111
00000000000000001001010000000001
00000000000000001111100000011111
10010000000000001101100100000011
00010000000000001101110100000011
11100000000000001101101100000011
01100000000000001101111100000011
10100000000000001101100010000011
00100000000000001101110010000011
11000000000000001101101010000011
01000000000000001101111010000011
10000000000000001101100110000011
00000000000100000100010110001011
11111111111111110000001110100110
11101110000000000111010110000111
00000000000000001011110010010011
11111111111111111011111010010011
01111111111111111011101010010011
10111111111111111011100110010011
00111111111111111011110100010011
11011111111111111011100100010011
01011111111111111011101100010011
10011111111111111011111000010011
00011111111111111011101000010011
11101111111111111011111011010011
01101111111111111011110000010011
10101111111111111011110110010011
00101111111111111011100010010011
00000000000000001100001000000001
00000000000000001011010000000001
00000000000000001110011011000001
00000000000000001010011000000001
11001111111111111011111111010011
01001111111111111011110111100110
00000000000000001101100111000011
00000000000000000011111111011111
01110000000000001011110111100110
11001111111111111011111111000011
00000000000000000000001000100110
11010010000000000100010000000111
01011111111111111011100000100011
00000000000000000000000000100011
00000000000000000000010000101110
00000000000000000000010000111110
01000000000000000000010000110111
01001101100010000000000000001111
11011111111111111011110000100011
00000000000000001000001000100011
01000000000000000100000000110111
01001101100010000000000000001111
01010000111010111100001000101110
10000111100000000000001000111110
10000100000000000100000000100000
10011111111111111011101000100011
00000000000000000100011000100011
11000100000000001100011000100000
00111111111111111011100100100011
00000000000000000010010100100011
10000100000101001100011000100000
10000000000000000100010100100011
11000100000000001010010100100000
10000000000000000010001100100011
10000100000011001010010100100000
01000000000000000100001100100011
11000100000000000110001100100000
01000000000000000010000100100011
10000100000001000110000100100000
00011111111111111011111000000011
10111111111111111011111011000011
11001111111111111011110000010011
01001111111111111011100100110011
10001111111111111011110100110011
00001111111111111011111000110011
11110111111111111011100000110011
01110111111111111011101000010011
00000000000000000100010000000001
00000000000000001100001000000001
00000100000000000010001000000001
00000100000000001010010000000001
00000100000000001100000000000001
10110111111111111011111111010011
00110111111111111011110111100110
00000000000000001101100111000011
00000000000000000011111111011111
00101000000000001011110111100110
10110111111111111011111111000011
01110111111111111011101000000011
00101000000000000100010000000111
11011111111111111011110000000011
11110111111111111011100000100011
00000000000000001000000000110011
00001111111111111011100000100011
10001111111111111011110000100011
01001111111111111011101000100011
01111111111111111011110000000011
10110111111111111011111111010011
00110111111111111011110111100110
00000011001000000000011111001111
00101000000000001011110111100110
10110111111111111011111111000011
11111111111111111011110000000011
10101111111111111011101000000011
00000000000000001000001000010011
00000000000000001011110000000011
11001111111111111011101000000011
00000000000000001000001000010011
01001101100010000000000000001111
01101111111111111011110000000011
10000000000000001000010000100110
00011111111111111011101000000011
10011111111111111011111000000011
11101111111111111011111011000011
00000000000000001101100111000011
00000000000000000011100000011111
10101111111111111011110000000011
00101111111111111011111000000011
00000000000100001100010000001011
01110111111111111011101000010011
10110111111111111011111111010011
00110111111111111011110111100110
00110010101000000000011111001111
00101000000000001011110111100110
10110111111111111011111111000011
01110111111111111011101000000011
00010000000000000100010000000111
01101111111111111011110000000011
10000000000000001000010000100110
00011111111111111011101000000011
10011111111111111011111000000011
11101111111111111011111011000011
00000000000000001101100111000011
00000000000000000011100000011111
00000000000000001111100000011111
00000000000000001111100000011111
01000000000000001101100100000011
10000000000000001101110100000011
00000000000100000100001100001011
11111111111111110000011100100110
11101000000000001110001100000111
00000000000011001010010100001011
00000000000000000000001100100110
00000000000000001011111000010011
11111111111111111011101000010011
01111111111111111011111011010011
10111111111111111011110000010011
00000000000000001010001000000001
00000000000000000110010000000001
00000000000000000010011011000001
00111111111111111011111111010011
11011111111111111011110111100110
00000000000000001101100111000011
00000000000000000011111111011111
10100000000000001011110111100110
00111111111111111011111111000011
10111111111111111011110000000011
10000000000000001000010000100110
11111111111111111011101000000011
00000000000000001011111000000011
01111111111111111011111011000011
00000000000000001101100111000011
00000000000000000011100000011111
00000000000000001111100000011111
10100000000000001101100100000011
00100000000000001101110100000011
11000000000000001101101100000011
01000000000000001101111100000011
10000000000000001101100010000011
00000000000100000100010010001011
00000000000000000000001010100110
00000000000000001001011010000011
11111111111111110000000110100110
11011100000000000011011010000111
11000110000000000000000110100110
00000000000000001011111000010011
11111111111111111011101000010011
01111111111111111011111011010011
10111111111111111011110000010011
00100100000000000011011010000111
00111111111111111011110010010011
11011111111111111011100010010011
01011111111111111011100100010011
10011111111111111011101100010011
00011111111111111011101010010011
00000000000000001100001000000001
00000000000000001101010000000001
00000000000000001110011011000001
00000000000000001010011000000001
11101111111111111011111111010011
01101111111111111011110111100110
00000000000000001101100111000011
00000000000000000011111111011111
01010000000000001011110111100110
11101111111111111011111111000011
00011111111111111011101000000011
01001000000000000100010000000111
10011111111111111011100000100011
00000000000000000000000000100011
01011111111111111011110000100011
00000000000000001000010000100011
01000000000000001000000000110111
01011000010010000000000000001111
10000000000000000000010000100110
00111111111111111011101000000011
00000000000000001011111000000011
11011111111111111011111011000011
11101111111111111011111111010011
01101111111111111011110111100110
00000000000000001101100111000011
00000000000000000011111111011111
01010000000000001011110111100110
11101111111111111011111111000011
11011000010010000000000000001111
01100100010010000000000000001111
10000000000000000000000100100110
00000000000000001001001000000001
00000000000000000010010000000001
00000000000000000001011011000001
11101111111111111011111111010011
01101111111111111011110111100110
00000000000000001101100111000011
00000000000000000011111111011111
01010000000000001011110111100110
11101111111111111011111111000011
10111111111111111011110000000011
10000000000000001000010000100110
11111111111111111011101000000011
00000000000000001011111000000011
01111111111111111011111011000011
00000000000000001101100111000011
00000000000000000011100000011111
00000000000000001111100000011111
11000000000000001101101000000011
01000000000000001101111000000011
10000000000000001101100100000011
00000000000000000000010100100110
00010100110101100111000000101110
11001110010000000000000000111110
00000000000000001100000000110011
00000000000000000010000100000011
00000000000000001011110100010011
11111111111111111011111000010011
00000000000000001000011000000001
00000000000000000100011011000001
00000000000000000010001000000001
00000000000000001010010000000001
01111111111111111011111111010011
10111111111111111011110111100110
00000000000000001101100111000011
00000000000000000011111111011111
11000000000000001011110111100110
01111111111111111011111111000011
11111111111111111011100000100011
00000000000000000000000000100011
10110011001100110011010000101110
01110111101000000000010000111110
11000000000000000000010000110111
00000000000000001011110000000011
00000000000000001111100000011111
00000100001111010111110000101110
10100110010000000000010000111110
11000000000000001000000000110111
00000000000000001011110000000011
00000000000000001111100000011111
10000000000000000000010000100110
00000000000000001111100000011111
10010000000000001101100100000011
00010000000000001101110100000011
11100000000000001101101100000011
01100000000000001101111100000011
10100000000000001101100010000011
00100000000000001101110010000011
11000000000000001101101010000011
01000000000000001101111010000011
10000000000000001101100110000011
00000000000000001011110010010011
11111111111111111011111010010011
01111111111111111011101010010011
10111111111111111011100110010011
00111111111111111011110100010011
11011111111111111011100100010011
01011111111111111011111100010011
10011111111111111011111011010011
00011111111111111011100010010011
11101111111111111011111000010011
01101111111111111011101100010011
10101111111111111011110000010011
00101111111111111011101000010011
00000000000000001100010000000001
11001111111111111011111111010011
01001111111111111011110111100110
01001001101000000000011111001111
01110000000000001011110111100110
11001111111111111011111111000011
10101111111111111011101000000011
00101111111111111011111000000011
00000000000010001100000100001011
11111111111111110000010100100110
11010110000000001010000100000111
11101111111111111011110100000011
01101111111111111011111011000011
11001111111111111011110000010011
01001111111111111011100100010011
00000000000000001010001000000001
00000000000000000010010000000001
10001111111111111011111111010011
00001111111111111011110111100110
00000000000000001101100111000011
00000000000000000011111111011111
00001000000000001011110111100110
10001111111111111011111111000011
00000000000000000000001000100110
01010010000000000100010000000111
01011111111111111011100000100011
00000000000000000000000000100011
00000000000000000000010000101110
00000000000000000000010000111110
01000000000000000000010000110111
10000011010010000000000000001111
11011111111111111011110000100011
00000000000000001000001000100011
01000000000000000100000000110111
10000011010010000000000000001111
01010000111010111100001000101110
10000111100000000000001000111110
10000100000000000100000000100000
11001111111111111011101000100011
00000000000000000100011000100011
11000100000000001100011000100000
00111111111111111011100100100011
00000000000000000010010100100011
10000100000101001100011000100000
10000000000000000100010100100011
11000100000000001010010100100000
10000000000000000010001100100011
10000100000011001010010100100000
01000000000000000100001000100011
11000100000000000100001000100000
01000000000000000010000100100011
10000100000001000100001000100000
00101111111111111011111000000011
10111111111111111011111011000011
10001111111111111011110000010011
00001111111111111011101000110011
11110111111111111011110100110011
01110111111111111011111000110011
10110111111111111011100000110011
00110111111111111011101000010011
00000000000000000100010000000001
00000000000000001100001000000001
00000100000000001010010000000001
00000100000000001100000000000001
11010111111111111011111111010011
01010111111111111011110111100110
00000000000000001101100111000011
00000000000000000011111111011111
01101000000000001011110111100110
11010111111111111011111111000011
00110111111111111011101000000011
00101000000000000100010000000111
11011111111111111011110000000011
10110111111111111011100000100011
00000000000000001000000000110011
01110111111111111011100000100011
11110111111111111011110000100011
00001111111111111011101000100011
01111111111111111011110000000011
11010111111111111011111111010011
01010111111111111011110111100110
00000011001000000000011111001111
01101000000000001011110111100110
11010111111111111011111111000011
11111111111111111011110000000011
01001111111111111011101000000011
00000000000000001000001000010011
00000000000000001011110000000011
10001111111111111011101000000011
00000000000000001000001000010011
10000011010010000000000000001111
10101111111111111011110000000011
10000000000000001000010000100110
00101111111111111011101000000011
11101111111111111011111000000011
10011111111111111011111011000011
00000000000000001101100111000011
00000000000000000011100000011111
01001111111111111011110000000011
00011111111111111011111000000011
00000000000100001100010000001011
00110111111111111011101000010011
11010111111111111011111111010011
01010111111111111011110111100110
00110010101000000000011111001111
01101000000000001011110111100110
11010111111111111011111111000011
00110111111111111011101000000011
00010000000000000100010000000111
10101111111111111011110000000011
10000000000000001000010000100110
00101111111111111011101000000011
11101111111111111011111000000011
10011111111111111011111011000011
00000000000000001101100111000011
00000000000000000011100000011111
00000000000000001111100000011111
00000000000000001111100000011111
01000000000000001101100100000011
10000000000000001101110100000011
00000000000100000100001100001011
11111111111111110000011100100110
11101000000000001110001100000111
00000000000011001010010100001011
00000000000000000000001100100110
00000000000000001011111000010011
11111111111111111011101000010011
01111111111111111011111011010011
10111111111111111011110000010011
00000000000000001010001000000001
00000000000000000110010000000001
00000000000000000010011011000001
00111111111111111011111111010011
11011111111111111011110111100110
00000000000000001101100111000011
00000000000000000011111111011111
10100000000000001011110111100110
00111111111111111011111111000011
10111111111111111011110000000011
10000000000000001000010000100110
11111111111111111011101000000011
00000000000000001011111000000011
01111111111111111011111011000011
00000000000000001101100111000011
00000000000000000011100000011111
00000000000000001111100000011111
00100000000000001101100100000011
11000000000000001101110100000011
01000000000000001101101100000011
10000000000000001101111100000011
00000000000100000100000010001011
00000000000000000000010010100110
00000000000000000001001010000011
11111111111111110000011010100110
01011100000000001101001010000111
11000110000000000000011010100110
00000000000000001011111000010011
11111111111111111011101000010011
01111111111111111011111011010011
10111111111111111011110000010011
11000100000000001101001010000111
00111111111111111011100010010011
11011111111111111011111100010011
01011111111111111011100100010011
10011111111111111011101100010011
00011111111111111011110010010011
00000000000000001100001000000001
00000000000000000101010000000001
00000000000000001010011011000001
11101111111111111011111111010011
01101111111111111011110111100110
00000000000000001101100111000011
00000000000000000011111111011111
01010000000000001011110111100110
11101111111111111011111111000011
00011111111111111011101000000011
01001000000000000100010000000111
10011111111111111011100000100011
00000000000000000000000000100011
01011111111111111011110000100011
00000000000000001000010000100011
01000000000000001000000000110111
11100100110010000000000000001111
10000000000000000000010000100110
00111111111111111011101000000011
00000000000000001011111000000011
11011111111111111011111011000011
11101111111111111011111111010011
01101111111111111011110111100110
00000000000000001101100111000011
00000000000000000011111111011111
01010000000000001011110111100110
11101111111111111011111111000011
00010100110010000000000000001111
11001100110010000000000000001111
10000000000000000000000100100110
00000000000000000001001000000001
00000000000000000010010000000001
00000000000000001110011011000001
11101111111111111011111111010011
01101111111111111011110111100110
00000000000000001101100111000011
00000000000000000011111111011111
01010000000000001011110111100110
11101111111111111011111111000011
10111111111111111011110000000011
10000000000000001000010000100110
11111111111111111011101000000011
00000000000000001011111000000011
01111111111111111011111011000011
00000000000000001101100111000011
00000000000000000011100000011111
00000000000000001111100000011111
11000000000000001101101000000011
01000000000000001101111000000011
10000000000000001101100100000011
00000000000000000000010100100110
00010100110101100111000000101110
11001110010000000000000000111110
00000000000000001100000000110011
00000000000000000010000100000011
00000000000000001011110100010011
11111111111111111011111000010011
00000000000000001000011000000001
00000000000000000100011011000001
00000000000000000010001000000001
00000000000000001010010000000001
01111111111111111011111111010011
10111111111111111011110111100110
00000000000000001101100111000011
00000000000000000011111111011111
11000000000000001011110111100110
01111111111111111011111111000011
11111111111111111011100000100011
00000000000000000000000000100011
10110011001100110011010000101110
01110111101000000000010000111110
11000000000000000000010000110111
00000000000000001011110000000011
00000000000000001111100000011111
00000100001111010111110000101110
10100110010000000000010000111110
11000000000000001000000000110111
00000000000000001011110000000011
00000000000000001111100000011111
10000000000000000000010000100110
00000000000000001111100000011111
01000000000000001101101000000011
10000000000000001101111000000011
00000000000000001100011000000011
00000000000000001011101000010011
11111111111111111011110000010011
01111111111111111011111000010011
00000000000000000100010000000001
10111111111111111011111111010011
00111111111111111011110111100110
00010011001000000000011111001111
00100000000000001011110111100110
10111111111111111011111111000011
01111111111111111011110000000011
11111111111111111000010000100110
11111111111111111011100000100011
00000000000100000000000000101011
10111111111111111011110000010011
00111111111111111011111111010011
11011111111111111011110111100110
10010101001000000000011111001111
10100000000000001011110111100110
00111111111111111011111111000011
01110100000000000000000000100000
10111111111111111011110000000011
00000000000000001011101000000011
00000000000100000100000000111011
00000000000000001111100000011111
10000000000000001101101000000011
00000000000000001011110000010011
11111111111111111011101000010011
01111111111111111011111111010011
10111111111111111011110111100110
00001010101000000000011111001111
11000000000000001011110111100110
01111111111111111011111111000011
01110100000000000000000000100000
11111111111111111011110000000011
00000000000000001000000000110011
00000000000000001011101000000011
00000000000000000100010000000001
01111111111111111011111111010011
10111111111111111011110111100110
11001010101000000000011111001111
11000000000000001011110111100110
01111111111111111011111111000011
01110100000000000000000000100000
11111111111111111011110000000011
10000000000000001000000000110011
00000000000000001011101000000011
00000000000000000100010000000001
01111111111111111011111111010011
10111111111111111011110111100110
01101010101000000000011111001111
11000000000000001011110111100110
01111111111111111011111111000011
01110100000000000000000000100000
11111111111111111011110000000011
01000000000000001000000000110011
00000000000000001111100000011111
01000000000000001101101000000011
10000000000000001101111000000011
00000000000000000000000100100110
00000000000000001100000000100011
00000000000000001011101000010011
11111111111111111011100100010011
01111111111111111011110000010011
10111111111111111011111000010011
00111111111111111011100000110011
11011111111111111011111111010011
01011111111111111011110111100110
11011010101000000000011111001111
01100000000000001011110111100110
11011111111111111011111111000011
00111111111111111011110000100011
01000100000000001000000000100000
10111111111111111011110000100011
10000000000000001000001000100011
01111111111111111011110000000011
11011111111111111011100000110011
01011111111111111011101000110011
10011111111111111011111111010011
00011111111111111011110111100110
01111010101000000000011111001111
00010000000000001011110111100110
10011111111111111011111111000011
01011111111111111011110000100011
01000100000000001000000000100000
10111111111111111011110000100011
01000000000000001000010000100011
01111111111111111011110000000011
10011111111111111011100000110011
00011111111111111011110000110011
11101111111111111011111111010011
01101111111111111011110111100110
10000110101000000000011111001111
01010000000000001011110111100110
11101111111111111011111111000011
00011111111111111011110000100011
01000100000000001000000000100000
01111111111111111011110000000011
11101111111111111011100000110011
01101111111111111011111111010011
10101111111111111011110111100110
00001010101000000000011111001111
11010000000000001011110111100110
01101111111111111011111111000011
11011111111111111011110000100011
11000100000100000000000000100000
01111111111111111011110000000011
01101111111111111011100000110011
10101111111111111011111111010011
00101111111111111011110111100110
11001010101000000000011111001111
00110000000000001011110111100110
10101111111111111011111111000011
10011111111111111011110000100011
11000100000100000000000000100000
01111111111111111011110000000011
10101111111111111011100000110011
00101111111111111011111111010011
11001111111111111011110111100110
01101010101000000000011111001111
10110000000000001011110111100110
00101111111111111011111111000011
11101111111111111011110000100011
11000100000100000000000000100000
01111111111111111011110000000011
00101111111111111011100000110011
11001111111111111011111111010011
01001111111111111011110111100110
01110010101000000000011111001111
01110000000000001011110111100110
11001111111111111011111111000011
11111111111111111011101000000011
10001010000000000100010000000111
01111111111111111011110000000011
11001111111111111011111111010011
01001111111111111011110111100110
10011110101000000000011111001111
01110000000000001011110111100110
11001111111111111011111111000011
10011111111111111011110000100011
11000100000100000000000000100000
01111111111111111011110000000011
11001111111111111011100000110011
01001111111111111011111111010011
10001111111111111011110111100110
01101110101000000000011111001111
11110000000000001011110111100110
01001111111111111011111111000011
11101111111111111011110000100011
11000100000100000000000000100000
11001111111111111011101000100011
10000100000000000100000000100000
00000000000000000000001000101110
00011111100000000000001000111110
11000100000010000000000000100000
01101111111111111011111000100011
10000100000110000000000000100000
00000000000000001011110000000011
00000000000000001000000000110011
01111111111111111011101000000011
01001111111111111011101000110011
00000000000000000100010000000001
10001111111111111011111111010011
00001111111111111011110111100110
10011110101000000000011111001111
00001000000000001011110111100110
10001111111111111011111111000011
11011111111111111011110000100011
11000100000100000000000000100000
01111111111111111011110000000011
10001111111111111011100000110011
00001111111111111011111111010011
11110111111111111011110111100110
11001110101000000000011111001111
10001000000000001011110111100110
00001111111111111011111111000011
11101111111111111011110000100011
11000100000100000000000000100000
10001111111111111011110000100011
10000100000000001000000000100000
01001111111111111011110000100011
11000100000000001000000000100000
10101111111111111011101000100011
10000100000010000000000000100000
00000000000000001011110000000011
10000000000000001000000000110011
01111111111111111011101000000011
00000000000000000100010000000001
00001111111111111011111111010011
11110111111111111011110111100110
01101110101000000000011111001111
10001000000000001011110111100110
00001111111111111011111111000011
11011111111111111011110000100011
11000100000100000000000000100000
01111111111111111011110000000011
00001111111111111011100000110011
11110111111111111011111111010011
01110111111111111011110111100110
11001110101000000000011111001111
01001000000000001011110111100110
11110111111111111011111111000011
10011111111111111011110000100011
11000100000100000000000000100000
00001111111111111011110000100011
10000100000000001000000000100000
01001111111111111011110000100011
11000100000000001000000000100000
00101111111111111011110000100011
10000100000100000000000000100000
00000000000000001011110000000011
01000000000000001000000000110011
11011100001010000000000000001111
00000000000000001011110000000011
01101111111111111011100000100011
00000000000000001000000000110011
10101111111111111011100000100011
10000000000000001000000000110011
00101111111111111011100000100011
01000000000000001000000000110011
01111111111111111011101000000011
00000000000000000100010000000001
11110111111111111011111111010011
01110111111111111011110111100110
00110010101000000000011111001111
01001000000000001011110111100110
11110111111111111011111111000011
00000000000000001000001000000001
00000000000000001011110000000011
01001011001000000000000000001111
11000000000000001101111000000011
01000000000000001101100100000011
10000000000000001101110100000011
00000000000000001011111000010011
11111111111111111011110000010011
01111111111111111011110100010011
10111111111111111011101000010011
00111111111111111011100100010011
11011111111111111011111111010011
01011111111111111011110111100110
00010010101000000000011111001111
01100000000000001011110111100110
11011111111111111011111111000011
10000000000000000000001000100110
11010000000000000100010000000111
01000000000000000000001000100110
10100000000000000100010000000111
11111111111111111011110000000011
00000000000000001011111011000011
00000000000000001101100111000011
00000000000000000011100000011111
11111111111111111011110000000011
01111111111111111011111011000011
00000000000000001101100111000011
00000000000000000011100000011111
10111111111111111011110000000011
00111111111111111011111011000011
00000000000000001101100111000011
00000000000000000011100000011111
10000000000000001101111000000011
00000000000000001011101000010011
11111111111111111011111000010011
01111111111111111011110000010011
10111111111111111011111111010011
00111111111111111011110111100110
01100010101000000000011111001111
00100000000000001011110111100110
10111111111111111011111111000011
00000000000000000000001000100110
01111111111111111011111000000011
10111111111111111011101000010011
00111111111111111011110000010011
00000000000000001100010000000001
11011111111111111011111111010011
01011111111111111011110111100110
01010110101000000000011111001111
01100000000000001011110111100110
11011111111111111011111111000011
11111111111111111011110000000011
00000000000000001000000000110011
10000000000000000000001000100110
01111111111111111011111000000011
11011111111111111011101000010011
00000000000000001100010000000001
01011111111111111011111111010011
10011111111111111011110111100110
10110110101000000000011111001111
11100000000000001011110111100110
01011111111111111011111111000011
11111111111111111011110000000011
10000000000000001000000000110011
01000000000000000000001000100110
01111111111111111011111000000011
01011111111111111011101000010011
00000000000000001100010000000001
10011111111111111011111111010011
00011111111111111011110111100110
00001110101000000000011111001111
00010000000000001011110111100110
10011111111111111011111111000011
11111111111111111011110000000011
01000000000000001000000000110011
11011111111111111011101000000011
00111111111111111011111000000011
10011111000000000100011000000111
01011111111111111011101000000011
11001011000000000100011000000111
11000000000000000000001000100110
10001001000000000100011000000111
00100000000000000000001000100110
01000000000000000100011000000111
00000000000000001111100000011111
00000000000000001011100000100011
00000000000000000000010000100011
01111111111111111011101000000011
10011111111111111011110000110011
00000000000000000100010000000001
00011111111111111011111111010011
11101111111111111011110111100110
11011010101000000000011111001111
10010000000000001011110111100110
00011111111111111011111111000011
10011111111111111011110000100011
01000100000000001000000000100000
01111111111111111011110000000011
00011111111111111011100000110011
11101111111111111011111111010011
01101111111111111011110111100110
00001010101000000000011111001111
01010000000000001011110111100110
11101111111111111011111111000011
00110100000000000000000000100000
00011111111111111011110000100011
11000100000000001000000000100000
00000000000000001011110000100011
01000000000000001000001000100011
01111111111111111011110000000011
11101111111111111011100000110011
01101111111111111011101000110011
10101111111111111011111111010011
00101111111111111011110111100110
10000110101000000000011111001111
00110000000000001011110111100110
10101111111111111011111111000011
01101111111111111011110000100011
01000100000000001000000000100000
01111111111111111011110000000011
10101111111111111011100000110011
00101111111111111011111111010011
11001111111111111011110111100110
01101010101000000000011111001111
10110000000000001011110111100110
00101111111111111011111111000011
00110100000000000000000000100000
10101111111111111011110000100011
11000100000000001000000000100000
11101111111111111011110000100011
11000100000100001000001000100000
11000100000000000000011000100000
10000100000110000100001000100000
11101000111011011000111000101110
01100011100000000000011000111110
11110100000000001000000100100000
00101111111111111011111000110011
11001111111111111011101000110011
11110000000000001100000100110111
10100100000100000000000000100000
11110100000000000000000000100000
01001111111111111011111111010011
10001111111111111011110111100110
10000001001000000000011111001111
11110000000000001011110111100110
01001111111111111011111111000011
00000000000000000000110000101110
11110000010000000000010000111110
11000100000100000000000000100000
11011011111100001001010000101110
01000000010000000000010000111110
10100100000100000000000000100000
10111011001010000000000000001111
00000000000000000000100000101110
11010000010000000000000000111110
00010100000000000000010000100000
01000100000100000000000000100000
00000000000000001011110000100011
10000000000000001000010000100011
01111111111111111011110000000011
01001111111111111011100000110011
10001111111111111011110000110011
00001111111111111011111111010011
11110111111111111011110111100110
01111010101000000000011111001111
10001000000000001011110111100110
00001111111111111011111111000011
10001111111111111011110000100011
01000100000000001000000000100000
01111111111111111011110000000011
00001111111111111011100000110011
11110111111111111011111111010011
01110111111111111011110111100110
11001010101000000000011111001111
01001000000000001011110111100110
11110111111111111011111111000011
00110100000000000000000000100000
00001111111111111011110000100011
11000100000000001000000000100000
11001111111111111011110000100011
11110100000000001000001000100000
00101111111111111011111000100011
11110000000000001100001000110111
10100100000100000000000000100000
11110100000000000000000000100000
11110111111111111011111111010011
01110111111111111011110111100110
10000001001000000000011111001111
01001000000000001011110111100110
11110111111111111011111111000011
00000000000000000000110000101110
11110000010000000000010000111110
11000100000100000000000000100000
11011011111100001001010000101110
01000000010000000000010000111110
10100100000100000000000000100000
10010000101010000000000000001111
00000000000000000000100000101110
11010000010000000000000000111110
00010100000000000000010000100000
01000100000100000000000000100000
01011001100110011001110000101110
00001111100000000000010000111110
00000000000000000000001000101110
00011111100000000000001000111110
01001111111111111011111000100011
01000100000110000100011000100000
11000100000110001100011000100000
01000100000110001000010000100000
01000100000000000100000000100000
11000100000000000000000000100000
01000100000000001000000000100000
00000000000000000000010000101110
00000000000000000000010000111110
01000000000000001000000000110111
11011000101010000000000000001111
00000100000000001000000000000001
00000000000000001111110000101110
11011000010000000000010000111110
11000100000000001000000000100000
01011001100110011001110000101110
00101111100000000000010000111110
10100100000100000000000000100000
11111111111111111011110000000011
01000000000000001000000000110011
00000000000000001111100000011111
00000000000000001011100000100011
00000000000000000000010000100011
01111111111111111011101000000011
11110111111111111011110000110011
00000000000000000100010000000001
01110111111111111011111111010011
10110111111111111011110111100110
11011010101000000000011111001111
11001000000000001011110111100110
01110111111111111011111111000011
11110111111111111011110000100011
01000100000000001000000000100000
00000000000000001011110000100011
01000000000000001000010000100011
01111111111111111011110000000011
01110111111111111011100000110011
10110111111111111011110000110011
00110111111111111011111111010011
11010111111111111011110111100110
10000110101000000000011111001111
10101000000000001011110111100110
00110111111111111011111111000011
10110111111111111011110000100011
01000100000000001000000000100000
01110111111111111011110000100011
11000100000100001000010000100000
11000100000000000000000000100000
10000100000000001000000000100000
00110100000000000000000000100000
00000000000000000000010000101110
10010000010000000000010000111110
10100100000100000000000000100000
00010100000000000000010000100000
01000100000100000000000000100000
11011011111100001001010000101110
01000000010000000000010000111110
11000100000100000000000000100000
00110111111111111011100000110011
11010111111111111011111111010011
01010111111111111011110111100110
01100110001000000000011111001111
01101000000000001011110111100110
11010111111111111011111111000011
00110111111111111011110000100011
11010111111111111011100000110011
00000100000000001000000000000001
01010111111111111011111111010011
10010111111111111011110111100110
01100110001000000000011111001111
11101000000000001011110111100110
01010111111111111011111111000011
11010111111111111011110000100011
11000100000000001000000000100000
00000000000000001111110000101110
11011000010000000000010000111110
11000100000000001000001000100000
11111111111111111011110000000011
10000000000000001000001000110011
00000000000000000000001000101110
00111111100000000000001000111110
01000100000000000100000000100000
11000100000000001000000000100000
01000000000000001000000000110011
00000000000000001111100000011111
00000000000000001011100000100011
10000000000000000000010000100011
00000000000000000000001000101110
00101111100000000000001000111110
11000100000010001000010000100000
01010111111111111011101000110011
00000100000000001000000000000001
10010111111111111011111111010011
00010111111111111011110111100110
00011100001000000000011111001111
00011000000000001011110111100110
10010111111111111011111111000011
00000000000000001011110000100011
10000000000000001000010000100011
01010111111111111011101000100011
11000100000100000100010000100000
10010111111111111011100000110011
00000100000000001000000000000001
00010111111111111011111111010011
11100111111111111011110111100110
00011100001000000000011111001111
10011000000000001011110111100110
00010111111111111011111111000011
10010111111111111011110000100011
11000100000000001000000000100000
00000000000000001111110000101110
11011000010000000000010000111110
11000100000000001000001000100000
11111111111111111011110000000011
00000000000000001000001000110011
00000000000000000000001000101110
00111111100000000000001000111110
01000100000000000100000000100000
11000100000000001000000000100000
10000000000000001000000000110011
00000000000000001111100000011111
00000000000000001011100000100011
00000000000000000000010000100011
01111111111111111011111000000011
00010111111111111011110000110011
00000000000000001100010000000001
11100111111111111011111111010011
01100111111111111011110111100110
11011010101000000000011111001111
01011000000000001011110111100110
11100111111111111011111111000011
00010111111111111011110000100011
01000100000000001000000000100000
10110011001100110011010000101110
01010111100000000000010000111110
11000100000000001000001000100000
00010100000000000100001000100000
00000000000000000000011000101110
10110000010000000000011000111110
11000100000110000100001000100000
00000000000000000000000100101110
10010000010000000000000100111110
01000100000010000000000000100000
11000000000000000010000000110111
10111111111111111011110000000011
01000101101010000000000000001111
11011111111111111011110000000011
00000000000000001011100000100011
01000000000000000000000000100011
01111111111111111011101000000011
11100111111111111011110000010011
01100111111111111011100100110011
10100111111111111011111000110011
00100111111111111011110000110011
11000111111111111011100000110011
00000000000000000100010000000001
01000111111111111011111111010011
10000111111111111011110111100110
10000110101000000000011111001111
11111000000000001011110111100110
01000111111111111011111111000011
11000111111111111011110000100011
01000100000000001000000000100000
00100111111111111011110000100011
11000100000000001000010000100000
00010100000000001000010000100000
10100111111111111011101000100011
11000100000100000100010000100000
01000100000100000000000000100000
01100111111111111011110000100011
11000000000000001000000000110111
10111111111111111011110000000011
10111101101010000000000000001111
11011111111111111011110000000011
10111111111111111011101000000011
11100111111111111011111000000011
00010000000000000100011000000111
00100000000000000100010000000111
00000000000000001111100000101110
11011000010000000000000000111110
01100011101010000000000000001111
00000000000000000000000000101110
00000000000000000000000000111110
10110011101010000000000000001111
00100000000000000100010000000111
00000000000000000000000000101110
00000000000000000000000000111110
10110011101010000000000000001111
00000000000000001111100000101110
11011000010000000000000000111110
11111111111111111011110000000011
10000000000000001000000000110011
00000000000000001111100000011111
01000000000000001101101000000011
10000000000000001101110000000011
00000000000000000000011000101110
00000000000000000000011000111110
00000000000000001011110000010011
11111111111111111011101000110011
01111111111111111011111000110011
10111111111111111011110000110011
01000000000000000000011000110111
11111011101010000000000000001111
00111111111111111011111111010011
11011111111111111011110111100110
00110000101000000000011111001111
10100000000000001011110111100110
00111111111111111011111111000011
01111111111111111011100000100011
10111111111111111011110000100011
01000000000000001000000000110111
00000000000000001111100000011111
11000100000100001000000000100000
11000100000000000000000000100000
11111111111111111011110000100011
11000100000100000000000000100000
00000000000000001011110000100011
00000000000000001000001000100011
10000100000000000100001000100000
00000000000000001000001000110011
10000000000000001000001000100011
10000100000000000100001000100000
10000000000000001000001000110011
01000000000000001000001000100011
10000100000000000100000000100000
01000000000000001000000000110011
00000000000000001111100000011111
00010000000000001101111000000011
11100000000000001101100100000011
01100000000000001101110100000011
10100000000000001101101100000011
00100000000000001101111100000011
11000000000000001101100010000011
01000000000000001101110010000011
10000000000000001101101010000011
00000000000000000000011010100110
10011110000000001101010000010111
00000000000100000010000100001011
00000000000000001011111011010011
11111111111111111011110000010011
01111111111111111011110000110011
10111111111111111011101010010011
00111111111111111011101000010011
11011111111111111011100000110011
01011111111111111011101100010011
10011111111111111011111000010011
00011111111111111011110100010011
11101111111111111011100100010011
01101111111111111011100010010011
10101111111111111011110010010011
00101111111111111011111010010011
11001111111111111011111100010011
00000000000000000010010000000001
01001111111111111011111111010011
10001111111111111011110111100110
00011001101000000000011111001111
11110000000000001011110111100110
01001111111111111011111111000011
11001111111111111011111011000011
01001111111111111011110000010011
10001111111111111011111111010011
00001111111111111011110111100110
00000000000000001101100111000011
00000000000000000011111111011111
00001000000000001011110111100110
10001111111111111011111111000011
00101111111111111011101000000011
01001010000000000100010000000111
10101111111111111011110000000011
00000000000000001000010000000011
01000000000000001000010000001010
01101111111111111011111000000011
00000000000000001100011000000011
10000000000110001000010000100000
11101111111111111011111000000011
10001111111111111011110000010011
00000000000000001100010000000001
00001111111111111011111111010011
11110111111111111011110111100110
01101001101000000000011111001111
10001000000000001011110111100110
00001111111111111011111111000011
10001111111111111011101000000011
01000000000000001000001000000111
11010110011010000000000000001111
00011111111111111011110000000011
00000000000000001000001000000011
00101111111111111011110000000011
10011111111111111011111011000011
00001111111111111011111111010011
11110111111111111011110111100110
00000000000000001101100111000011
00000000000000000011111111011111
10001000000000001011110111100110
00001111111111111011111111000011
00101111111111111011101000000011
01000000000000000100010000000111
11010110011010000000000000001111
01001111111111111011110000000011
00001111111111111011111111010011
11110111111111111011110111100110
01001001101000000000011111001111
10001000000000001011110111100110
00001111111111111011111111000011
00000000000000001000001000000001
01011111111111111011110000000011
00001111111111111011111111010011
11110111111111111011110111100110
11101111001000000000011111001111
10001000000000001011110111100110
00001111111111111011111111000011
11101111111111111011110000000011
00001111111111111011100000110011
11110111111111111011111111010011
01110111111111111011110111100110
01011001101000000000011111001111
01001000000000001011110111100110
11110111111111111011111111000011
11011111111111111011110000100011
11000100000000001000001000100000
00001111111111111011111000100011
11000100000110000100001000100000
01001111111111111011110000000011
11110111111111111011101000110011
01110111111111111011100000110011
10110111111111111011111111010011
00110111111111111011110111100110
01001001101000000000011111001111
00101000000000001011110111100110
10110111111111111011111111000011
00000000000000001000001000000001
00111111111111111011110000000011
10110111111111111011111111010011
00110111111111111011110111100110
11101111001000000000011111001111
00101000000000001011110111100110
10110111111111111011111111000011
01110111111111111011110000100011
11000100000100000000010000100000
11110111111111111011100000100011
01111111111111111011101000100011
10111111111111111011111011000011
10110111111111111011111111010011
00110111111111111011110111100110
00000000000000001101100111000011
00000000000000000011111111011111
00101000000000001011110111100110
10110111111111111011111111000011
00110110011010000000000000001111
11111111111111111011110000000011
11111111111111111000010000100110
11011111111111111011100000100011
01111111111111111011110000100011
00111111111111111011101000000011
00000000000000001011111011000011
00000000000000001101100111000011
00000000000000000011100000011111
00000000000000001111100000011111
00101000000000001101100100000011
11001000000000001101110100000011
01001000000000001101101100000011
10001000000000001101111100000011
00001000000000001101100010000011
11110000000000001101110010000011
01110000000000001101101010000011
10110000000000001101111010000011
00110000000000001101100110000011
11010000000000001101110110000011
01010000000000001101101110000011
10010000000000001101111110000011
00010000000000001101100001000011
11100000000000001101110001000011
01100000000000001101101001000011
10100000000000001101111001000011
00100000000000001101100101000011
11000000000000001101110101000011
01000000000000001101101101000011
10000000000000001101111101000011
00100000000000000000000011100110
11100110100000001000000011010111
00000000000000001011111011010011
11111111111111111011110000110011
01111111111111111011101100010011
10111111111111111011100011010011
00111111111111111011110100010011
11011111111111111011111110010011
01011111111111111011101010010011
10011111111111111011111101010011
00011111111111111011110010010011
11101111111111111011100110010011
01101111111111111011101110010011
10101111111111111011111100010011
00101111111111111011111000010011
11001111111111111011101001010011
01001111111111111011100100010011
10001111111111111011111001010011
00001111111111111011100010010011
11110111111111111011110101010011
01110111111111111011110110010011
10110111111111111011100101010011
00110111111111111011111010010011
11010111111111111011101101010011
01010111111111111011100000110011
10010111111111111011100001010011
00010111111111111011110000010011
11100111111111111011101000010011
01100111111111111011110001010011
00000000000000001100010000000001
10100111111111111011111111010011
00100111111111111011110111100110
01000001101000000000011111001111
00111000000000001011110111100110
10100111111111111011111111000011
11100111111111111011101000000011
01100111111111111011111011000011
10100111111111111011110000010011
00000000000000000100010000000001
00100111111111111011111111010011
11000111111111111011110111100110
00000000000000001101100111000011
00000000000000000011111111011111
10111000000000001011110111100110
00100111111111111011111111000011
00000000000000000000001000100110
01101000100000000100010000000111
10110111111111111011110000000011
00000000000000001000010000000011
01110111111111111011111000000011
00000000000100001100011000001011
00100111111111111011101000010011
11000111111111111011110000010011
01000111111111111011111000010011
00000000000000001100010000000001
10000111111111111011111111010011
00000111111111111011110111100110
01010010101000000000011111001111
00000100000000001011110111100110
10000111111111111011111111000011
01000111111111111011101000000011
10000111111111111011110000010011
00000000000000000100010000000001
00000111111111111011111111010011
11111011111111111011110111100110
00100110101000000000011111001111
10000100000000001011110111100110
00000111111111111011111111000011
01010111111111111011110000100011
11000100000100000000000000100000
01000111111111111011110000000011
11100111111111111011101000000011
11110111111111111011111011000011
00000111111111111011100000110011
11111011111111111011111111010011
01111011111111111011110111100110
00000000000000001101100111000011
00000000000000000011111111011111
01000100000000001011110111100110
11111011111111111011111111000011
00001111111111111011110000000011
10001111111111111011101000000011
11111011111111111011111111010011
01111011111111111011110111100110
11010011001000000000011111001111
01000100000000001011110111100110
11111011111111111011111111000011
01000111111111111011110000000011
10001111111111111011101000000011
01001111111111111011111011000011
11111011111111111011111111010011
01111011111111111011110111100110
00000000000000001101100111000011
00000000000000000011111111011111
01000100000000001011110111100110
11111011111111111011111111000011
11000111111111111011110000000011
01000000000000001000010000001010
11001111111111111011101000000011
00000000000000000100001000000011
10000000000010001000010000100000
00010111111111111011101000000011
10100111111111111011111000000011
00000000000010001100010000011011
00101111111111111011110000000011
11111011111111111011111111010011
01111011111111111011110111100110
00000001101000000000011111001111
01000100000000001011110111100110
11111011111111111011111111000011
00010111111111111011101000000011
00000000000010001000010000001011
10001111111111111011111000000011
00000000000000001100001000000001
11111011111111111011111111010011
01111011111111111011110111100110
11010011001000000000011111001111
01000100000000001011110111100110
11111011111111111011111111000011
00101111111111111011110000000011
11111011111111111011111111010011
01111011111111111011110111100110
00100001101000000000011111001111
01000100000000001011110111100110
11111011111111111011111111000011
00000000000000000000000000101110
00011111100000000000000000111110
01000111111111111011101000000011
11111011111111111011110000010011
01111011111111111011100000110011
00000000000000000100010000000001
10111011111111111011111111010011
00111011111111111011110111100110
00100110101000000000011111001111
00100100000000001011110111100110
10111011111111111011111111000011
01111011111111111011110000100011
11001100000000001000000000110111
10000000000000000000010000100110
00010111111111111011101000000011
11111011111111111011111000000011
00000000000010001100010000011011
00101111111111111011110000000011
10111011111111111011111111010011
00111011111111111011110111100110
01100001101000000000011111001111
00100100000000001011110111100110
10111011111111111011111111000011
00010111111111111011101000000011
00000000000010001000011000001011
10101111111111111011100100000011
10111011111111111011110000010011
00000000000000000010001000000001
00000000000000001100010000000001
00111011111111111011111111010011
11011011111111111011110111100110
11010011001000000000011111001111
10100100000000001011110111100110
00111011111111111011111111000011
00010111111111111011110000000011
10111011111111111011101000000011
00000000000100000100001000001011
00000000000000000000000000101110
00111011100000000000000000111110
00000111111111111011110000100011
11000100000100000000000000100000
00000000000000000100010000000001
00111011111111111011111111010011
11011011111111111011110111100110
10010100101000000000011111001111
10100100000000001011110111100110
00111011111111111011111111000011
00101111111111111011110000000011
00111011111111111011111111010011
11011011111111111011110111100110
00001001101000000000011111001111
10100100000000001011110111100110
00111011111111111011111111000011
00010111111111111011101000000011
00000000000010001000010000001011
01101111111111111011111000000011
00000000000000001100001000000001
00111011111111111011111111010011
11011011111111111011110111100110
11010011001000000000011111001111
10100100000000001011110111100110
00111011111111111011111111000011
10010010111010000000000000001111
00010111111111111011110000000011
11111011111111111011101000000011
00100111111111111011111000000011
00000000000100000100011000011011
00000000000000000000000000101110
00000000011000000000000000111110
11100111111111111011110000000011
01101111111111111011101000000011
00111011111111111011100000110011
11011011111111111011111111010011
01011011111111111011110111100110
11101111001000000000011111001111
01100100000000001011110111100110
11011011111111111011111111000011
00111011111111111011110000100011
11000100000000001000000000100000
11100111111111111011110000000011
01101111111111111011101000000011
11011011111111111011111111010011
01011011111111111011110111100110
00110000101000000000011111001111
01100100000000001011110111100110
11011011111111111011111111000011
01000111111111111011110000000011
11011011111111111011111111010011
01011011111111111011110111100110
11100110101000000000011111001111
01100100000000001011110111100110
11011011111111111011111111000011
01010111111111111011110000100011
11000100000100000000000000100000
11101111111111111011110000000011
00000000000000001000001000000011
00100111111111111011110000000011
00011111111111111011111011000011
11011011111111111011100000110011
01011011111111111011111111010011
10011011111111111011110111100110
00000000000000001101100111000011
00000000000000000011111111011111
11100100000000001011110111100110
01011011111111111011111111000011
00100111111111111011101000000011
01000000000000000100010000000111
01110001111010000000000000001111
01101111111111111011110000000011
10010111111111111011101000000011
01011011111111111011111111010011
10011011111111111011110111100110
11101111001000000000011111001111
11100100000000001011110111100110
01011011111111111011111111000011
01110100000000000000000000100000
00000111111111111011110000100011
11000100000100000000000000100000
11100111111111111011110000000011
10010111111111111011101000000011
01011011111111111011100000110011
10011011111111111011111111010011
00011011111111111011110111100110
11101111001000000000011111001111
00010100000000001011110111100110
10011011111111111011111111000011
01110100000000000000010000100000
01011011111111111011100000100011
11011011111111111011101000100011
10011111111111111011111011000011
10011011111111111011111111010011
00011011111111111011110111100110
00000000000000001101100111000011
00000000000000000011111111011111
00010100000000001011110111100110
10011011111111111011111111000011
10001111111111111011110000000011
01011111111111111011111011000011
10011011111111111011111111010011
00011011111111111011110111100110
00000000000000001101100111000011
00000000000000000011111111011111
00010100000000001011110111100110
10011011111111111011111111000011
11011111111111111011110000000011
00000000000000001000010000000011
11111111111111111000010000100110
00000111111111111011100000100011
11011011111111111011110000100011
11100111111111111011101000000011
00111111111111111011111011000011
10011011111111111011111111010011
00011011111111111011110111100110
00000000000000001101100111000011
00000000000000000011111111011111
00010100000000001011110111100110
10011011111111111011111111000011
10110011001100110011000000101110
01110111100000000000000000111110
01010111111111111011110000100011
01000000000000001000000000110111
00000000000000001111100000011111
00010111111111111011110000000011
10111111111111111011101000000011
01000000000000000100010000010111
00001101111010000000000000001111
10000000000000001000001000100110
11111111111111110000011000100110
10100111111111111011100100000011
00000000000010000010011000011011
01000000000000000000001000100110
10000111111111111011111000000011
01000000000000000100011000000111
00000000000000001111100000011111
00000000000000000000000000101110
00111111100000000000000000111110
01000111111111111011101000000011
10011011111111111011100000110011
00000000000000000100010000000001
00011011111111111011111111010011
11101011111111111011110111100110
00100110101000000000011111001111
10010100000000001011110111100110
00011011111111111011111111000011
10011011111111111011110000100011
01000100000000001000000000100000
01010111111111111011110000100011
11000100000100000000000000100000
00010111111111111011110000000011
10000000000000001000010000100110
01111111111111111011110000100011
00000000000000001000010000100011
11111111111111111011101000100011
10000100000010001000010000100000
11100111111111111011101000000011
00101111111111111011111000000011
00000000000000001011111011000011
00000000000000001101100111000011
00000000000000000011100000011111
11111111111111110000010000100110
00010111111111111011111000000011
10100111111111111011100100000011
00000000000110000010010000011011
11111000000000000100011000000111
11100111111111111011110000000011
10010111111111111011101000000011
00011011111111111011111111010011
11101011111111111011110111100110
11101111001000000000011111001111
10010100000000001011110111100110
00011011111111111011111111000011
01110100000000000000000000100000
00000000000000000000010000101110
00000000000000000000010000111110
01000000000000000000010000110111
00000000000000001111100000011111
11000100000000000000010000100000
11000100000000001000000000100000
01010111111111111011110000100011
11000100000100000000000000100000
11010111111111111011110000100011
00000000000000001000010000100011
11000100000100000000000000100000
00110111111111111011110000100011
00000000000000001000001000100011
10000100000000000100001000100000
00000000000000001000001000110011
10000000000000001000001000100011
10000100000000000100001000100000
10000000000000001000001000110011
01000000000000001000001000100011
10000100000000000100000000100000
01000000000000001000000000110011
00000000000000001111100000011111
00000000000000001111100000011111
00000000000000001111100000011111
00110000000000001101101000000011
11010000000000001101111000000011
01010000000000001101100100000011
10010000000000001101110100000011
00010000000000001101101100000011
11100000000000001101111100000011
01100000000000001101100010000011
10100000000000001101110010000011
00100000000000001101101010000011
11000000000000001101111010000011
01000000000000001101100110000011
10000000000000001101110110000011
00000000000000001011111000010011
11111111111111111011110110010011
01111111111111111011100000110011
10111111111111111011100010010011
00111111111111111011111100010011
11011111111111111011100100010011
01011111111111111011110100010011
10011111111111111011101010010011
00011111111111111011101000010011
11101111111111111011100110010011
01101111111111111011110000010011
10101111111111111011101100010011
00101111111111111011111010010011
00000000000000001001011011000001
11001111111111111011111111010011
01001111111111111011110111100110
00000000000000001101100111000011
00000000000000000011111111011111
01110000000000001011110111100110
11001111111111111011111111000011
00000000000000000000001000100110
00010010000000000100010000000111
00101111111111111011110000000011
00000000000000001000010000000011
10101111111111111011111000000011
00000000000100001100010000001011
01101111111111111011111000000011
11001111111111111011101000010011
01001111111111111011110000010011
00000000000000001100010000000001
10001111111111111011111111010011
00001111111111111011110111100110
01001001101000000000011111001111
00001000000000001011110111100110
10001111111111111011111111000011
00000000000000001000001000000001
01001111111111111011110000000011
11101111111111111011111011000011
10001111111111111011111111010011
00001111111111111011110111100110
00000000000000001101100111000011
00000000000000000011111111011111
00001000000000001011110111100110
10001111111111111011111111000011
01001111111111111011110000000011
10011111111111111011101000000011
00011111111111111011111011000011
10001111111111111011111111010011
00001111111111111011110111100110
00000000000000001101100111000011
00000000000000000011111111011111
00001000000000001011110111100110
10001111111111111011111111000011
01011111111111111011110000000011
00000000000000001000001000000011
11001111111111111011110000000011
11011111111111111011111011000011
10001111111111111011111111010011
00001111111111111011110111100110
00000000000000001101100111000011
00000000000000000011111111011111
00001000000000001011110111100110
10001111111111111011111111000011
11001111111111111011101000000011
01000000000000000100010000000111
00000000000000001111100000011111
00111111111111111011110000000011
10111111111111111011101000000011
10001111111111111011111111010011
00001111111111111011110111100110
11101111001000000000011111001111
00001000000000001011110111100110
10001111111111111011111111000011
01110100000000000000000000100000
00000000000000000000010000101110
00000000000000000000010000111110
11000000000000000000010000110111
00000100000000001000000000000001
10110010000110000000000000001111
01111111111111111011110000100011
11000100000100000000000000100000
01001111111111111011110000000011
10001111111111111011100000110011
00001111111111111011111111010011
11110111111111111011110111100110
00100110101000000000011111001111
10001000000000001011110111100110
00001111111111111011111111000011
10001111111111111011110000100011
11000100000000001000000000100000
11111111111111111011110000000011
00000000000000001011101000000011
00110000101000000000000000001111
00000000000000001111100000011111
10000000000000001101110100000011
00000000000000000000001100100110
10111100000000000110000100010111
00000000000001001000001100001011
00000000000000001011111000010011
11111111111111111011111011010011
01111111111111111011110100010011
10111111111111111011100100010011
00111111111111111011110000010011
11011111111111111011101000010011
00000000000000000110010000000001
01011111111111111011111111010011
10011111111111111011110111100110
01001001101000000000011111001111
11100000000000001011110111100110
01011111111111111011111111000011
11011111111111111011101000000011
01011111111111111011111111010011
10011111111111111011110111100110
11101111001000000000011111001111
11100000000000001011110111100110
01011111111111111011111111000011
00000000000000000000010000101110
00000000000000000000010000111110
00001000000000001000000000110111
10111111111111111011110000000011
00111111111111111011101000000011
00000000000100000100011000001011
00000000000000000110110000101110
00011000010000000000010000111110
10100100000100000000000000100000
01111111111111111011111011000011
00000000000000001100010000000001
01011111111111111011111111010011
10011111111111111011110111100110
00000000000000001101100111000011
00000000000000000011111111011111
11100000000000001011110111100110
01011111111111111011111111000011
11001001000110000000000000001111
10111111111111111011110000000011
10000000000000001000001000100110
00111111111111111011111000000011
00000000000010001100001000001011
00000000000000000110110000101110
00011000011000000000010000111110
10100100000100000000000000100000
01111111111111111011111011000011
00000000000000000100010000000001
01011111111111111011111111010011
10011111111111111011110111100110
00000000000000001101100111000011
00000000000000000011111111011111
11100000000000001011110111100110
01011111111111111011111111000011
10111111111111111011110000000011
01111111111111111000000100100110
00111111111111111011110000000011
11011111111111111011101000000011
00000000000000001011111000000011
11111111111111111011111011000011
00000000000000001101100111000011
00000000000000000011100000011111
00000000000000001111100000011111
01000000000000001101100100000011
10000000000000001101110100000011
00000000000000001011111000010011
11111111111111111011101000010011
01111111111111111011110000010011
10111111111111111011110100010011
00000000000000001100010000000001
00000000000000000010011011000001
00111111111111111011111111010011
11011111111111111011110111100110
00000000000000001101100111000011
00000000000000000011111111011111
10100000000000001011110111100110
00111111111111111011111111000011
01101110000000000000000100100110
01111111111111111011110000000011
11111111111111111011101000000011
00000000000000001011111000000011
10111111111111111011111011000011
00000000000000001101100111000011
00000000000000000011100000011111
01000000000000001101100100000011
10000000000000001101110100000011
00000000000000000000001100100110
00000000000000001011111000010011
11111111111111111011101000010011
01111111111111111011100100010011
10111111111111111011110100010011
00111111111111111011110000010011
11010000000000000110010000000111
00000000000000001010001100000011
00000000000000000110010000000001
00000000000000000010011011000001
11011111111111111011111111010011
01011111111111111011110111100110
00000000000000001101100111000011
00000000000000000011111111011111
01100000000000001011110111100110
11011111111111111011111111000011
00100011000110000000000000001111
10000000000000000000010000100110
00111111111111111011101000000011
00001000000000001000001000000111
10111111111111111011110000000011
10000000000000001000011000000011
11111111111111111011100100000011
00000000000000001011110100000011
01111111111111111011111011000011
00000000000000000010001000000001
00000000000000001100010000000001
00000000000000001010011000000001
11011111111111111011111111010011
01011111111111111011110111100110
00000000000000001101100111000011
00000000000000000011111111011111
01100000000000001011110111100110
11011111111111111011111111000011
01101011000110000000000000001111
01000000000000000000010000100110
00111111111111111011101000000011
00001000000000001000001000000111
10111111111111111011110000000011
01000000000000001000011000000011
11111111111111111011100100000011
00000000000000001011110100000011
01111111111111111011111011000011
00000000000000000010001000000001
00000000000000001100010000000001
00000000000000001010011000000001
11011111111111111011111111010011
01011111111111111011110111100110
00000000000000001101100111000011
00000000000000000011111111011111
01100000000000001011110111100110
11011111111111111011111111000011
00010111000110000000000000001111
11000000000000000000010000100110
00111111111111111011101000000011
00001000000000001000001000000111
10111111111111111011110000000011
11000000000000001000011000000011
11111111111111111011100100000011
00000000000000001011110100000011
01111111111111111011111011000011
00000000000000000010001000000001
00000000000000001100010000000001
00000000000000001010011000000001
11011111111111111011111111010011
01011111111111111011110111100110
00000000000000001101100111000011
00000000000000000011111111011111
01100000000000001011110111100110
11011111111111111011111111000011
01011111000110000000000000001111
00100000000000000000010000100110
00111111111111111011101000000011
00010000000000001000001000000111
10111111111111111011110000000011
00100000000000001000010000000011
11111111111111111011101000000011
00000000000000001011111000000011
01111111111111111011111011000011
00000000000000001101100111000011
00000000000000000011100000011111
00000000000000001111100000011111
11000000000000001101111000000011
01000000000000001101100100000011
10000000000000001101110100000011
00000000000000001011100100010011
11111111111111111011111000010011
01111111111111111011110100010011
10111111111111111011101000010011
00111111111111111011110000010011
11011111111111111011111111010011
01011111111111111011110111100110
00010001101000000000011111001111
01100000000000001011110111100110
11011111111111111011111111000011
00111111111111111011101000000011
11011111111111111011110000010011
00000000000000000100010000000001
01011111111111111011111111010011
10011111111111111011110111100110
00001001101000000000011111001111
11100000000000001011110111100110
01011111111111111011111111000011
00111111111111111011101000000011
01011111111111111011110000010011
00000000000000000100010000000001
10011111111111111011111111010011
00011111111111111011110111100110
00000001101000000000011111001111
00010000000000001011110111100110
10011111111111111011111111000011
00111111111111111011101000000011
10011111111111111011110000010011
00000000000000000100010000000001
00011111111111111011111111010011
11101111111111111011110111100110
01100001101000000000011111001111
10010000000000001011110111100110
00011111111111111011111111000011
10111111111111111011101000000011
11011111111111111011111000000011
00000000000010001100011000001011
01111111111111111011100100000011
00011111111111111011110000010011
00000000000000001100001000000001
00000000000000000010010000000001
11101111111111111011111111010011
01101111111111111011110111100110
11010011001000000000011111001111
01010000000000001011110111100110
11101111111111111011111111000011
00111111111111111011110000000011
11101111111111111011111111010011
01101111111111111011110111100110
01010001101000000000011111001111
01010000000000001011110111100110
11101111111111111011111111000011
10111111111111111011101000000011
01011111111111111011111000000011
00000000000010001100011000001011
10011111111111111011100100000011
00000000000010000010000100001011
11111111111111111011111011000011
00000000000000001100001000000001
00000000000000000010011000000001
11101111111111111011111111010011
01101111111111111011110111100110
00000000000000001101100111000011
00000000000000000011111111011111
01010000000000001011110111100110
11101111111111111011111111000011
10111111111111111011110000000011
00011111111111111011101000000011
00000000000100000100001000001011
00000000000000001011110000000011
01111111111111111011111000000011
11001100101000000000000000001111
01000000000000001101101100000011
10000000000000001101111100000011
00000000000100000100001000001011
00000000000000001011101100010011
11111111111111111011111100010011
01111111111111111011110100010011
10111111111111111011100100010011
00111111111111111011111000010011
11011111111111111011110000010011
00000000000000000100010000000001
01011111111111111011111111010011
10011111111111111011110111100110
00010001101000000000011111001111
11100000000000001011110111100110
01011111111111111011111111000011
11011111111111111011101000000011
11111111111111110100011000100110
00111111111111111011100100000011
00000000000110000010011000001011
01011111111111111011110000010011
00000000000000001100010000000001
10011111111111111011111111010011
00011111111111111011110111100110
00010001101000000000011111001111
00010000000000001011110111100110
10011111111111111011111111000011
11011111111111111011101000000011
00111111111111111011111000000011
00000000000010001100000100001011
10011111111111111011110000010011
00000000000000000010010000000001
00011111111111111011111111010011
11101111111111111011110111100110
00010001101000000000011111001111
10010000000000001011110111100110
00011111111111111011111111000011
11011111111111111011101000000011
10000000000000000100011000100110
00111111111111111011100100000011
00000000000110000010011000001011
00011111111111111011110000010011
00000000000000001100010000000001
11101111111111111011111111010011
01101111111111111011110111100110
00010001101000000000011111001111
01010000000000001011110111100110
11101111111111111011111111000011
11011111111111111011101000000011
10111111111111111011111000000011
00000000000010001100011000001011
11101111111111111011110000010011
00000000000000001100010000000001
01101111111111111011111111010011
10101111111111111011110111100110
00010001101000000000011111001111
11010000000000001011110111100110
01101111111111111011111111000011
01111111111111111011101000000011
01011111111111111011111000000011
00000000000010001100011000001011
11111111111111111011100100000011
01101111111111111011110000010011
00000000000000001100001000000001
00000000000000000010010000000001
10101111111111111011111111010011
00101111111111111011110111100110
11010011001000000000011111001111
00110000000000001011110111100110
10101111111111111011111111000011
01111111111111111011110000000011
10011111111111111011101000000011
00000000000100000100001000001011
11111111111111111011111000000011
00000000000000001100010000000001
10101111111111111011111111010011
00101111111111111011110111100110
00111000101000000000011111001111
00110000000000001011110111100110
10101111111111111011111111000011
01111111111111111011110000000011
00011111111111111011101000000011
00000000000100000100001000001011
11111111111111111011111000000011
00000000000000001100010000000001
10101111111111111011111111010011
00101111111111111011110111100110
00111000101000000000011111001111
00110000000000001011110111100110
10101111111111111011111111000011
01111111111111111011110000000011
11101111111111111011101000000011
00000000000100000100001000001011
11111111111111111011111000000011
00000000000000001100010000000001
10101111111111111011111111010011
00101111111111111011110111100110
00111000101000000000011111001111
00110000000000001011110111100110
10101111111111111011111111000011
01111111111111111011110000000011
01101111111111111011101000000011
00000000000100000100001000001011
11111111111111111011111000000011
00000000000000001100010000000001
10101111111111111011111111010011
00101111111111111011110111100110
00111000101000000000011111001111
00110000000000001011110111100110
10101111111111111011111111000011
11011111111111111011110000000011
00111111111111111011101000000011
00000000000100000100010000001011
10101111111111111011111111010011
00101111111111111011110111100110
01100001101000000000011111001111
00110000000000001011110111100110
10101111111111111011111111000011
01111111111111111011101000000011
00000000000010001000001000001011
00000000000000001011110000000011
11111111111111111011111000000011
11001100101000000000000000001111
10000000000000001101111000000011
00100000000000000000000100100110
10010100000000000100000100010111
00000000000000001011111011010011
11111111111111111011111000010011
01111111111111111011110000010011
10111111111111111011101000010011
00111111111111111011111111010011
11011111111111111011110111100110
01000001101000000000011111001111
10100000000000001011110111100110
00111111111111111011111111000011
00000000000000000000001000100110
10111111111111111011111000000011
00000000000110001000010000001011
11011000000000000100010000010111
01111111111111111011110000000011
00111111111111111011101000010011
11011111111111111011111111010011
01011111111111111011110111100110
00100001101000000000011111001111
01100000000000001011110111100110
11011111111111111011111111000011
10111111111111111011101000000011
00000000000010001000010000001011
00111111111111111011111000000011
01010000000000001100010000000111
01111111111111111011110000000011
11111111111111111011111011000011
11011111111111111011111111010011
01011111111111111011110111100110
00000000000000001101100111000011
00000000000000000011111111011111
01100000000000001011110111100110
11011111111111111011111111000011
01110111100110000000000000001111
10111111111111111011110000000011
10000000000000001000001000100110
01111111111111111011110000000011
00000000000000001011111011000011
00000000000000001101100111000011
00000000000000000011100000011111
00000000000000001111100000011111
00000000000000001111100000011111
10000000000000001101111000000011
10000000000000000000000100100110
10000000000000001100010100000011
10000000000000000100001100100110
11000000000000001010001100010111
00000000000000000000010000100110
00000000000000001111100000011111
00000000000000000000010100100110
11000000000000000100010100010111
00000000000000001010010000000001
00000000000000001111100000011111
00000000000000001100001000000011
10000000000000001000011000100110
11000000000000000100011000010111
00000000000000001010010000000001
00000000000000001111100000011111
11000000000000001000010100010111
00000000000000001010010000000001
00000000000000001111100000011111
00000000000000000010010000000001
00000000000000001111100000011111
00000000000000001011101000010011
11111111111111111011111111010011
01111111111111111011110111100110
01000001101000000000011111001111
01000000000000001011110111100110
11111111111111111011111111000011
00000000000000001011101000000011
00000000000010001000010000001011
00000000000000001111100000011111
00000000000100001100001100001011
00000000000000001011111000010011
11111111111111111011100100010011
01111111111111111011110100010011
10111111111111111011110000010011
00111111111111111011101000010011
00000000000000001010001000000001
00000000000000000110010000000001
11011111111111111011111111010011
01011111111111111011110111100110
11010000010110000000011111001111
01100000000000001011110111100110
11011111111111111011111111000011
10111111111111111011101000000011
00111111111111111011111000000011
00000000000010001100011000001011
01111111111111111011100100000011
11011111111111111011110000010011
00000000000000000010001000000001
00000000000000001100010000000001
01011111111111111011111111010011
10011111111111111011110111100110
11010000010110000000011111001111
11100000000000001011110111100110
01011111111111111011111111000011
11011111111111111011101000000011
11000000000000000100010000000111
00000000000000000000010000100110
00000000000000001111100000011111
10111111111111111011110000000011
11111111111111111011111000000011
00000000000100001100011000001011
01111111111111111011100100000011
00000000000000000010001000000001
00000000000000001100010000000001
01011111111111111011111111010011
10011111111111111011110111100110
11010000010110000000011111001111
11100000000000001011110111100110
01011111111111111011111111000011
11011111111111111011101000000011
11000000000000000100010000000111
00000000000000000000010000100110
00000000000000001111100000011111
10000000000000000000010000100110
10111111111111111011111000000011
11111111111111111100000100100110
00000000000000001011110100000011
00000000000001001010000100001011
01111111111111111011101100000011
01011111111111111011110000010011
00000000000000000110001000000001
00000000000000000010010000000001
10011111111111111011111111010011
00011111111111111011110111100110
11010000010110000000011111001111
00010000000000001011110111100110
10011111111111111011111111000011
11011111111111111011101000000011
11000000000000000100010000000111
00000000000000000000010000100110
00000000000000001111100000011111
10111111111111111011110000000011
10000000000000001000010000100110
00000000000000001011111000000011
00000000000100001100010000001011
01111111111111111011111000000011
00000000000000001100001000000001
10011111111111111011111111010011
00011111111111111011110111100110
11010000010110000000011111001111
00010000000000001011110111100110
10011111111111111011111111000011
11011111111111111011101000000011
11000000000000000100010000000111
00000000000000000000010000100110
00000000000000001111100000011111
01011111111111111011110000000011
00000000000000001111100000011111
01000000000000001101111100000011
10000000000000001101100010000011
00000000000100000010010010001011
00100000000000000000001010100110
01110010000000000110001010010111
00000000000000000000001010100110
00000000000000001011101000010011
11111111111111111011111011010011
01111111111111111011100010010011
10111111111111111011110010010011
00111111111111111011111100010011
11011111111111111011101100010011
01011111111111111011110100010011
10011111111111111011100100010011
00011111111111111011111000010011
11101111111111111011110000010011
01101111111111111011101010010011
00000000000000000110001000000001
00000000000000001001010000000001
10101111111111111011111111010011
00101111111111111011110111100110
11010000010110000000011111001111
00110000000000001011110111100110
10101111111111111011111111000011
01101111111111111011101000000011
00011100000000000100010000010111
11101111111111111011110000000011
00011111111111111011111000000011
10011111111111111011100100000011
01011111111111111011110100000011
11011111111111111011101100000011
00000000000000001100001000000001
00000000000000000010011000000001
00000000000000001010000100000001
00000000000000000110010100000001
10101111111111111011111111010011
00101111111111111011110111100110
00101000010110000000011111001111
00110000000000001011110111100110
10101111111111111011111111000011
01101111111111111011101000000011
10000100000000000100010000000111
10111111111111111011110000000011
10101111111111111011111111010011
00101111111111111011110111100110
00100001101000000000011111001111
00110000000000001011110111100110
10101111111111111011111111000011
11011111111111111011110100000011
00000000000101001000010000001011
01101111111111111011101000000011
10110000000000000100010000000111
11101111111111111011110000000011
00011111111111111011101000000011
10011111111111111011111000000011
01011111111111111011100100000011
01111111111111111011111011000011
10101111111111111011111111010011
00101111111111111011110111100110
00000000000000001101100111000011
00000000000000000011111111011111
00110000000000001011110111100110
10101111111111111011111111000011
11000101010110000000000000001111
11011111111111111011110000000011
10000000000000001000001100100110
11101111111111111011110000000011
00000000000000001011101000000011
00011111111111111011111000000011
10011111111111111011100100000011
01011111111111111011110100000011
11111111111111111011111011000011
00000000000000001101100111000011
00000000000000000011100000011111
11101111111111111011110000000011
10011111111111111011101000000011
00000000000100000100010000001011
11011111111111111011101000000011
00111111111111111011111011000011
00000000000000001101100111000011
00000000000000000011100000011111
00000000000000001111100000011111
00000000000000001111100000011111
10000000000000001101101000000011
11111111111111110000011000100110
00001010000000000000000100100110
00000000000000001100000100010011
00001100000000001000010000100110
00000000000000001100010000010011
01010000000000000000010000100110
00000000000000001100010000010011
01111111111111110000000100100110
00000000000000000100010100000011
00000000000000000010010100010011
00000100000000000000010100100110
00000000000000001100010100010011
10000000000000000100001000000011
00000000000000000010001000010011
00000000000000001100010100010011
11111111000000000000001000100110
00000000000000000010001000010011
00000000000000001100010000010011
00000000000000001111100000011111
10010000000000000000010000010000
11111111000000000000001000100110
01100000000000001000001000010111
00000000000000000000001000100110
01000000000000000100010000010111
10001011010110000000000000001111
00000000000000000100010000000001
11001011010110000000000000001111
00000000000000000100010000000001
01111111111111110000001000100110
00000000000000000100010000010011
00000000000000001111100000011111
10010000000000000000010000010000
11111111000000000000001000100110
01100000000000001000001000010111
00000000000000000000001000100110
01000000000000000100010000010111
10111011010110000000000000001111
00000000000000000100010000000001
11111011010110000000000000001111
00000000000000000100010000000001
11111111111111110000001000100110
00000000000000000100010000010011
00000000000000001111100000011111
10000000000000001101101000000011
11000000000000000000011000100110
11001000000000001100010000000111
00000000000000000100000000100011
00000000000000001011101000010011
11111111111111111011111111010011
01111111111111111011110111100110
01101011010110000000011111001111
01000000000000001011110111100110
11111111111111111011111111000011
00000000000000001011100000100011
10000000000000000000010000100011
00000100000000001000000000000001
11111111111111111011111111010011
01111111111111111011110111100110
01101011010110000000011111001111
01000000000000001011110111100110
11111111111111111011111111000011
00000000000000001011100000100011
01000000000000000000000000100011
01101011010110000000000000001111
00000000000000000100000000100011
00000000000000001011101000010011
11111111111111111011111111010011
01111111111111111011110111100110
01010011010110000000011111001111
01000000000000001011110111100110
11111111111111111011111111000011
11111111111111110000010000100110
00000100000000000000001000100110
00000000000000001000001000010011
00000000000000001011100000100011
10000000000000000000010000100011
11111111111111111011110000010011
01111111111111111011101000010011
00000100000000001000000000000001
10111111111111111011111111010011
00111111111111111011110111100110
01010011010110000000011111001111
00100000000000001011110111100110
10111111111111111011111111000011
11111111111111111011110000000011
01111111111111111011101000000011
00000000000000001000001000010011
00000000000000001011100000100011
01000000000000000000000000100011
10111111111111111011111111010011
00111111111111111011110111100110
01010011010110000000011111001111
00100000000000001011110111100110
10111111111111111011111111000011
01010000000000000000010000100110
11111111111111111011101000000011
00000000000000000100010000010011
00000000000000001111100000011111
11000000000000001101111000000011
01000000000000001101100100000011
10000000000000001101110100000011
00100000000000000000001100100110
10111010000000000100001100010111
00000000000000001011111011010011
11111111111111111011111000010011
01111111111111111011100100010011
10111111111111111011110100010011
00111111111111111011101000010011
11011111111111111011110000010011
01011111111111111011111111010011
10011111111111111011110111100110
11010000010110000000011111001111
11100000000000001011110111100110
01011111111111111011111111000011
00000000000000000000001000100110
11110010000000000100010000010111
11011111111111111011110000000011
01011111111111111011101000010011
10011111111111111011111111010011
00011111111111111011110111100110
00100001101000000000011111001111
00010000000000001011110111100110
10011111111111111011111111000011
00111111111111111011101000000011
00000000000010001000010000001011
01011111111111111011111000000011
01111100000000001100010000000111
11011111111111111011110000000011
10011111111111111011111111010011
00011111111111111011110111100110
01010001101000000000011111001111
00010000000000001011110111100110
10011111111111111011111111000011
10111111111111111011101000000011
10011111111111111011110000010011
00000000000000000100010000000001
00011111111111111011111111010011
11101111111111111011110111100110
00010011001000000000011111001111
10010000000000001011110111100110
00011111111111111011111111000011
11011111111111111011110000000011
00011111111111111011111111010011
11101111111111111011110111100110
00001001101000000000011111001111
10010000000000001011110111100110
00011111111111111011111111000011
11011111111111111011101000000011
00011111111111111011110000010011
00000000000000000100010000000001
11101111111111111011111111010011
01101111111111111011110111100110
00000001101000000000011111001111
01010000000000001011110111100110
11101111111111111011111111000011
10011111111111111011101000000011
01111111111111111011111000000011
00000000000010001100001000001011
00111111111111111011111000000011
00011111111111111011100100000011
00000000000110000010000100001011
00000000000110001000010000001011
11111111111111111011111011000011
00000000000000001000011000000001
00000000000000000100010000000001
00000000000000000010001000000001
11101111111111111011111111010011
01101111111111111011110111100110
00000000000000001101100111000011
00000000000000000011111111011111
01010000000000001011110111100110
11101111111111111011111111000011
11011111111111111011110000000011
11101111111111111011111111010011
01101111111111111011110111100110
00010001101000000000011111001111
01010000000000001011110111100110
11101111111111111011111111000011
00111111111111111011101000000011
00000000000010001000010000001011
10111111111111111011111000000011
00000000000000001100001000000001
11101111111111111011111111010011
01101111111111111011110111100110
11010011001000000000011111001111
01010000000000001011110111100110
11101111111111111011111111000011
11001110110110000000000000001111
00111111111111111011110000000011
10000000000000001000001000100110
11011111111111111011110000000011
00000000000000001011111011000011
00000000000000001101100111000011
00000000000000000011100000011111
00000000000000001111100000011111
00000000000000001111100000011111
10010000000000001101100100000011
00010000000000001101110100000011
11100000000000001101101100000011
01100000000000001101111100000011
10100000000000001101100010000011
00100000000000001101110010000011
11000000000000001101101010000011
01000000000000001101111010000011
10000000000000001101100110000011
00000000000000000000010110100110
00100001000000001011001000010111
00000000000000000001011000100011
00000000000000000011000010000011
01000000000000100100000010100000
01010000000000000001000100010000
11000100000001001100011000100000
00000000000000001110000100100011
11000100000110000010000100100000
10000100000000000010000100100000
00000000000000000101000100110011
10000000000000000000000010100110
10000000000000001110000100100011
11000100000110000010000100100000
10000100000100000010000100100000
10000000000000000101000100110011
01000000000000001110000100100011
11000100000110000010011000100000
10000100000010001100011000100000
01000000000000000101011000110011
00000000000000001011101000110011
11111111111111111011110000110011
01111111111111111011100000110011
10111111111111111011111011010011
00111111111111111011100010010011
11011111111111111011111010010011
01011111111111111011111000010011
10011111111111111011101010010011
00011111111111111011110110010011
11101111111111111011110100010011
01101111111111111011101000010011
10101111111111111011110000010011
00101111111111111011100100010011
11001111111111111011101100010011
01001111111111111011110010010011
00000000000000001011001000000001
00000000000000000101010000000001
10001111111111111011111111010011
00001111111111111011110111100110
01001011001000000000011111001111
00001000000000001011110111100110
10001111111111111011111111000011
01001111111111111011110000000011
10001111111111111011111111010011
00001111111111111011110111100110
00010011001000000000011111001111
00001000000000001011110111100110
10001111111111111011111111000011
11001111111111111011110000000011
00101111111111111011101000000011
10001111111111111011111111010011
00001111111111111011110111100110
11010011001000000000011111001111
00001000000000001011110111100110
10001111111111111011111111000011
00000000000000000000000000101110
00111111100000000000000000111110
01101111111111111011110000000011
10101111111111111011101000000011
00000000000100000100011000001011
00000000000000000000010000101110
00000000000000000000010000111110
00011111111111111011100100000011
10011111111111111011110100000011
11101111111111111011111011000011
00000000000000001010001000000001
00000000000000000010010000000001
10001111111111111011111111010011
00001111111111111011110111100110
00000000000000001101100111000011
00000000000000000011111111011111
00001000000000001011110111100110
10001111111111111011111111000011
01101111111111111011110000000011
10101111111111111011101000000011
00000000000100000100011000001011
00000000000000001100010000000001
10001111111111111011111111010011
00001111111111111011110111100110
01111110101000000000011111001111
00001000000000001011110111100110
10001111111111111011111111000011
01001111111111111011101000000011
10001111111111111011111111010011
00001111111111111011110111100110
11010011001000000000011111001111
00001000000000001011110111100110
10001111111111111011111111000011
01101111111111111011110000000011
10101111111111111011101000000011
00000000000100000100011000001011
01011111111111111011100100000011
00000000000000000010001000000001
00000000000000001100010000000001
10001111111111111011111111010011
00001111111111111011110111100110
10110001101000000000011111001111
00001000000000001011110111100110
10001111111111111011111111000011
01101111111111111011110000000011
10101111111111111011101000000011
00000000000100000100011000001011
00011111111111111011100100000011
11011111111111111011111011000011
00000000000000000010001000000001
00000000000000001100010000000001
10001111111111111011111111010011
00001111111111111011110111100110
00000000000000001101100111000011
00000000000000000011111111011111
00001000000000001011110111100110
10001111111111111011111111000011
01101111111111111011110000000011
11111111111111111000010000100110
01011111111111111011101000000011
00111111111111111011111000000011
10001111111111111011110000010011
00000000000000000100010000000001
00000000000000001100001000000001
00001111111111111011111111010011
11110111111111111011110111100110
01011101001000000000011111001111
10001000000000001011110111100110
00001111111111111011111111000011
00000000000000001000011000000001
01111111111111111011100000100011
11111111111111111011110000100011
00000000000000001011101000100011
10101111111111111011110000000011
10001111111111111011101000000011
10111111111111111011111011000011
00000000000000001101100111000011
00000000000000000011100000011111
00000000000000001111100000011111
01100000000000001101100100000011
10100000000000001101110100000011
00100000000000001101101100000011
11000000000000001101111100000011
01000000000000001101100010000011
10000000000000001101110010000011
00000000000000000110000000100011
10000000000000001001001100000011
01000000000011000100001000100000
01010000000000000100010000010000
11000100000100000000000000100000
00000000000000001010010000100011
11000100000000001000010000100000
00000000000000000010001000100011
10000100000010001000010000100000
10000000000000001010001000100011
11000100000000000100001000100000
10000000000000000010011000100011
10000100000110000100001000100000
01000000000000001010011000100011
11000100000000001100000000100000
01000000000000000010011000100011
10000100000110000000000000100000
00000000000000000001001000000011
11111111111111110100001000100110
00000000000000001110011011000001
00000100000000000100011111000001
00000100000000000000001000000001
00000100000000001000000000000001
00000100000000001111110000000001
00000000000000001101100111000011
00000000000000000011100000011111
01100000000000001101111100000011
10100000000000001101100010000011
00100000000000001101110010000011
11000000000000001101101010000011
01000000000000001101111010000011
10000000000000001101100110000011
00000000000000000000010110100110
00000000000000001101011010000011
01000000000000001101010000010111
00000000000000001111100000011111
00000000000100000010011010001011
00000000000000001011111011010011
11111111111111111011101100010011
01111111111111111011111100010011
10111111111111111011111000010011
00111111111111111011100010010011
11011111111111111011100110010011
01011111111111111011100100010011
10011111111111111011110110010011
00011111111111111011110100010011
11101111111111111011101000010011
01101111111111111011110000010011
10101111111111111011101010010011
00101111111111111011110010010011
00000000000000001101010000000001
11001111111111111011111111010011
01001111111111111011110111100110
01111110101000000000011111001111
01110000000000001011110111100110
11001111111111111011111111000011
00000000000000001000001000000001
00101111111111111011110000000011
11001111111111111011111111010011
01001111111111111011110111100110
11010011001000000000011111001111
01110000000000001011110111100110
11001111111111111011111111000011
01101111111111111011110000000011
11101111111111111011101000000011
00011111111111111011111000000011
10101111111111111011111011000011
11001111111111111011111111010011
01001111111111111011110111100110
00000000000000001101100111000011
00000000000000000011111111011111
01110000000000001011110111100110
11001111111111111011111111000011
10011111111111111011101000000011
00101000000000000100010000000111
01101111111111111011110000000011
11101111111111111011111000000011
10111111111111111011100100000011
01011111111111111011110100000011
00011111111111111011101100000011
00111111111111111011111011000011
00000000000000000110000111000001
00000000000000000100001100000001
00000000000000001100001000000001
00000000000000000010011000000001
00000000000000001010000100000001
00000000000000000011110100000001
11001111111111111011111111010011
01001111111111111011110111100110
00000000000000001101100111000011
00000000000000000011111111011111
01110000000000001011110111100110
11001111111111111011111111000011
10011110001110000000000000001111
01101111111111111011110000000011
01011111111111111011111000000011
00000000000100001100000100001011
11011111111111111011111011000011
00000000000000000010010000000001
11001111111111111011111111010011
01001111111111111011110111100110
00000000000000001101100111000011
00000000000000000011111111011111
01110000000000001011110111100110
11001111111111111011111111000011
11111111111111111011110000000011
01111111111111111011111011000011
11001111111111111011111111010011
01001111111111111011110111100110
00000000000000001101100111000011
00000000000000000011111111011111
01110000000000001011110111100110
11001111111111111011111111000011
01101111111111111011110000000011
10000000000000001000010000100110
11101111111111111011101000000011
10111111111111111011111000000011
01011111111111111011100100000011
00011111111111111011110100000011
11111111111111111011101100000011
00000000000000001011111011000011
00000000000000001101100111000011
00000000000000000011100000011111
11000000000000001101111100000011
01000000000000001101100010000011
10000000000000001101110010000011
10000000000000001001001010000011
01000000000000000101010000010111
00000000000000001111100000011111
10000000000000001001010010000011
11111111111111111001010010100110
00000000000000001011111011010011
11111111111111111011110100010011
01111111111111111011101100010011
10111111111111111011100100010011
00111111111111111011111000010011
11011111111111111011101000010011
01011111111111111011110000010011
10011111111111111011111100010011
01000000000000001001010000010111
00010101001110000000000000001111
10000000000000001000010010100110
00000000000000001010011000000001
00000000000000001001001000000001
00000000000000000010010000000001
00000000000000000001011011000001
00011111111111111011111111010011
11101111111111111011110111100110
00000000000000001101100111000011
00000000000000000011111111011111
10010000000000001011110111100110
00011111111111111011111111000011
00000000000000000000010000100110
01011111111111111011101000000011
11011111111111111011111000000011
00111111111111111011100100000011
10111111111111111011110100000011
01111111111111111011101100000011
10011111111111111011111011000011
00011111111111111011111111010011
11101111111111111011110111100110
00000000000000001101100111000011
00000000000000000011111111011111
10010000000000001011110111100110
00011111111111111011111111000011
01011111111111111011110000000011
10000000000000001000010000100110
01000000000000000000001000100110
11111111111111111011111000000011
00011111111111111011110000010011
00000000000000001100010000000001
11101111111111111011111111010011
01101111111111111011110111100110
01011101001000000000011111001111
01010000000000001011110111100110
11101111111111111011111111000011
00000000000000001000010100000001
00011111111111111011110000000011
00111111111111111011101000000011
10111111111111111011111000000011
11011111111111111011100100000011
01111111111111111011101100000011
00000000000000001011111011000011
00000000000000001101100111000011
00000000000000000011100000011111
11000000000000000000010000100110
00000000000000000000000000101110
00000000000000000000000000111110
00000000000000001011100000110011
11111111111111111011110000010011
01111111111111111011111111010011
10111111111111111011110111100110
01011000100001000000011111001111
11000000000000001011110111100110
01111111111111111011111111000011
00000000000000001000001000000001
10100000000000000000010000100110
01111111111111111011111111010011
10111111111111111011110111100110
11010000100001000000011111001111
11000000000000001011110111100110
01111111111111111011111111000011
00000000000000001011100000100011
11111111111111111011101000000011
01111111111111111011110000010011
00000000000000000100010000000001
10111111111111111011111111010011
00111111111111111011110111100110
01011000100001000000011111001111
00100000000000001011110111100110
10111111111111111011111111000011
01111111111111111011101000000011
10000000000000000100010000010011
00000000000000001011100000100011
11111111111111111011110000000011
10111111111111111011111111010011
00111111111111111011110111100110
01011000100001000000011111001111
00100000000000001011110111100110
10111111111111111011111111000011
01111111111111111011101000000011
01000000000000000100010000010011
00000000000000001011100000100011
11111111111111111011110000000011
10111111111111111011111111010011
00111111111111111011110111100110
01011000100001000000011111001111
00100000000000001011110111100110
10111111111111111011111111000011
01111111111111111011101000000011
11000000000000000100010000010011
00000000000000001011100000100011
11111111111111111011110000000011
10111111111111111011111111010011
00111111111111111011110111100110
01011000100001000000011111001111
00100000000000001011110111100110
10111111111111111011111111000011
01111111111111111011101000000011
00100000000000000100010000010011
00000000000000000100010000000001
00000000000000001111100000011111
11000000000000000000010000100110
00000000000000000000000000101110
00000000000000000000000000111110
00000000000000001011111111010011
11111111111111111011110111100110
01011000100001000000011111001111
10000000000000001011110111100110
00000000000000001011111111000011
00000000000000001011110000010011
11111111111111111011111111010011
01111111111111111011110111100110
10010011001110000000011111001111
01000000000000001011110111100110
11111111111111111011111111000011
10100000000000000000001000100110
00000000000000000000011000100110
11111111111111111011110000010011
01111111111111111011111000010011
10111111111111111011101000010011
00000000000000000100010000000001
00000000000000001100001000000001
00111111111111111011111111010011
11011111111111111011110111100110
11010000100001000000011111001111
10100000000000001011110111100110
00111111111111111011111111000011
10111111111111111011101000000011
01111111111111111011111000000011
00111111111111111011110000010011
00000000000000000100010000000001
00000000000000001100001000000001
11011111111111111011111111010011
01011111111111111011110111100110
11010000100001000000011111001111
01100000000000001011110111100110
11011111111111111011111111000011
11011111111111111011110000010011
01011111111111111011111111010011
10011111111111111011110111100110
10010011001110000000011111001111
11100000000000001011110111100110
01011111111111111011111111000011
01011111111111111011110000010011
10011111111111111011111111010011
00011111111111111011110111100110
10010011001110000000011111001111
00010000000000001011110111100110
10011111111111111011111111000011
10000000000000000000001000100110
01111111111111111011111000000011
10011111111111111011110000010011
00000000000000000100010000000001
00000000000000001100001000000001
00011111111111111011111111010011
11101111111111111011110111100110
11010000100001000000011111001111
10010000000000001011110111100110
00011111111111111011111111000011
00011111111111111011110000010011
11101111111111111011111111010011
01101111111111111011110111100110
10010011001110000000011111001111
01010000000000001011110111100110
11101111111111111011111111000011
00000000000000000111101000000001
00010000000000000111101111100110
11100000000000000100010000010011
00011111111111111011110000000011
01100000000000000100010000010011
10011111111111111011110000000011
10100000000000000100010000010011
01011111111111111011110000000011
00100000000000000100010000010011
11011111111111111011110000000011
11000000000000000100010000010011
00111111111111111011110000000011
01000000000000000100010000010011
11111111111111111011110000000011
10000000000000000100010000010011
00000000000000001011110000000011
00000000000000000100010000010011
00000000000000000100010000000001
00000000000000001111100000011111
00000000000000000000011000100110
01110000000000001100001000010111
00000000000000001011101000010011
11111111111111111011110000010011
01111111111111111011111111010011
10111111111111111011110111100110
01000000101110000000011111001111
11000000000000001011110111100110
01111111111111111011111111000011
00000000000000001011101000000011
11111111111111111011111000000011
00000000000010001100010000011011
11111111111111110100001000100110
00000000000000001100010000000001
10101010101110000000000000001111
00000000000000001111100000011111
10000000000000001101110000000011
00000000000000001000001000000011
00000000000000001011110000010011
11111111111111111011101000010011
01111111111111111011111111010011
10111111111111111011110111100110
01000000101110000000011111001111
11000000000000001011110111100110
01111111111111111011111111000011
00000000000000001000001000000001
11111111111111111011110000000011
01111111111111111011111111010011
10111111111111111011110111100110
11010000100001000000011111001111
11000000000000001011110111100110
01111111111111111011111111000011
00000000000000001011101000000011
00000000000000000100001000000011
01111111111111110100001000100110
10101010101110000000000000001111
00000000000000001011100000110011
11111111111111111011111111010011
01111111111111111011110111100110
00011100001000000000011111001111
01000000000000001011110111100110
11111111111111111011111111000011
00000000000000001011110000100011
11111111111111111011100000110011
00000100000000001000000000000001
01111111111111111011111111010011
10111111111111111011110111100110
01100110001000000000011111001111
11000000000000001011110111100110
01111111111111111011111111000011
11111111111111111011110000100011
10100100000000001000000000100000
00000000000000001111100000011111
11000100000000000000000000100000
10110011001100110011001000101110
01110111100000000000001000111110
10000100000010000000000000100000
00110100000000000000000000100000
00000000000000000000001000101110
00111111100000000000001000111110
10100100000000000100001000100000
00000000000000001011100000110011
11111111111111111011110000110011
00000100000000000100000000000001
01111111111111111011111111010011
10111111111111111011110111100110
10000001001000000000011111001111
11000000000000001011110111100110
01111111111111111011111111000011
11111111111111111011110000100011
11000100000000001000000000100000
01111111111111111011111111010011
10111111111111111011110111100110
10011110101110000000011111001111
11000000000000001011110111100110
01111111111111111011111111000011
00000000000000001011110000100011
11000100000000001000000000100000
00000000000000001111100000011111
10000000000000001101100100000011
10100000000000000000010100100110
11111110000000001010010000010111
11000100000000000000001000100000
11000100000100001000011000100000
10000100000110000100001000100000
00000000000000000000011000101110
00111111100000000000011000111110
10000100000110000100001000100000
00110100000000000100001000100000
10100100000010000000000000100000
10100100000010001000010000100000
10100100000010001100001000100000
00000000000010000010010000001011
00000000000110001000001000001011
00000000000000001011110000010011
11111111111111111011111000010011
01111111111111111011101000110011
10111111111111111011110000110011
00111111111111111011100000110011
00000000000000000100010000000001
11011111111111111011111111010011
01011111111111111011110111100110
01001001101000000000011111001111
01100000000000001011110111100110
11011111111111111011111111000011
00111111111111111011100000100011
10111111111111111011110000100011
01111111111111111011101000100011
11011111111111111011111111010011
01011111111111111011110111100110
00000011001000000000011111001111
01100000000000001011110111100110
11011111111111111011111111000011
11111111111111111011110000000011
00010100000000001000001000100110
00000000000000001011111000000011
00000000000010001100001000001011
00000000000000000100010000000001
11011111111111111011111111010011
01011111111111111011110111100110
01001001101000000000011111001111
01100000000000001011110111100110
11011111111111111011111111000011
10111111111111111011100000100011
01110100000000000000001000100000
00111111111111111011110000100011
01111111111111111011111000100011
11011111111111111011101000110011
00000100000000001000000000000001
00000100000000001100010000000001
01011111111111111011111111010011
10011111111111111011110111100110
00000011001000000000011111001111
11100000000000001011110111100110
01011111111111111011111111000011
11111111111111111011110000000011
00001010000000001000001000100110
00000000000000001011111000000011
00000000000010001100001000001011
00000000000000000100010000000001
01011111111111111011111111010011
10011111111111111011110111100110
01001001101000000000011111001111
11100000000000001011110111100110
01011111111111111011111111000011
00111111111111111011100000100011
01110100000000000000010000100000
01111111111111111011101000100011
11011111111111111011111000100011
01011111111111111011110000110011
00000100000000000100000000000001
00000100000000001100001000000001
10011111111111111011111111010011
00011111111111111011110111100110
00000011001000000000011111001111
00010000000000001011110111100110
10011111111111111011111111000011
11111111111111111011110000000011
10000000000000001000001000100110
00000000000000001011111000000011
00000000000010001100001000001011
00000000000000000100010000000001
10011111111111111011111111010011
00011111111111111011110111100110
01001001101000000000011111001111
00010000000000001011110111100110
10011111111111111011111111000011
01111111111111111011100000100011
01110100000000000000001000100000
01011111111111111011100000100011
11011111111111111011110000100011
10011111111111111011101000110011
00011111111111111011111111010011
11101111111111111011110111100110
00000011001000000000011111001111
10010000000000001011110111100110
00011111111111111011111111000011
11111111111111111011110000000011
10010100000000001000001000100110
00000000000000001011111000000011
00000000000010001100001000001011
00000000000000000100010000000001
00011111111111111011111111010011
11101111111111111011110111100110
01001001101000000000011111001111
10010000000000001011110111100110
00011111111111111011111111000011
01011111111111111011100000100011
10011111111111111011110000100011
10111111111111111011101000100011
00011111111111111011111111010011
11101111111111111011110111100110
00000011001000000000011111001111
10010000000000001011110111100110
00011111111111111011111111000011
11111111111111111011110000000011
10001010000000001000010000100110
00000000000000001011101000000011
00000000000100000100010000001011
00011111111111111011111111010011
11101111111111111011110111100110
01001001101000000000011111001111
10010000000000001011110111100110
00011111111111111011111111000011
10011111111111111011100000100011
00111111111111111011110000100011
10111111111111111011101000100011
00000011001000000000000000001111
00011111111111111011101000110011
11111111111111111011111000010011
11101111111111111011101000010011
01101111111111111011111011010011
10101111111111111011111000110011
00101111111111111011110000010011
00000100000000001000000000000001
00000100000000000100010000000001
11001111111111111011111111010011
01001111111111111011110111100110
01010001101110000000011111001111
01110000000000001011110111100110
11001111111111111011111111000011
00101111111111111011110000000011
10000000000000001000010000100110
10101111111111111011110000100011
11001111111111111011100000110011
01001111111111111011110000010011
10001111111111111011111111010011
00001111111111111011110111100110
01010001101110000000011111001111
00001000000000001011110111100110
10001111111111111011111111000011
00000100000000000000010000000001
11001111111111111011100000100011
00011111111111111011101000100011
10101111111111111011111000100011
01001111111111111011110000000011
11101111111111111011101000000011
11111111111111111011111000000011
01101111111111111011111011000011
00000000000000001101100111000011
00000000000000000011100000011111
10000000000000001101100100000011
00000000000000000000010100100110
10100010000000001010010000010111
01010000000000001000010000010000
10110011001100110011001000101110
01001111100000000000001000111110
11000100000010001000010000100000
01100110011001100110001000101110
11011111100000000000001000111110
01000100000010001000001000100000
00000000000000000000011000101110
00000000000000000000011000111110
00000000000000001011111011010011
11111111111111111011110000010011
01111111111111111011100000110011
10111111111111111011111000110011
00111111111111111011101000010011
11011111111111111011110100010011
01011111111111111011100100010011
10011111111111111011111000010011
00011111111111111011110000110011
00000000000000001010010000000001
00000000000000000010011011000001
00000100000000001100010000000001
00000100000000001100011111000001
00000100000000000000011000000001
00000100000000001111100000000001
11101111111111111011111111010011
01101111111111111011110111100110
00000000000000001101100111000011
00000000000000000011111111011111
01010000000000001011110111100110
11101111111111111011111111000011
10110011001100110011000000101110
01110111100000000000000000111110
00011111111111111011110000100011
10000100000000001000001000100000
10011111111111111011110000000011
01000000000000001000011000100110
10111111111111111011100000100011
01111111111111111011111000100011
11011111111111111011101000000011
00111111111111111011100100000011
01011111111111111011111011000011
00000000000000000100010000000001
00000000000000000010001000000001
00000100000000000000010000000001
11101111111111111011111111010011
01101111111111111011110111100110
00000000000000001101100111000011
00000000000000000011111111011111
01010000000000001011110111100110
11101111111111111011111111000011
10000000000000000000001000100110
11111111111111111011110000000011
11111111111111111000010000100110
00111111111111111011111000000011
11101111111111111011110000010011
00000000000000001100010000000001
01101111111111111011111111010011
10101111111111111011110111100110
01011101001000000000011111001111
11010000000000001011110111100110
01101111111111111011111111000011
00000000000000001000001000000001
01111111111111111011100000100011
11101111111111111011110000000011
10011111111111111011111000000011
00000000000000001011111011000011
00000000000000001101100111000011
00000000000000000011100000011111
00000000000000001111100000011111
10000000000000001101100100000011
00000000000000000000010100100110
11100100000000001010010000010111
01010000000000001000000000010000
10110011001100110011010000101110
01001111100000000000010000111110
11000100000100000000000000100000
01100110011001100110010000101110
11011111100000000000010000111110
01000100000100000000000000100000
00100000000000000000010100100110
00000000000000001011111011010011
11111111111111111011111000010011
01111111111111111011101000010011
10111111111111111011110000010011
00000000000000001010010000000001
00000000000000000010011011000001
00111111111111111011111111010011
11011111111111111011110111100110
00000000000000001101100111000011
00000000000000000011111111011111
10100000000000001011110111100110
00111111111111111011111111000011
10111111111111111011110000000011
11111111111111111000010000100110
01000000000000000000001000100110
01111111111111111011111000000011
00111111111111111011110000010011
00000000000000001100010000000001
11011111111111111011111111010011
01011111111111111011110111100110
01011101001000000000011111001111
01100000000000001011110111100110
11011111111111111011111111000011
00000000000000001000001000000001
11111111111111111011110000000011
00100000000000001000011000100110
00111111111111111011110000000011
00000000000000001011111011000011
00000000000000001101100111000011
00000000000000000011100000011111
00000000000000001111100000011111
10000000000000001101110000000011
11000000000000000000001000100110
00000000000000000000000000101110
00000000000000000000000000111110
00000000000000001011110000010011
00000000000000000100010000000001
11111111111111111011111111010011
01111111111111111011110111100110
01011000100001000000011111001111
01000000000000001011110111100110
11111111111111111011111111000011
00000000000000001000001000000001
00000000000000001011110000000011
00000000000000001000010000000011
11111111111111111011101000010011
01111111111111111011111111010011
10111111111111111011110111100110
11010000100001000000011111001111
11000000000000001011110111100110
01111111111111111011111111000011
00000000000000000111101000000001
01000000000000000111101111100110
10000000000000000100010000010011
11111111111111111011110000000011
00000000000000000100010000010011
00000000000000000100010000000001
00000000000000001111100000011111
10000000000000001101111000000011
00000000000000000000000100100110
11001000000000000010001000010111
00000000000000001011111011010011
11111111111111111011101000010011
01111111111111111011110000010011
00000000000000001100011011000001
10111111111111111011111111010011
00111111111111111011110111100110
00000000000000001101100111000011
00000000000000000011111111011111
00100000000000001011110111100110
10111111111111111011111111000011
11111111111111111011101000000011
01111111111111111011111000000011
00000000000010001100010000011011
11111111111111110100001000100110
00000000000000001011111011000011
00000000000000001100010000000001
00000000000000001101100111000011
00000000000000000011100000011111
00000000000000001111100000011111
11000000000000001101101000000011
01000000000000001101111000000011
10000000000000001101100100000011
00000000000000000000010100100110
11100100000000001010010000010111
00011110000000000000010100100110
00000000000000001011111011010011
11111111111111111011111000010011
01111111111111111011110000010011
10111111111111111011101000010011
00111111111111111011110100010011
00000000000000000010011011000001
11011111111111111011111111010011
01011111111111111011110111100110
00000000000000001101100111000011
00000000000000000011111111011111
01100000000000001011110111100110
11011111111111111011111111000011
00000000000000001000001000000001
00111111111111111011110000000011
11011111111111111011111111010011
01011111111111111011110111100110
11010000100001000000011111001111
01100000000000001011110111100110
11011111111111111011111111000011
01111111111111111011101000000011
10111111111111111011111000000011
00000000000010001100010000011011
00000000000010001100010000001011
01101110000000000000011000100110
11111111111111111011111011000011
00000000000000001100001000000001
11011111111111111011111111010011
01011111111111111011110111100110
00000000000000001101100111000011
00000000000000000011111111011111
01100000000000001011110111100110
11011111111111111011111111000011
01111111111111111011110000000011
11111111111111111000010000100110
00000000000000001011111011000011
00000000000000001101100111000011
00000000000000000011100000011111
00000000000000001111100000011111
10000000000000001101111000000011
00000000000000000000000100100110
11001000000000000010001000010111
00000000000010001000000100001011
00000000000000001011110000010011
11111111111111111011111011010011
01111111111111111011101000010011
00000000000000000010010000000001
00000000000000001100011011000001
10111111111111111011111111010011
00111111111111111011110111100110
00000000000000001101100111000011
00000000000000000011111111011111
00100000000000001011110111100110
10111111111111111011111111000011
01111111111111111011110000000011
11111111111111111000001000100110
00000000000000001011110000000011
11111111111111111011111011000011
00000000000000001101100111000011
00000000000000000011100000011111
00000000000000001111100000011111
01000000000000001101101000000011
10000000000000001101111000000011
00000000000000000000000100100110
11001000000000000010010000010111
00000000000100001100011000001011
11101110000000000000000100100110
00000000000000001011111011010011
11111111111111111011110000010011
00000000000000001100010000000001
00000000000000000100011011000001
00000000000000000010001000000001
01111111111111111011111111010011
10111111111111111011110111100110
00000000000000001101100111000011
00000000000000000011111111011111
11000000000000001011110111100110
01111111111111111011111111000011
11111111111111111011110000000011
11111111111111111000010000100110
00000000000000001011111011000011
00000000000000001101100111000011
00000000000000000011100000011111
00000000000000001111100000011111
11000000000000001101110000000011
01000000000000001101101000000011
10000000000000001101111000000011
00100000000000000000000100100110
00000000000000001011100100010011
11111111111111111011110000010011
01111111111111111011111000010011
00000000000000000010010000000001
00000000000000000100011011000001
10111111111111111011111111010011
00111111111111111011110111100110
00000000000000001101100111000011
00000000000000000011111111011111
00100000000000001011110111100110
10111111111111111011111111000011
10010000000000000000010000100110
00000000000000000000001000100110
01111111111111111011111011000011
00000000000000000100011000000001
10111111111111111011111111010011
00111111111111111011110111100110
00000000000000001101100111000011
00000000000000000011111111011111
00100000000000001011110111100110
10111111111111111011111111000011
00000000000000001011110000000011
11111111111111111011111011000011
00000000000000001101100111000011
00000000000000000011100000011111
11000000000000001101111000000011
01000000000000001101100100000011
10000000000000001101111011000011
00000000000000001011110000010011
11111111111111111011100100010011
01111111111111111011101000010011
10111111111111111011100000110011
00111111111111111011111000010011
11011111111111111011111000110011
01011111111111111011101000110011
10011111111111111011110000110011
00011111111111111011111111010011
11101111111111111011110111100110
00000000000000001101100111000011
00000000000000000011111111011111
10010000000000001011110111100110
00011111111111111011111111000011
00011111111111111011110000010011
11101111111111111011111111010011
01101111111111111011110111100110
01001001101000000000011111001111
01010000000000001011110111100110
11101111111111111011111111000011
10011111111111111011100000100011
01011111111111111011110000100011
11011111111111111011101000100011
11101111111111111011111111010011
01101111111111111011110111100110
00000011001000000000011111001111
01010000000000001011110111100110
11101111111111111011111111000011
00011111111111111011110000000011
00111111111111111011111011000011
11101111111111111011111111010011
01101111111111111011110111100110
00000000000000001101100111000011
00000000000000000011111111011111
01010000000000001011110111100110
11101111111111111011111111000011
00000000000000000111110000000001
11000000000000000111101111100110
10111111111111111011100000100011
01000000000000001000000000110011
00011111111111111011101000000011
10000000000000001000001000010011
01111111111111111011101000000011
00000000000000001000001000010011
00000000000000001011101000000011
11111111111111111011111000000011
00000000000010001100010000011011
00000000000000001111100000011111
11000000000000001101111000000011
01000000000000001101100100000011
10000000000000001101110100000011
01000000000000001000010000001010
00000000000000001100001100000011
00000000000000000000000000101110
00111111100000000000000000111110
00000000000000001011111000010011
11111111111111111011101100010011
01111111111111111011110100010011
10111111111111111011110000010011
00111111111111111011100100010011
11011111111111111011100000110011
00000000000000000100010000000001
01011111111111111011111111010011
10011111111111111011110111100110
00100110101000000000011111001111
11100000000000001011110111100110
01011111111111111011111111000011
11011111111111111011110000100011
01000100000000001000000000100000
00111111111111111011110000100011
00000000000000001000001000100011
01110100000000000100001000100000
10000000000000001000011000100011
01110100000000001100011000100000
01000000000000001000000100100011
01110100000000000010000100100000
10111111111111111011110000000011
10000000000000001000001000100110
00000000000000001000010100100011
11111111111111111011111000000011
01111111111111111011111011000011
01011111111111111011111000110011
10011111111111111011100100110011
00011111111111111011101000110011
11101111111111111011100000110011
00000000000000001100010000000001
00000100000000001100001000000001
00000100000000001010010000000001
00000100000000000010011000000001
01101111111111111011111111010011
10101111111111111011110111100110
00000000000000001101100111000011
00000000000000000011111111011111
11010000000000001011110111100110
01101111111111111011111111000011
11111111111111111011110000000011
10000000000000001000001000100110
10111111111111111011111000000011
01000000000000001100000100100110
00111111111111111011100000100011
10000000000000000000001000100011
11101111111111111011110000100011
00011111111111111011111000100011
10011111111111111011100100100011
01111111111111111011111011000011
00000000000000000100010000000001
00000000000000000010001000000001
00000100000000001000000000000001
00000100000000001100010000000001
00000100000000000010011000000001
01101111111111111011111111010011
10101111111111111011110111100110
00000000000000001101100111000011
00000000000000000011111111011111
11010000000000001011110111100110
01101111111111111011111111000011
11111111111111111011110000000011
01000000000000001000001000100110
10111111111111111011111000000011
11000000000000001100011000100110
00111111111111111011100000100011
01000000000000000000011000100011
11101111111111111011100000100011
00011111111111111011110000100011
01011111111111111011101000100011
01111111111111111011111011000011
00000000000000000100010000000001
00000000000000001100001000000001
01101111111111111011111111010011
10101111111111111011110111100110
00000000000000001101100111000011
00000000000000000011111111011111
11010000000000001011110111100110
01101111111111111011111111000011
11111111111111111011110000000011
11000000000000001000010000100110
00000000000000001011101000000011
00000000000000000100010000010011
00000000000000001111100000011111
11000000000000001101111000000011
01000000000000001101100100000011
10000000000000001101110100000011
01000000000000001000010000001010
10000000000000001000010000100110
00000000000000001100001100000011
00000000000000000000000000101110
00111111100000000000000000111110
00000000000000001011111000010011
11111111111111111011110000010011
01111111111111111011101100010011
10111111111111111011110100010011
00111111111111111011100100010011
11011111111111111011101000010011
01011111111111111011100000110011
00000000000000000100010000000001
10011111111111111011111111010011
00011111111111111011110111100110
00100110101000000000011111001111
00010000000000001011110111100110
10011111111111111011111111000011
01011111111111111011110000100011
01000100000000001000000000100000
11011111111111111011110000000011
10011111111111111011100000110011
00011111111111111011111111010011
11101111111111111011110111100110
10011010101000000000011111001111
10010000000000001011110111100110
00011111111111111011111111000011
00000000000000001000001000000001
00111111111111111011110000000011
00011111111111111011111111010011
11101111111111111011110111100110
11101111001000000000011111001111
10010000000000001011110111100110
00011111111111111011111111000011
00000000000000000000010000101110
00000000010000000000010000111110
11011111111111111011110000000011
00011111111111111011100000110011
11101111111111111011110000110011
01101111111111111011111111010011
10101111111111111011110111100110
00001010101000000000011111001111
11010000000000001011110111100110
01101111111111111011111111000011
11101111111111111011110000100011
11000100000000001000000000100000
00011111111111111011101000100011
11000100000010000000000000100000
00111111111111111011111000100011
00000000000000001100000100100011
01000100000001000000000000100000
11011111111111111011110000000011
01101111111111111011100000110011
10101111111111111011111111010011
00101111111111111011110111100110
11001010101000000000011111001111
00110000000000001011110111100110
10101111111111111011111111000011
11101111111111111011110000100011
11000100000000001000000000100000
00011111111111111011101000100011
11000100000010000000000000100000
00111111111111111011111000100011
10000000000000001100000100100011
01000100000001000000000000100000
11011111111111111011110000000011
10101111111111111011100000110011
00101111111111111011111111010011
11001111111111111011110111100110
01101010101000000000011111001111
10110000000000001011110111100110
00101111111111111011111111000011
11101111111111111011110000100011
11000100000000001000000000100000
00011111111111111011110000100011
11000100000100000000000000100000
00111111111111111011110000100011
01000000000000001000010000100011
01000100000100000000011000100000
10011111111111111011100000100011
01101111111111111011110000100011
10101111111111111011101000100011
01111111111111111011110000000011
11111111111111111011101000000011
10111111111111111011111011000011
00101111111111111011111111010011
11001111111111111011110111100110
00000000000000001101100111000011
00000000000000000011111111011111
10110000000000001011110111100110
00101111111111111011111111000011
01111111111111111011110000000011
10000000000000001000010000100110
00000000000000001011101000000011
00000000000000000100010000010011
00000000000000001111100000011111
11000000000000001101101000000011
01000000000000001101111000000011
10000000000000001101100100000011
00000000000000000000010100100110
10001100000000001010010000010111
00000000000100000010000100001011
00000000000000001011101000010011
11111111111111111011110000010011
01111111111111111011111000010011
10111111111111111011100100010011
00000000000000000010010000000001
00111111111111111011111111010011
11011111111111111011110111100110
01010010101000000000011111001111
10100000000000001011110111100110
00111111111111111011111111000011
01000000000000000000001000100110
01000000000000000100010000000111
00000000000000001111100000011111
00000000000000000000000000101110
00111111100000000000000000111110
10111111111111111011110000000011
00111111111111111011101000010011
11011111111111111011100000110011
01011111111111111011111111010011
10011111111111111011110111100110
00100110101000000000011111001111
11100000000000001011110111100110
01011111111111111011111111000011
11011111111111111011110000100011
01000000000000001000000000110111
00000000000000001111100000011111
10111111111111111011110000000011
01011111111111111011111111010011
10011111111111111011110111100110
00010010101000000000011111001111
11100000000000001011110111100110
01011111111111111011111111000011
10000000000000000000001000100110
10010000000000000100010000000111
00111111111111111011101000000011
01000000000000000100010000000111
00000000000000001111100000011111
11111111111111111011110000000011
10111111111111111011101000000011
00000000000000001011111011000011
00000000000000001101100111000011
00000000000000000011100000011111
11111111111111111011110000000011
10111111111111111011101000000011
01111111111111111011111011000011
00000000000000001101100111000011
00000000000000000011100000011111
00000000000000001111100000011111
01110000000000001101100100000011
10110000000000001101110100000011
00110000000000001101101100000011
11010000000000001101111100000011
01010000000000001101100010000011
10010000000000001101110010000011
00010000000000001101101010000011
11100000000000001101111010000011
01100000000000001101100110000011
10100000000000001101110110000011
00100000000000001101101110000011
11000000000000001101111110000011
01000000000000001101100001000011
10000000000000001101111011000011
00000000000000000000010001100110
00000000000000001111010000010011
10000000000000001111001000010011
10000000000000001000011110111010
00000000000000000000111110010011
10000000000000000100001000111010
10000000000000000000101000010011
00000000000000000000000000101110
00011000010000000000000000111110
01010000000000001000010000010000
10100100000100000000000000100000
00000000000000001110000000110011
00000000000000001011100010010011
11111111111111111011110001010011
01111111111111111011101010010011
10111111111111111011110100010011
00111111111111111011111010010011
11011111111111111011101100010011
01011111111111111011110110010011
10011111111111111011100110010011
00011111111111111011101110010011
11101111111111111011111000010011
01101111111111111011100100010011
10101111111111111011110010010011
00101111111111111011111011010011
11001111111111111011111111010011
01001111111111111011110111100110
00000000000000001101100111000011
00000000000000000011111111011111
01110000000000001011110111100110
11001111111111111011111111000011
00101111111111111011111011000011
11001111111111111011110000010011
01001111111111111011111111010011
10001111111111111011110111100110
00000000000000001101100111000011
00000000000000000011111111011111
11110000000000001011110111100110
01001111111111111011111111000011
00101111111111111011111011000011
01001111111111111011110000010011
10001111111111111011111111010011
00001111111111111011110111100110
00000000000000001101100111000011
00000000000000000011111111011111
00001000000000001011110111100110
10001111111111111011111111000011
10101111111111111011111011000011
10001111111111111011110000010011
00001111111111111011111111010011
11110111111111111011110111100110
00000000000000001101100111000011
00000000000000000011111111011111
10001000000000001011110111100110
00001111111111111011111111000011
11101111111111111011110000000011
01101111111111111011111011000011
00001111111111111011111111010011
11110111111111111011110111100110
00000000000000001101100111000011
00000000000000000011111111011111
10001000000000001011110111100110
00001111111111111011111111000011
00011111111111111011111011000011
00001111111111111011111111010011
11110111111111111011110111100110
00000000000000001101100111000011
00000000000000000011111111011111
10001000000000001011110111100110
00001111111111111011111111000011
10011111111111111011110000000011
00001111111111111011111111010011
11110111111111111011110111100110
01001001101000000000011111001111
10001000000000001011110111100110
00001111111111111011111111000011
01011111111111111011101000000011
00001111111111111011111111010011
11110111111111111011110111100110
11010011001000000000011111001111
10001000000000001011110111100110
00001111111111111011111111000011
10011111111111111011110000000011
11011111111111111011111011000011
00001111111111111011111111010011
11110111111111111011110111100110
00000000000000001101100111000011
00000000000000000011111111011111
10001000000000001011110111100110
00001111111111111011111111000011
00111111111111111011110000000011
00000000000000001000010000000011
11111111111111111000010000100110
10111111111111111011111011000011
00001111111111111011111111010011
11110111111111111011110111100110
00000000000000001101100111000011
00000000000000000011111111011111
10001000000000001011110111100110
00001111111111111011111111000011
01001111111111111011110000000011
11111111111111111011101000000011
01111111111111111011111011000011
00000000000000000100011000000001
00001111111111111011111111010011
11110111111111111011110111100110
00000000000000001101100111000011
00000000000000000011111111011111
10001000000000001011110111100110
00001111111111111011111111000011
01000000000000000000010100100110
11111111111111111011110000000011
11001111111111111011101000000011
01001111111111111011111000000011
10001111111111111011100100000011
11101111111111111011101100000011
00000000000000001011111011000011
00000000000000001101100111000011
00000000000000000011100000011111
00000000000000001011111111010011
11111111111111111011110000010011
01111111111111111011110111100110
10101000100001000000011111001111
01000000000000001011110111100110
00000000000000001011111111000011
11111111111111111011101000000011
00000000000000000111110000000001
10000000000010000111101111100000
00000000000000001111100000011111
01000000000000001000000000010111
00000000000000001111100000011111
11111111111111111000010000100110
00000000000100000111101000011011
10101000100001000000000000001111
00000000000000001011111111010011
11111111111111111011110000010011
01111111111111111011110111100110
00100100100001000000011111001111
01000000000000001011110111100110
00000000000000001011111111000011
11111111111111111011101000000011
00000000000000000111110000000001
10000000000010000111101111100000
00000000000000001111100000011111
01000000000000001000000000010111
00000000000000001111100000011111
11111111111111111000010000100110
00000000000100000111100000111011
00100100100001000000000000001111
